arm,tag,seed,step,stable,violations,loss,cost_usd,epsilon,sigma,bond_length_nm,bond_k,angle_deg,angle_k
"GP (tuned), random warm-up",gp_tuned,0,1,False,blowup,,0.002319,5.149912,0.423525,0.371589,5144.609737,139.238551,60.735348
"GP (tuned), random warm-up",gp_tuned,0,2,False,min_image,,0.0,4.343656,0.418069,0.295995,2599.594858,159.427483,53.922443
"GP (tuned), random warm-up",gp_tuned,0,3,False,blowup,,0.002627,1.982455,0.427915,0.294722,4885.100211,129.445361,103.437532
"GP (tuned), random warm-up",gp_tuned,0,4,True,,1.8802365147230462,0.043935,6.310309,0.298004,0.29472,1443.461123,150.007227,36.399801
"GP (tuned), random warm-up",gp_tuned,0,5,True,,4.741899086096762,0.04575,2.55625,0.345703,0.38052,2919.719944,138.241028,135.840545
"GP (tuned), random warm-up",gp_tuned,0,6,False,blowup,,0.002463,2.196367,0.340886,0.350137,3803.851745,110.879487,10.571687
"GP (tuned), random warm-up",gp_tuned,0,7,False,blowup,,0.003035,5.445412,0.449201,0.31637,2720.464094,125.096263,95.408965
"GP (tuned), random warm-up",gp_tuned,0,8,False,blowup,,0.002324,6.448418,0.441427,0.332505,476.001159,139.170379,102.680646
"GP (tuned), random warm-up",gp_tuned,0,9,True,,0.8432199249913124,0.045806,1.390003,0.356697,0.203998,2873.581159,173.060739,57.119447
"GP (tuned), random warm-up",gp_tuned,0,10,False,blowup,,0.002297,7.427648,0.31686,0.313038,5244.574343,128.352051,137.924828
"GP (tuned), random warm-up",gp_tuned,0,11,True,,6.593046579790314,0.042234,8.0,0.425414,0.2,6000.0,175.0,5.0
"GP (tuned), random warm-up",gp_tuned,0,12,False,min_image,,0.0,4.126698,0.437515,0.29702,2792.083627,155.895906,56.91143
"GP (tuned), random warm-up",gp_tuned,0,13,False,blowup,,0.002493,2.052689,0.429567,0.285749,4819.788861,138.644564,95.142899
"GP (tuned), random warm-up",gp_tuned,0,14,False,blowup,,0.002329,5.359927,0.423906,0.367518,5293.737799,140.550519,53.321798
"GP (tuned), random warm-up",gp_tuned,0,15,False,blowup,,0.002537,1.967972,0.414962,0.289095,4889.893776,131.688109,100.29445
"GP (tuned), random warm-up",gp_tuned,0,16,False,blowup,,0.00233,7.369401,0.317686,0.312564,4451.991958,124.445825,147.337523
"GP (tuned), random warm-up",gp_tuned,0,17,False,blowup,,0.002643,5.288175,0.45,0.292701,980.533956,113.478109,125.71114
"GP (tuned), random warm-up",gp_tuned,0,18,False,blowup,,0.00235,6.360374,0.45,0.339885,2486.463827,148.933633,78.078325
"GP (tuned), random warm-up",gp_tuned,0,19,False,blowup,,0.002452,2.337951,0.372148,0.4,3050.369899,93.159748,5.0
"GP (tuned), random warm-up",gp_tuned,0,20,True,,1.165013741235983,0.045882,1.306038,0.378887,0.2,4272.723886,175.0,5.0
"GP (tuned), random warm-up",gp_tuned,0,21,False,blowup,,0.00278,2.091104,0.386455,0.31602,4319.334047,122.020265,78.056062
"GP (tuned), random warm-up",gp_tuned,0,22,False,min_image,,0.0,2.927165,0.28,0.4,6000.0,80.0,5.0
"GP (tuned), random warm-up",gp_tuned,0,23,False,blowup,,0.003444,2.294585,0.28,0.2,6000.0,175.0,68.522627
"GP (tuned), random warm-up",gp_tuned,0,24,False,min_image,,0.0,3.577096,0.45,0.2,6000.0,161.640748,49.652787
"GP (tuned), random warm-up",gp_tuned,0,25,True,,0.8496812764313904,0.045128,2.278047,0.36695,0.209991,6000.0,146.496551,150.0
"GP (tuned), random warm-up",gp_tuned,0,26,False,blowup,,0.002448,2.093025,0.3662,0.399509,3304.733254,98.789398,5.0
"GP (tuned), random warm-up",gp_tuned,0,27,False,blowup,,0.003081,3.405708,0.28,0.2,5124.238753,172.065824,5.0
"GP (tuned), random warm-up",gp_tuned,0,28,False,min_image,,0.0,4.262201,0.389548,0.232629,5939.931178,173.08011,5.0
"GP (tuned), random warm-up",gp_tuned,0,29,False,blowup,,0.003367,2.049188,0.28,0.2,6000.0,175.0,83.336403
"GP (tuned), random warm-up",gp_tuned,0,30,False,blowup,,0.00238,2.218571,0.45,0.2,6000.0,175.0,150.0
"GP (tuned), random warm-up",gp_tuned,0,31,False,min_image,,0.0,3.811953,0.45,0.323829,400.0,103.103467,5.0
"GP (tuned), random warm-up",gp_tuned,0,32,False,blowup,,0.002454,4.744321,0.45,0.4,400.0,163.81198,30.887132
"GP (tuned), random warm-up",gp_tuned,0,33,False,min_image,,0.0,5.973977,0.45,0.339399,400.0,175.0,150.0
"GP (tuned), random warm-up",gp_tuned,0,34,False,blowup,,0.002464,7.070121,0.45,0.4,6000.0,91.109402,150.0
"GP (tuned), random warm-up",gp_tuned,0,35,False,blowup,,0.002313,5.275015,0.45,0.4,5966.585909,138.130709,8.083086
"GP (tuned), random warm-up",gp_tuned,0,36,True,,2.566741836858006,0.046198,2.270449,0.3913,0.251851,3700.543273,136.235873,5.0
"GP (tuned), random warm-up",gp_tuned,0,37,False,blowup,,0.002422,2.156583,0.45,0.293883,4401.775156,139.149068,95.116188
"GP (tuned), random warm-up",gp_tuned,0,38,False,blowup,,0.002417,6.442125,0.45,0.343164,2705.798153,158.846386,95.775984
"GP (tuned), random warm-up",gp_tuned,0,39,False,blowup,,0.00236,7.384543,0.35267,0.319616,5583.591297,131.643535,140.627865
"GP (tuned), random warm-up",gp_tuned,0,40,False,min_image,,0.0,3.830679,0.45,0.330873,781.329458,104.59729,9.845036
"GP (tuned), random warm-up",gp_tuned,0,41,False,blowup,,0.002506,2.04882,0.409949,0.311848,4715.414081,125.941217,75.859716
"GP (tuned), random warm-up",gp_tuned,0,42,False,blowup,,0.002416,6.05624,0.438507,0.327131,400.0,143.476115,138.876872
"GP (tuned), random warm-up",gp_tuned,0,43,True,,2.059235270249845,0.047079,2.225225,0.328877,0.362123,2860.993718,98.270134,5.0
"GP (tuned), random warm-up",gp_tuned,0,44,False,blowup,,0.002657,2.196806,0.340654,0.348831,4097.256277,111.651965,9.884964
"GP (tuned), random warm-up",gp_tuned,0,45,False,blowup,,0.002363,5.066619,0.409937,0.292641,3949.589467,106.852061,124.532931
"GP (tuned), random warm-up",gp_tuned,0,46,False,min_image,,0.0,1.984064,0.287378,0.4,5867.571041,125.64097,46.814108
"GP (tuned), random warm-up",gp_tuned,0,47,True,,3.6697142499204705,0.045994,5.102654,0.419703,0.292831,1152.478169,114.896214,102.336095
"GP (tuned), random warm-up",gp_tuned,0,48,True,,1.3432764218716688,0.046136,3.896889,0.330018,0.210132,3093.582292,144.035333,150.0
"GP (tuned), random warm-up",gp_tuned,0,49,False,blowup,,0.002436,1.976214,0.437028,0.320613,5709.060006,137.695013,112.813197
"GP (tuned), random warm-up",gp_tuned,0,50,False,min_image,,0.0,4.517486,0.40977,0.300363,2307.354343,160.862105,60.835747
"GP (tuned), random warm-up",gp_tuned,0,51,False,blowup,,0.00238,1.0,0.353519,0.4,6000.0,108.546301,150.0
"GP (tuned), random warm-up",gp_tuned,0,52,False,blowup,,0.002497,1.951464,0.314877,0.391769,5221.354704,121.258024,79.561309
"GP (tuned), random warm-up",gp_tuned,0,53,False,min_image,,0.0,4.572814,0.381313,0.240622,6000.0,173.637825,32.223921
"GP (tuned), random warm-up",gp_tuned,0,54,True,,1.5062544567378875,0.047934,2.191237,0.343403,0.335045,3869.124558,117.029516,19.394222
"GP (tuned), random warm-up",gp_tuned,0,55,False,blowup,,0.002398,7.935113,0.420102,0.380825,6000.0,122.944166,5.0
"GP (tuned), random warm-up",gp_tuned,0,56,True,,2.8102567497167925,0.045334,5.310768,0.415922,0.292867,5303.476343,85.963359,129.893633
"GP (tuned), random warm-up",gp_tuned,0,57,False,blowup,,0.002421,6.551042,0.402457,0.367398,400.0,139.904679,122.932874
"GP (tuned), random warm-up",gp_tuned,0,58,False,blowup,,0.002497,6.756747,0.45,0.386858,3568.026829,175.0,141.165854
"GP (tuned), random warm-up",gp_tuned,0,59,False,blowup,,0.00234,6.590839,0.45,0.294075,400.0,170.171406,104.027689
"GP (tuned), random warm-up",gp_tuned,0,60,False,blowup,,0.002492,2.003805,0.442592,0.313407,5324.210752,130.52435,124.769539
"GP (tuned), random warm-up",gp_tuned,0,61,False,blowup,,0.002404,5.303707,0.44247,0.292861,644.310599,165.498786,105.884533
"GP (tuned), random warm-up",gp_tuned,0,62,False,blowup,,0.002914,1.0,0.31965,0.4,453.56163,175.0,5.0
"GP (tuned), random warm-up",gp_tuned,0,63,False,blowup,,0.002591,5.606538,0.292657,0.320616,400.0,141.494947,98.524938
"GP (tuned), random warm-up",gp_tuned,0,64,False,blowup,,0.002663,2.146672,0.298877,0.331237,4927.865449,94.573826,101.630151
"GP (tuned), random warm-up",gp_tuned,0,65,False,blowup,,0.002556,7.018488,0.449844,0.4,3969.274945,152.063873,5.0
"GP (tuned), random warm-up",gp_tuned,0,66,False,blowup,,0.002472,5.122722,0.415846,0.312841,2682.024294,150.805101,107.831523
"GP (tuned), random warm-up",gp_tuned,0,67,False,blowup,,0.002432,5.770237,0.44607,0.308413,807.930149,152.780558,108.912689
"GP (tuned), random warm-up",gp_tuned,0,68,False,blowup,,0.002507,2.092234,0.442382,0.31004,5288.190996,140.742213,127.580515
"GP (tuned), random warm-up",gp_tuned,0,69,False,blowup,,0.002592,2.3144,0.402641,0.396749,3807.004978,110.027573,11.166104
"GP (tuned), random warm-up",gp_tuned,0,70,False,blowup,,0.00254,5.730112,0.398349,0.320894,811.991646,155.975589,103.522507
"GP (tuned), random warm-up",gp_tuned,0,71,False,min_image,,0.0,4.19641,0.344862,0.23961,6000.0,175.0,61.718579
"GP (tuned), random warm-up",gp_tuned,0,72,False,blowup,,0.002465,5.808359,0.45,0.383274,5097.756252,156.98631,36.608323
"GP (tuned), random warm-up",gp_tuned,0,73,False,blowup,,0.002626,2.217002,0.326644,0.349758,4868.673629,99.462571,53.128758
"GP (tuned), random warm-up",gp_tuned,0,74,False,blowup,,0.002535,2.033132,0.438302,0.308824,5315.964043,137.247984,130.288308
"GP (tuned), random warm-up",gp_tuned,0,75,False,blowup,,0.004615,5.329272,0.361666,0.292875,688.681352,106.756018,90.643662
"GP (tuned), random warm-up",gp_tuned,0,76,False,blowup,,0.00399,5.338475,0.411788,0.292855,400.0,149.076417,70.048247
"GP (tuned), random warm-up",gp_tuned,0,77,False,blowup,,0.002603,2.385998,0.345145,0.351912,3908.563913,113.541834,19.594737
"GP (tuned), random warm-up",gp_tuned,0,78,False,blowup,,0.002565,2.426909,0.357432,0.362762,4401.171524,110.813628,32.590519
"GP (tuned), random warm-up",gp_tuned,0,79,False,blowup,,0.002634,2.126426,0.308863,0.330271,5065.399891,110.196863,132.240548
"GP (tuned), random warm-up",gp_tuned,0,80,False,blowup,,0.002549,2.260513,0.355602,0.361872,4595.91745,98.973221,22.970324
"GP (tuned), random warm-up",gp_tuned,0,81,False,blowup,,0.00261,7.101415,0.373684,0.388891,3594.947961,150.575782,41.087467
"GP (tuned), random warm-up",gp_tuned,0,82,False,blowup,,0.005504,4.772448,0.323556,0.239525,6000.0,116.583931,113.431194
"GP (tuned), random warm-up",gp_tuned,0,83,False,blowup,,0.002486,5.383653,0.447058,0.370336,5237.699986,149.268109,40.725962
"GP (tuned), random warm-up",gp_tuned,0,84,False,blowup,,0.002671,2.052028,0.341163,0.350722,4014.920902,100.125232,5.0
"GP (tuned), random warm-up",gp_tuned,0,85,True,,1.7952660540068874,0.049578,1.109198,0.381406,0.212049,6000.0,171.056503,121.657576
"GP (tuned), random warm-up",gp_tuned,0,86,False,blowup,,0.002539,2.254711,0.384981,0.35699,4059.499057,117.274861,66.225521
"GP (tuned), random warm-up",gp_tuned,0,87,False,blowup,,0.002582,5.640108,0.45,0.318167,2152.103433,121.333519,114.008963
"GP (tuned), random warm-up",gp_tuned,0,88,False,blowup,,0.002614,2.27179,0.339974,0.353718,4247.350164,109.135965,43.912153
"GP (tuned), random warm-up",gp_tuned,0,89,False,blowup,,0.002657,2.123457,0.325522,0.328599,5239.265893,92.337286,142.680606
"GP (tuned), random warm-up",gp_tuned,0,90,False,blowup,,0.002601,2.093923,0.399833,0.314975,4659.737649,94.902701,76.617296
"GP (tuned), random warm-up",gp_tuned,0,91,False,blowup,,0.002616,8.0,0.45,0.348094,400.0,175.0,150.0
"GP (tuned), random warm-up",gp_tuned,0,92,True,,0.8779502503199115,0.048476,3.016172,0.390001,0.200267,6000.0,139.511669,83.03879
"GP (tuned), random warm-up",gp_tuned,0,93,False,min_image,,0.0,4.034751,0.45,0.2,6000.0,153.919045,30.669769
"GP (tuned), random warm-up",gp_tuned,0,94,True,,1.1454669390774732,0.050054,5.534554,0.370326,0.318303,1916.503693,120.523245,121.255524
"GP (tuned), random warm-up",gp_tuned,0,95,False,blowup,,0.009864,5.521718,0.401117,0.319804,751.409002,132.881136,54.572107
"GP (tuned), random warm-up",gp_tuned,0,96,True,,3.7718691006075735,0.046319,5.55362,0.420198,0.316738,2671.648778,139.474807,79.772514
"GP (tuned), random warm-up",gp_tuned,0,97,False,min_image,,0.0,8.0,0.394766,0.222697,6000.0,93.988699,5.0
"GP (tuned), random warm-up",gp_tuned,0,98,False,blowup,,0.020974,4.255007,0.399938,0.319608,603.31684,121.809202,51.300422
"GP (tuned), random warm-up",gp_tuned,0,99,False,min_image,,0.0,6.575361,0.346494,0.2,5944.826488,86.823942,43.284646
"GP (tuned), random warm-up",gp_tuned,0,100,False,blowup,,0.029452,5.054584,0.389937,0.234167,5989.345032,84.091281,129.872082
"GP (tuned), random warm-up",gp_tuned,0,101,False,blowup,,0.002593,8.0,0.392115,0.306262,400.0,139.675857,107.367626
"GP (tuned), random warm-up",gp_tuned,0,102,False,blowup,,0.002628,4.03093,0.419286,0.306506,400.0,151.627365,84.731861
"GP (tuned), random warm-up",gp_tuned,0,103,False,min_image,,0.0,8.0,0.336664,0.381996,3740.136499,127.553924,5.0
"GP (tuned), random warm-up",gp_tuned,0,104,False,blowup,,0.031859,3.63294,0.45,0.2,6000.0,161.33866,61.707911
"GP (tuned), random warm-up",gp_tuned,0,105,False,blowup,,0.00256,2.080063,0.325567,0.349396,6000.0,112.65406,126.203783
"GP (tuned), random warm-up",gp_tuned,0,106,False,blowup,,0.002744,3.186459,0.365524,0.257589,6000.0,114.674439,34.886155
"GP (tuned), random warm-up",gp_tuned,0,107,False,blowup,,0.00265,4.359031,0.40611,0.291165,400.0,155.509604,145.092452
"GP (tuned), random warm-up",gp_tuned,0,108,False,min_image,,0.0,3.715092,0.417722,0.29581,2446.930206,142.128488,54.477867
"GP (tuned), random warm-up",gp_tuned,0,109,False,blowup,,0.002667,1.554288,0.415428,0.312574,2672.519217,159.401826,38.047138
"GP (tuned), random warm-up",gp_tuned,0,110,False,blowup,,0.002572,6.844294,0.410909,0.292559,400.0,163.705634,65.558377
"GP (tuned), random warm-up",gp_tuned,0,111,False,blowup,,0.002699,8.0,0.425689,0.367727,6000.0,143.225052,61.243432
"GP (tuned), random warm-up",gp_tuned,0,112,False,blowup,,0.002603,8.0,0.358843,0.2,6000.0,166.187677,8.779613
"GP (tuned), random warm-up",gp_tuned,0,113,False,min_image,,0.0,7.999544,0.411169,0.292243,400.0,126.020101,33.982602
"GP (tuned), random warm-up",gp_tuned,0,114,False,blowup,,0.002623,3.883016,0.439936,0.361908,3795.36533,111.540122,146.521404
"GP (tuned), random warm-up",gp_tuned,0,115,False,blowup,,0.01596,3.205827,0.411078,0.292383,400.0,96.037804,96.143996
"GP (tuned), random warm-up",gp_tuned,0,116,True,,1.9001303309761841,0.048324,5.791709,0.34159,0.316389,1960.097314,125.660277,85.834049
"GP (tuned), random warm-up",gp_tuned,0,117,True,,1.297227441419889,0.047959,3.887106,0.35853,0.208539,5970.658595,126.337842,89.223937
"GP (tuned), random warm-up",gp_tuned,0,118,False,blowup,,0.002691,3.620804,0.326628,0.348206,5058.638212,134.711643,12.057759
"GP (tuned), random warm-up",gp_tuned,0,119,False,blowup,,0.005377,4.695388,0.44375,0.292845,547.093525,106.468181,55.762252
"GP (tuned), random warm-up",gp_tuned,0,120,False,blowup,,0.002645,2.202715,0.307265,0.38132,6000.0,80.0,150.0
"GP (tuned), random warm-up",gp_tuned,0,121,True,,2.5183520628826654,0.050623,1.39906,0.389645,0.232434,6000.0,131.867121,75.964741
"GP (tuned), random warm-up",gp_tuned,0,122,False,min_image,,0.0,8.0,0.385884,0.224155,6000.0,175.0,67.273555
"GP (tuned), random warm-up",gp_tuned,0,123,False,blowup,,0.002587,6.217822,0.45,0.303888,2129.331601,91.494491,150.0
"GP (tuned), random warm-up",gp_tuned,0,124,False,blowup,,0.002477,1.0,0.45,0.2,400.0,168.634302,150.0
"GP (tuned), random warm-up",gp_tuned,0,125,False,blowup,,0.002502,8.0,0.45,0.4,400.0,168.657847,119.293424
"GP (tuned), random warm-up",gp_tuned,0,126,False,min_image,,0.0,8.0,0.45,0.28696,400.0,152.63589,64.704245
"GP (tuned), random warm-up",gp_tuned,0,127,False,blowup,,0.00252,2.793127,0.45,0.32041,400.0,167.97237,142.263228
"GP (tuned), random warm-up",gp_tuned,0,128,False,blowup,,0.00252,8.0,0.45,0.4,400.0,80.0,132.964094
"GP (tuned), random warm-up",gp_tuned,0,129,False,blowup,,0.002567,5.611807,0.45,0.310225,400.0,149.059375,119.009437
"GP (tuned), random warm-up",gp_tuned,0,130,False,blowup,,0.002549,6.632392,0.45,0.4,5389.647069,156.052195,33.692362
"GP (tuned), random warm-up",gp_tuned,0,131,False,blowup,,0.002614,2.910386,0.28,0.216277,6000.0,175.0,150.0
"GP (tuned), random warm-up",gp_tuned,0,132,False,blowup,,0.002505,5.663735,0.45,0.316813,1935.594335,158.828566,82.544954
"GP (tuned), random warm-up",gp_tuned,0,133,False,min_image,,0.0,5.602502,0.386037,0.226078,5967.515413,175.0,81.714595
"GP (tuned), random warm-up",gp_tuned,0,134,False,blowup,,0.002682,2.287622,0.357746,0.370978,4075.039776,100.017591,13.316045
"GP (tuned), random warm-up",gp_tuned,0,135,False,blowup,,0.002554,2.754116,0.45,0.320746,2551.103258,153.443098,136.737297
"GP (tuned), random warm-up",gp_tuned,0,136,False,blowup,,0.024984,4.129031,0.381242,0.234162,5960.942066,82.21851,28.631042
"GP (tuned), random warm-up",gp_tuned,0,137,False,min_image,,0.0,6.18342,0.394087,0.217302,6000.0,153.078798,28.022275
"GP (tuned), random warm-up",gp_tuned,0,138,False,blowup,,0.00254,5.42065,0.438724,0.391333,5339.295735,151.805921,34.700057
"GP (tuned), random warm-up",gp_tuned,0,139,False,blowup,,0.002617,2.245563,0.45,0.2,1236.497418,175.0,150.0
"GP (tuned), random warm-up",gp_tuned,0,140,False,min_image,,0.0,4.674967,0.43861,0.302176,2389.800072,147.639901,95.851838
"GP (tuned), random warm-up",gp_tuned,0,141,False,blowup,,0.002663,1.0,0.28,0.4,2981.225397,137.715334,147.241657
"GP (tuned), random warm-up",gp_tuned,0,142,False,min_image,,0.0,5.365674,0.28,0.257151,400.0,175.0,5.0
"GP (tuned), random warm-up",gp_tuned,0,143,False,blowup,,0.00331,3.083077,0.28,0.2,5887.648301,154.123165,96.865803
"GP (tuned), random warm-up",gp_tuned,0,144,False,blowup,,0.0026,5.246985,0.388565,0.296169,449.419541,170.175224,112.452099
"GP (tuned), random warm-up",gp_tuned,0,145,False,blowup,,0.026667,1.0,0.45,0.2,2112.928568,90.617398,112.454118
"GP (tuned), random warm-up",gp_tuned,0,146,False,blowup,,0.002527,5.723776,0.45,0.316749,1843.527407,106.41874,76.57492
"GP (tuned), random warm-up",gp_tuned,0,147,False,blowup,,0.002742,2.242765,0.343252,0.354603,3804.178207,116.128735,94.849537
"GP (tuned), random warm-up",gp_tuned,0,148,False,blowup,,0.002599,6.000283,0.45,0.309724,2658.263647,80.0,109.257922
"GP (tuned), random warm-up",gp_tuned,0,149,False,blowup,,0.002804,2.244183,0.342674,0.356801,3801.981251,109.39959,67.094399
"GP (tuned), random warm-up",gp_tuned,0,150,False,min_image,,0.0,4.981935,0.344656,0.238042,5980.733407,171.451445,115.38096
"GP (tuned), random warm-up",gp_tuned,1,1,False,min_image,,0.0,7.980294,0.438535,0.225625,5994.626886,102.428453,62.504205
"GP (tuned), random warm-up",gp_tuned,1,2,False,blowup,,0.002384,6.924176,0.333256,0.30491,2883.336205,101.809835,82.490017
"GP (tuned), random warm-up",gp_tuned,1,3,False,blowup,,0.00241,7.573895,0.412326,0.343194,4895.442022,88.816077,80.13212
"GP (tuned), random warm-up",gp_tuned,1,4,True,,0.8209879614608687,0.043949,2.91135,0.290071,0.334106,3721.166902,143.807139,64.709242
"GP (tuned), random warm-up",gp_tuned,1,5,False,blowup,,0.007362,6.483201,0.350132,0.206834,3894.567924,142.760394,48.281818
"GP (tuned), random warm-up",gp_tuned,1,6,False,blowup,,0.002381,4.28467,0.296349,0.380674,1069.146621,129.855941,17.125336
"GP (tuned), random warm-up",gp_tuned,1,7,False,blowup,,0.002356,5.090724,0.376205,0.322788,5756.599677,104.793003,38.497236
"GP (tuned), random warm-up",gp_tuned,1,8,False,blowup,,0.002459,4.784204,0.410132,0.209069,1183.810267,155.278341,9.321197
"GP (tuned), random warm-up",gp_tuned,1,9,False,blowup,,0.028292,7.244951,0.344189,0.307685,4052.87374,114.319797,87.796241
"GP (tuned), random warm-up",gp_tuned,1,10,True,,3.7516819883402217,0.042723,5.534246,0.34017,0.352647,2396.577652,151.514894,132.794565
"GP (tuned), random warm-up",gp_tuned,1,11,False,min_image,,0.0,8.0,0.45,0.2,4253.312199,175.0,25.728011
"GP (tuned), random warm-up",gp_tuned,1,12,False,blowup,,0.002379,8.0,0.358551,0.275374,3531.518778,93.879559,85.191405
"GP (tuned), random warm-up",gp_tuned,1,13,True,,2.870515468004736,0.043159,8.0,0.28,0.4,6000.0,80.0,5.0
"GP (tuned), random warm-up",gp_tuned,1,14,False,min_image,,0.0,1.0,0.45,0.2,400.0,175.0,34.403928
"GP (tuned), random warm-up",gp_tuned,1,15,False,min_image,,0.0,1.0,0.436556,0.4,400.0,137.958263,30.591652
"GP (tuned), random warm-up",gp_tuned,1,16,False,min_image,,0.0,4.676108,0.45,0.2,400.0,175.0,36.894135
"GP (tuned), random warm-up",gp_tuned,1,17,False,min_image,,0.0,8.0,0.435693,0.2,5944.394437,163.93099,15.634846
"GP (tuned), random warm-up",gp_tuned,1,18,True,,0.2703005513755387,0.043908,2.52143,0.319132,0.331144,5280.078911,129.533935,26.323174
"GP (tuned), random warm-up",gp_tuned,1,19,True,,0.599480601501737,0.044274,1.997618,0.302289,0.338733,4961.812086,131.504327,10.21646
"GP (tuned), random warm-up",gp_tuned,1,20,True,,1.651670158817398,0.04375,6.831751,0.302118,0.314551,3898.880547,105.408554,88.326012
"GP (tuned), random warm-up",gp_tuned,1,21,True,,0.43054342276520763,0.044173,2.479215,0.326547,0.32364,5515.224196,136.001,29.87484
"GP (tuned), random warm-up",gp_tuned,1,22,True,,1.109420263302473,0.044998,1.0,0.295845,0.39991,6000.0,129.081006,42.850297
"GP (tuned), random warm-up",gp_tuned,1,23,False,min_image,,0.0,1.0,0.28,0.4,6000.0,160.383858,29.89262
"GP (tuned), random warm-up",gp_tuned,1,24,True,,1.4189949735099667,0.043594,1.0,0.321022,0.200351,2509.033028,175.0,37.49576
"GP (tuned), random warm-up",gp_tuned,1,25,True,,0.5324010502277419,0.044677,2.9418,0.309594,0.34654,5554.910354,121.972071,27.040614
"GP (tuned), random warm-up",gp_tuned,1,26,True,,1.228126851308792,0.044418,3.836927,0.359,0.303188,5442.536192,125.543351,36.725448
"GP (tuned), random warm-up",gp_tuned,1,27,False,blowup,,0.002587,2.62913,0.343828,0.326421,5334.362213,139.842126,132.661766
"GP (tuned), random warm-up",gp_tuned,1,28,False,min_image,,0.0,5.038028,0.325704,0.304101,1039.014271,80.0,5.0
"GP (tuned), random warm-up",gp_tuned,1,29,False,blowup,,0.002329,2.72289,0.42989,0.4,5875.175761,148.257374,66.169791
"GP (tuned), random warm-up",gp_tuned,1,30,False,blowup,,0.002243,8.0,0.442995,0.2,400.0,162.21626,119.832059
"GP (tuned), random warm-up",gp_tuned,1,31,False,blowup,,0.002318,1.0,0.45,0.2977,6000.0,106.620319,5.0
"GP (tuned), random warm-up",gp_tuned,1,32,False,blowup,,0.002519,2.986479,0.320122,0.2,2390.360013,169.729472,24.49613
"GP (tuned), random warm-up",gp_tuned,1,33,True,,1.6097459418626918,0.045791,2.11674,0.321599,0.2,5645.34956,160.384357,149.167233
"GP (tuned), random warm-up",gp_tuned,1,34,False,blowup,,0.032325,2.225479,0.384642,0.336547,400.0,121.370884,34.718993
"GP (tuned), random warm-up",gp_tuned,1,35,False,min_image,,0.0,6.146768,0.398083,0.4,6000.0,175.0,5.0
"GP (tuned), random warm-up",gp_tuned,1,36,False,blowup,,0.002459,6.694902,0.365958,0.2,6000.0,80.0,5.0
"GP (tuned), random warm-up",gp_tuned,1,37,False,blowup,,0.002436,3.848905,0.446397,0.296132,6000.0,113.273867,150.0
"GP (tuned), random warm-up",gp_tuned,1,38,False,min_image,,0.0,5.378623,0.448604,0.370006,6000.0,84.890921,34.175173
"GP (tuned), random warm-up",gp_tuned,1,39,False,min_image,,0.0,4.411236,0.329216,0.2,6000.0,127.695478,150.0
"GP (tuned), random warm-up",gp_tuned,1,40,False,blowup,,0.002524,2.794679,0.28,0.4,6000.0,161.572373,33.553484
"GP (tuned), random warm-up",gp_tuned,1,41,False,blowup,,0.002361,8.0,0.28,0.4,400.0,175.0,150.0
"GP (tuned), random warm-up",gp_tuned,1,42,False,min_image,,0.0,6.205335,0.357123,0.2,6000.0,80.0,120.445088
"GP (tuned), random warm-up",gp_tuned,1,43,True,,4.216374031331076,0.044569,6.201439,0.430052,0.240796,4294.866975,130.023157,37.673816
"GP (tuned), random warm-up",gp_tuned,1,44,True,,0.7321724149477913,0.044397,2.330693,0.333135,0.317921,5284.382109,138.106009,30.859881
"GP (tuned), random warm-up",gp_tuned,1,45,False,min_image,,0.0,2.191421,0.372168,0.334678,4420.252213,90.191963,36.460079
"GP (tuned), random warm-up",gp_tuned,1,46,True,,8.616118803134867,0.043536,5.021575,0.427451,0.33056,5391.160147,126.935801,36.198295
"GP (tuned), random warm-up",gp_tuned,1,47,False,blowup,,0.002572,4.192522,0.39992,0.2,400.0,165.028245,5.0
"GP (tuned), random warm-up",gp_tuned,1,48,True,,2.057574585738842,0.045476,1.0,0.32023,0.372825,6000.0,125.414563,5.034808
"GP (tuned), random warm-up",gp_tuned,1,49,False,blowup,,0.002505,6.109209,0.310468,0.314742,5042.672917,148.304065,75.872445
"GP (tuned), random warm-up",gp_tuned,1,50,True,,0.9864941212907117,0.044844,2.557207,0.323183,0.247419,5083.295082,154.421046,30.981016
"GP (tuned), random warm-up",gp_tuned,1,51,True,,0.2700916818133086,0.045135,2.563816,0.313015,0.339941,5319.025734,126.133889,23.76617
"GP (tuned), random warm-up",gp_tuned,1,52,True,,1.2479656457618444,0.044979,2.542282,0.342504,0.323791,2950.775624,112.298328,70.366543
"GP (tuned), random warm-up",gp_tuned,1,53,True,,1.003729421035792,0.044769,3.859407,0.316224,0.310094,5393.82883,141.083992,25.243025
"GP (tuned), random warm-up",gp_tuned,1,54,False,blowup,,0.002625,4.923273,0.36211,0.299792,5917.522341,111.53478,85.216914
"GP (tuned), random warm-up",gp_tuned,1,55,True,,0.48473776585604894,0.04557,2.505863,0.316743,0.342391,5505.759702,141.079936,88.297502
"GP (tuned), random warm-up",gp_tuned,1,56,False,blowup,,0.002382,2.090492,0.420885,0.4,5065.829605,149.174335,41.787211
"GP (tuned), random warm-up",gp_tuned,1,57,True,,1.6673760637373451,0.045504,2.504433,0.312068,0.37006,6000.0,132.541604,5.0
"GP (tuned), random warm-up",gp_tuned,1,58,True,,1.2968009267119522,0.045755,4.686608,0.314435,0.335156,4017.841344,159.689526,25.740919
"GP (tuned), random warm-up",gp_tuned,1,59,False,min_image,,0.0,4.568161,0.442484,0.216084,4725.84814,91.364475,76.156302
"GP (tuned), random warm-up",gp_tuned,1,60,True,,0.8719926798897567,0.045527,1.694453,0.314439,0.222043,2489.762129,124.966721,25.959002
"GP (tuned), random warm-up",gp_tuned,1,61,True,,1.578689842087415,0.046098,4.602502,0.314401,0.334992,5781.77409,126.208786,25.632659
"GP (tuned), random warm-up",gp_tuned,1,62,True,,1.3730022268368463,0.047843,1.062578,0.335159,0.317146,900.320404,175.0,13.055278
"GP (tuned), random warm-up",gp_tuned,1,63,False,blowup,,0.002362,7.6347,0.363013,0.321718,3752.609395,175.0,25.762981
"GP (tuned), random warm-up",gp_tuned,1,64,False,blowup,,0.002359,5.18691,0.420637,0.4,4958.775219,152.631369,102.632681
"GP (tuned), random warm-up",gp_tuned,1,65,True,,2.3924661515934376,0.045719,7.850036,0.316667,0.335585,5372.024973,147.696746,100.613359
"GP (tuned), random warm-up",gp_tuned,1,66,True,,0.28901145283175117,0.045449,2.428177,0.315147,0.329686,4229.834627,130.955344,72.992996
"GP (tuned), random warm-up",gp_tuned,1,67,True,,0.9107077251430684,0.045965,2.57812,0.313747,0.331086,5029.125466,95.838995,29.356273
"GP (tuned), random warm-up",gp_tuned,1,68,True,,0.515247151274433,0.045965,2.298383,0.315716,0.333287,5274.501587,169.971043,28.067962
"GP (tuned), random warm-up",gp_tuned,1,69,False,blowup,,0.004319,1.0,0.342556,0.311395,400.0,106.244521,102.432637
"GP (tuned), random warm-up",gp_tuned,1,70,True,,0.5227491285060951,0.046388,2.062744,0.316028,0.333249,4841.133805,128.063268,32.533231
"GP (tuned), random warm-up",gp_tuned,1,71,True,,0.624985035292927,0.045964,2.656382,0.313577,0.324298,6000.0,109.44219,55.098101
"GP (tuned), random warm-up",gp_tuned,1,72,False,blowup,,0.002913,1.199451,0.316285,0.331119,3907.615702,173.332763,139.804787
"GP (tuned), random warm-up",gp_tuned,1,73,True,,4.693823823991537,0.045873,1.631421,0.376252,0.334218,2801.998329,124.910691,42.183828
"GP (tuned), random warm-up",gp_tuned,1,74,True,,0.58410931858945,0.046763,2.838336,0.314798,0.329061,4956.332189,142.737184,55.80742
"GP (tuned), random warm-up",gp_tuned,1,75,False,min_image,,0.0,5.330569,0.376831,0.338549,1810.545839,88.153469,89.644759
"GP (tuned), random warm-up",gp_tuned,1,76,False,blowup,,0.002518,8.0,0.334079,0.2,3632.780366,173.273199,78.314476
"GP (tuned), random warm-up",gp_tuned,1,77,True,,7.920505374243947,0.04792,1.542167,0.407998,0.339906,2588.039331,133.168802,117.299283
"GP (tuned), random warm-up",gp_tuned,1,78,False,blowup,,0.002643,5.888407,0.312577,0.340776,5010.18196,126.144113,55.999053
"GP (tuned), random warm-up",gp_tuned,1,79,False,blowup,,0.002481,5.866709,0.312666,0.340374,5708.252291,126.33646,96.742627
"GP (tuned), random warm-up",gp_tuned,1,80,True,,3.488445215526853,0.046141,5.102865,0.385022,0.33643,2449.156421,119.711628,15.037632
"GP (tuned), random warm-up",gp_tuned,1,81,False,min_image,,0.0,2.962769,0.356183,0.321857,4897.543782,89.185067,13.884911
"GP (tuned), random warm-up",gp_tuned,1,82,False,blowup,,0.002463,8.0,0.330893,0.301219,400.0,157.658268,38.702766
"GP (tuned), random warm-up",gp_tuned,1,83,True,,1.221936038074773,0.049681,1.781665,0.316196,0.338816,6000.0,132.563223,5.0
"GP (tuned), random warm-up",gp_tuned,1,84,True,,3.4206753469716076,0.047205,7.253353,0.318333,0.330027,5083.474725,129.797096,9.685342
"GP (tuned), random warm-up",gp_tuned,1,85,False,blowup,,0.002524,4.058612,0.385511,0.391002,5249.571758,134.869083,40.245847
"GP (tuned), random warm-up",gp_tuned,1,86,True,,1.5493221981724459,0.04779,3.041477,0.320521,0.292692,5213.805625,80.0,141.171537
"GP (tuned), random warm-up",gp_tuned,1,87,False,blowup,,0.002511,3.525681,0.380335,0.4,5942.919212,85.470908,62.83706
"GP (tuned), random warm-up",gp_tuned,1,88,True,,1.2134704168509043,0.047451,3.219133,0.29224,0.342557,2011.767168,80.0,150.0
"GP (tuned), random warm-up",gp_tuned,1,89,False,blowup,,0.00253,8.0,0.335275,0.314984,3899.463944,174.508246,81.299421
"GP (tuned), random warm-up",gp_tuned,1,90,False,min_image,,0.0,4.209246,0.335348,0.329129,5924.988304,126.379606,130.432358
"GP (tuned), random warm-up",gp_tuned,1,91,False,blowup,,0.002504,2.17624,0.412837,0.4,5583.716952,164.815379,24.846055
"GP (tuned), random warm-up",gp_tuned,1,92,False,blowup,,0.002597,4.339883,0.374641,0.4,5441.018267,127.599697,73.336983
"GP (tuned), random warm-up",gp_tuned,1,93,False,blowup,,0.002714,3.883662,0.368204,0.344484,5604.030922,80.0,91.225861
"GP (tuned), random warm-up",gp_tuned,1,94,False,min_image,,0.0,6.576941,0.406473,0.2,6000.0,85.501135,45.115189
"GP (tuned), random warm-up",gp_tuned,1,95,True,,0.4922973420798744,0.048545,2.572339,0.314246,0.331664,4121.470507,112.513997,85.22144
"GP (tuned), random warm-up",gp_tuned,1,96,False,min_image,,0.0,5.149138,0.45,0.4,6000.0,117.757069,68.48342
"GP (tuned), random warm-up",gp_tuned,1,97,False,min_image,,0.0,7.366892,0.446023,0.371699,6000.0,102.180663,134.586346
"GP (tuned), random warm-up",gp_tuned,1,98,False,blowup,,0.002587,8.0,0.352674,0.335795,5514.484435,116.493607,92.644139
"GP (tuned), random warm-up",gp_tuned,1,99,False,blowup,,0.003097,8.0,0.338662,0.2,3574.193124,130.524926,123.889357
"GP (tuned), random warm-up",gp_tuned,1,100,False,blowup,,0.002568,8.0,0.373805,0.226884,803.591153,112.261611,27.709258
"GP (tuned), random warm-up",gp_tuned,1,101,False,blowup,,0.026098,6.060977,0.298475,0.340708,5280.272566,80.42003,82.094488
"GP (tuned), random warm-up",gp_tuned,1,102,False,blowup,,0.002573,4.947084,0.323654,0.340668,400.0,98.668532,99.225021
"GP (tuned), random warm-up",gp_tuned,1,103,False,blowup,,0.002689,6.317754,0.35638,0.220004,2838.613088,167.638579,45.763416
"GP (tuned), random warm-up",gp_tuned,1,104,False,blowup,,0.00266,4.938624,0.291928,0.366348,2827.499484,147.846392,110.086798
"GP (tuned), random warm-up",gp_tuned,1,105,False,min_image,,0.0,6.654037,0.444156,0.2,5887.757384,132.441377,32.579416
"GP (tuned), random warm-up",gp_tuned,1,106,True,,0.6342981480270952,0.049549,1.933302,0.2806,0.368103,5316.073472,125.22407,95.654216
"GP (tuned), random warm-up",gp_tuned,1,107,False,blowup,,0.002864,3.38226,0.28,0.374933,4946.97908,129.231432,48.641268
"GP (tuned), random warm-up",gp_tuned,1,108,False,min_image,,0.0,6.341338,0.362606,0.333551,1385.009831,128.594424,65.629757
"GP (tuned), random warm-up",gp_tuned,1,109,False,min_image,,0.0,6.607672,0.374477,0.204378,6000.0,105.80754,77.422091
"GP (tuned), random warm-up",gp_tuned,1,110,False,min_image,,0.0,7.196497,0.388419,0.310593,6000.0,126.081623,20.856749
"GP (tuned), random warm-up",gp_tuned,1,111,False,blowup,,0.003097,8.0,0.358248,0.338593,400.0,98.495793,10.505045
"GP (tuned), random warm-up",gp_tuned,1,112,True,,5.016500663573201,0.048093,2.356295,0.442627,0.24241,5414.169174,94.314005,11.439732
"GP (tuned), random warm-up",gp_tuned,1,113,True,,1.050505594194881,0.049256,1.27313,0.309363,0.329927,4216.460096,121.703778,94.831004
"GP (tuned), random warm-up",gp_tuned,1,114,True,,0.7066938563787938,0.047884,3.296084,0.28,0.346486,4664.803601,165.621991,15.064513
"GP (tuned), random warm-up",gp_tuned,1,115,True,,1.633054221884911,0.048804,3.526388,0.296981,0.329671,4233.393901,108.33947,13.036843
"GP (tuned), random warm-up",gp_tuned,1,116,False,min_image,,0.0,7.29383,0.375243,0.289113,6000.0,102.24426,106.119855
"GP (tuned), random warm-up",gp_tuned,1,117,False,blowup,,0.005313,2.294136,0.31298,0.311274,4831.50895,125.673445,18.329439
"GP (tuned), random warm-up",gp_tuned,1,118,False,min_image,,0.0,7.643729,0.426197,0.2,4533.575806,149.631299,66.978242
"GP (tuned), random warm-up",gp_tuned,1,119,False,blowup,,0.002516,8.0,0.435001,0.2,400.0,111.16893,48.856387
"GP (tuned), random warm-up",gp_tuned,1,120,False,min_image,,0.0,6.129844,0.420818,0.2,2910.61624,127.063645,5.0
"GP (tuned), random warm-up",gp_tuned,1,121,False,blowup,,0.002643,5.331537,0.394759,0.350546,6000.0,80.446861,5.0
"GP (tuned), random warm-up",gp_tuned,1,122,False,blowup,,0.002747,4.439646,0.315707,0.304578,1672.347509,142.1482,5.0
"GP (tuned), random warm-up",gp_tuned,1,123,False,blowup,,0.002541,8.0,0.362309,0.323218,4286.728702,159.541972,5.0
"GP (tuned), random warm-up",gp_tuned,1,124,True,,1.5161226526871026,0.048634,1.198831,0.28,0.343533,3984.551987,96.489434,150.0
"GP (tuned), random warm-up",gp_tuned,1,125,False,min_image,,0.0,7.982461,0.361986,0.223936,5833.89347,84.744007,20.172202
"GP (tuned), random warm-up",gp_tuned,1,126,False,blowup,,0.00295,8.0,0.33747,0.2,2163.555831,89.439409,25.286859
"GP (tuned), random warm-up",gp_tuned,1,127,False,blowup,,0.002654,7.078005,0.389631,0.2,3524.163387,155.457162,29.523823
"GP (tuned), random warm-up",gp_tuned,1,128,False,blowup,,0.027034,1.440264,0.28,0.363885,6000.0,135.046872,41.919032
"GP (tuned), random warm-up",gp_tuned,1,129,True,,0.8821579970544406,0.048474,2.588986,0.312307,0.340968,4642.459015,84.870333,93.670515
"GP (tuned), random warm-up",gp_tuned,1,130,False,min_image,,0.0,2.014519,0.360871,0.318598,3615.985911,110.098056,9.193984
"GP (tuned), random warm-up",gp_tuned,1,131,False,blowup,,0.003435,8.0,0.338415,0.285111,5987.756116,157.632385,26.455952
"GP (tuned), random warm-up",gp_tuned,1,132,False,min_image,,0.0,2.616854,0.366563,0.263955,4809.506743,125.731832,66.296732
"GP (tuned), random warm-up",gp_tuned,1,133,False,blowup,,0.002565,6.493173,0.40372,0.287051,2230.451869,115.96818,13.684737
"GP (tuned), random warm-up",gp_tuned,1,134,False,blowup,,0.002582,1.185583,0.311289,0.333072,3735.684242,165.057123,73.234923
"GP (tuned), random warm-up",gp_tuned,1,135,False,blowup,,0.00318,5.531801,0.305292,0.309482,3961.245836,131.728609,120.105531
"GP (tuned), random warm-up",gp_tuned,1,136,False,min_image,,0.0,4.903833,0.370374,0.38535,2647.191205,130.514032,57.033416
"GP (tuned), random warm-up",gp_tuned,1,137,False,blowup,,0.002596,3.812904,0.34132,0.4,5134.177738,133.132488,14.132724
"GP (tuned), random warm-up",gp_tuned,1,138,False,blowup,,0.002447,3.330328,0.432366,0.4,4860.113234,140.333203,48.421025
"GP (tuned), random warm-up",gp_tuned,1,139,False,blowup,,0.002599,2.306669,0.45,0.4,3956.003338,151.665046,119.126947
"GP (tuned), random warm-up",gp_tuned,1,140,False,blowup,,0.002531,8.0,0.355648,0.370335,400.0,160.849566,115.829889
"GP (tuned), random warm-up",gp_tuned,1,141,False,blowup,,0.015872,5.417076,0.415988,0.279448,1778.361996,101.584068,80.695682
"GP (tuned), random warm-up",gp_tuned,1,142,False,blowup,,0.006108,7.783409,0.388784,0.317761,1881.642424,146.55686,90.908976
"GP (tuned), random warm-up",gp_tuned,1,143,False,min_image,,0.0,6.685684,0.408448,0.269071,1433.906711,82.747876,78.577702
"GP (tuned), random warm-up",gp_tuned,1,144,True,,2.8972267226532997,0.048442,2.606292,0.376109,0.383956,2373.787768,138.97577,19.568036
"GP (tuned), random warm-up",gp_tuned,1,145,False,blowup,,0.002905,8.0,0.375444,0.316189,912.854087,170.1117,81.332013
"GP (tuned), random warm-up",gp_tuned,1,146,True,,0.2881410784011318,0.048108,2.624353,0.316181,0.335321,5286.22418,131.580005,36.472698
"GP (tuned), random warm-up",gp_tuned,1,147,True,,0.5977089409517963,0.048208,2.638775,0.313188,0.334465,4589.326487,143.791765,110.631797
"GP (tuned), random warm-up",gp_tuned,1,148,False,min_image,,0.0,6.305799,0.431547,0.229736,3236.705817,93.191491,71.704703
"GP (tuned), random warm-up",gp_tuned,1,149,False,min_image,,0.0,5.765518,0.378326,0.307275,2829.441434,111.106308,70.769551
"GP (tuned), random warm-up",gp_tuned,1,150,False,blowup,,0.002458,3.102142,0.416629,0.296277,5537.399388,164.929663,58.557729
"GP (tuned), random warm-up",gp_tuned,2,1,False,blowup,,0.002353,2.295575,0.438362,0.389546,3114.594942,110.450962,27.391868
"GP (tuned), random warm-up",gp_tuned,2,2,False,blowup,,0.003064,5.429164,0.419099,0.336605,3191.942552,135.745713,109.364364
"GP (tuned), random warm-up",gp_tuned,2,3,True,,3.9133005380472143,0.043364,2.238892,0.444838,0.259404,2012.065369,91.038365,31.35042
"GP (tuned), random warm-up",gp_tuned,2,4,False,blowup,,0.002629,6.372438,0.378142,0.233565,2457.839664,124.52399,99.868596
"GP (tuned), random warm-up",gp_tuned,2,5,False,blowup,,0.002302,7.935964,0.300312,0.229713,5172.773789,128.404958,36.504139
"GP (tuned), random warm-up",gp_tuned,2,6,False,blowup,,0.002351,6.664227,0.340125,0.293568,1935.370253,155.829037,123.05007
"GP (tuned), random warm-up",gp_tuned,2,7,False,blowup,,0.002314,2.546987,0.406927,0.286308,5374.500996,169.413364,77.936777
"GP (tuned), random warm-up",gp_tuned,2,8,False,blowup,,0.002589,7.722196,0.352424,0.264575,4666.807981,168.599714,108.1265
"GP (tuned), random warm-up",gp_tuned,2,9,True,,6.1179447640552524,0.045984,5.015497,0.346969,0.385309,431.048749,149.207357,56.584276
"GP (tuned), random warm-up",gp_tuned,2,10,False,blowup,,0.002319,3.543281,0.365545,0.353498,5521.063196,158.504961,64.703234
"GP (tuned), random warm-up",gp_tuned,2,11,False,blowup,,0.002249,8.0,0.28,0.4,6000.0,175.0,150.0
"GP (tuned), random warm-up",gp_tuned,2,12,False,blowup,,0.00227,8.0,0.292361,0.235763,5019.628168,127.573429,42.849544
"GP (tuned), random warm-up",gp_tuned,2,13,False,blowup,,0.002263,8.0,0.28,0.293048,4564.851024,175.0,5.0
"GP (tuned), random warm-up",gp_tuned,2,14,False,blowup,,0.002381,1.0,0.28,0.227475,5364.81202,175.0,150.0
"GP (tuned), random warm-up",gp_tuned,2,15,False,blowup,,0.002377,4.186266,0.370934,0.284276,2433.799756,146.109691,120.325823
"GP (tuned), random warm-up",gp_tuned,2,16,False,blowup,,0.003779,5.695925,0.41547,0.340316,3305.084096,136.920849,115.254936
"GP (tuned), random warm-up",gp_tuned,2,17,False,blowup,,0.002348,3.755491,0.36471,0.340174,6000.0,172.418222,68.975815
"GP (tuned), random warm-up",gp_tuned,2,18,False,blowup,,0.002432,4.311925,0.349642,0.260616,6000.0,175.0,92.264325
"GP (tuned), random warm-up",gp_tuned,2,19,False,blowup,,0.002402,5.346363,0.36038,0.262983,2775.947452,122.741516,98.653503
"GP (tuned), random warm-up",gp_tuned,2,20,False,blowup,,0.012917,1.001163,0.298941,0.2,4216.808424,157.86397,150.0
"GP (tuned), random warm-up",gp_tuned,2,21,False,blowup,,0.002296,8.0,0.3543,0.2,6000.0,131.794364,5.0
"GP (tuned), random warm-up",gp_tuned,2,22,False,blowup,,0.0023,8.0,0.281162,0.24954,5555.607714,131.47203,34.054132
"GP (tuned), random warm-up",gp_tuned,2,23,False,blowup,,0.008117,4.546806,0.28,0.255262,2427.979378,80.0,105.63165
"GP (tuned), random warm-up",gp_tuned,2,24,False,blowup,,0.002602,7.069252,0.439364,0.271056,3392.210646,164.612608,113.49974
"GP (tuned), random warm-up",gp_tuned,2,25,False,blowup,,0.002368,5.368066,0.45,0.330524,4292.022545,173.446226,85.632483
"GP (tuned), random warm-up",gp_tuned,2,26,False,blowup,,0.002566,3.503972,0.28,0.224239,4168.921613,117.374127,150.0
"GP (tuned), random warm-up",gp_tuned,2,27,False,blowup,,0.002283,8.0,0.28,0.282358,1170.959398,158.232704,150.0
"GP (tuned), random warm-up",gp_tuned,2,28,False,blowup,,0.00233,4.082839,0.404783,0.4,400.0,175.0,150.0
"GP (tuned), random warm-up",gp_tuned,2,29,False,blowup,,0.002536,3.653152,0.28,0.294904,400.0,80.0,5.0
"GP (tuned), random warm-up",gp_tuned,2,30,True,,2.477632370730426,0.044062,2.220635,0.28,0.2,4278.075427,84.83284,5.0
"GP (tuned), random warm-up",gp_tuned,2,31,False,blowup,,0.002435,1.336304,0.354671,0.308574,2014.3758,120.491369,128.743029
"GP (tuned), random warm-up",gp_tuned,2,32,False,blowup,,0.002527,7.19695,0.428704,0.284217,2898.578656,159.113711,100.559814
"GP (tuned), random warm-up",gp_tuned,2,33,False,blowup,,0.002367,7.032877,0.303098,0.289171,4898.993928,172.697433,126.881807
"GP (tuned), random warm-up",gp_tuned,2,34,False,blowup,,0.002389,4.958801,0.429408,0.359127,3655.485865,149.908646,85.824498
"GP (tuned), random warm-up",gp_tuned,2,35,False,blowup,,0.00591,2.390909,0.320754,0.306161,400.0348,80.0,28.215932
"GP (tuned), random warm-up",gp_tuned,2,36,False,blowup,,0.006026,8.0,0.29438,0.2,6000.0,173.131654,147.775015
"GP (tuned), random warm-up",gp_tuned,2,37,False,blowup,,0.002341,8.0,0.320979,0.2,5794.193348,127.245292,8.703368
"GP (tuned), random warm-up",gp_tuned,2,38,False,blowup,,0.006721,5.760978,0.45,0.270074,6000.0,169.408492,135.598811
"GP (tuned), random warm-up",gp_tuned,2,39,True,,1.333991768931766,0.045098,4.023361,0.345665,0.352343,4359.96148,104.853121,56.363804
"GP (tuned), random warm-up",gp_tuned,2,40,False,blowup,,0.002357,4.834565,0.329819,0.202397,1379.880159,80.134297,124.961143
"GP (tuned), random warm-up",gp_tuned,2,41,False,blowup,,0.002376,5.351217,0.45,0.329677,4499.839,171.057592,87.208883
"GP (tuned), random warm-up",gp_tuned,2,42,False,blowup,,0.002356,3.618162,0.370282,0.375725,5335.552145,169.670509,76.565324
"GP (tuned), random warm-up",gp_tuned,2,43,False,blowup,,0.015612,2.40345,0.352374,0.239468,2468.256983,82.222541,34.552084
"GP (tuned), random warm-up",gp_tuned,2,44,True,,1.7965685206292792,0.045706,4.779495,0.313196,0.348646,1430.064582,80.0,121.365865
"GP (tuned), random warm-up",gp_tuned,2,45,False,blowup,,0.002388,5.265767,0.343342,0.210082,1347.398513,82.212981,128.312045
"GP (tuned), random warm-up",gp_tuned,2,46,False,blowup,,0.021603,4.893153,0.35894,0.24081,2841.065137,84.264598,110.704656
"GP (tuned), random warm-up",gp_tuned,2,47,False,blowup,,0.003728,4.785914,0.28,0.241366,2051.953091,83.769105,119.719269
"GP (tuned), random warm-up",gp_tuned,2,48,False,blowup,,0.002373,8.0,0.35018,0.222733,5771.163652,133.97842,15.203212
"GP (tuned), random warm-up",gp_tuned,2,49,False,blowup,,0.003399,2.530148,0.347923,0.247136,2405.619613,82.215541,23.274447
"GP (tuned), random warm-up",gp_tuned,2,50,False,blowup,,0.007416,4.134763,0.300477,0.2156,2635.927619,137.280918,38.380966
"GP (tuned), random warm-up",gp_tuned,2,51,False,blowup,,0.002992,4.094174,0.28,0.210559,3355.456025,138.876945,38.227107
"GP (tuned), random warm-up",gp_tuned,2,52,False,blowup,,0.002461,7.633187,0.309028,0.208042,4534.965402,127.583868,57.547907
"GP (tuned), random warm-up",gp_tuned,2,53,False,blowup,,0.002433,5.444109,0.373229,0.344626,1380.696905,175.0,48.916131
"GP (tuned), random warm-up",gp_tuned,2,54,False,blowup,,0.002453,3.286064,0.45,0.385639,2976.573029,113.344971,38.147132
"GP (tuned), random warm-up",gp_tuned,2,55,False,blowup,,0.002709,5.367922,0.429761,0.327946,2997.467368,142.072032,81.360424
"GP (tuned), random warm-up",gp_tuned,2,56,True,,5.601094059263082,0.046641,1.737206,0.410093,0.304548,2749.656249,80.280665,141.200052
"GP (tuned), random warm-up",gp_tuned,2,57,True,,1.7533553368419394,0.046546,4.762012,0.306058,0.227175,4865.415716,86.375072,107.451123
"GP (tuned), random warm-up",gp_tuned,2,58,False,blowup,,0.003727,4.788183,0.28,0.209697,2212.494632,104.92962,105.987103
"GP (tuned), random warm-up",gp_tuned,2,59,True,,1.2502871860253104,0.0469,4.627318,0.284644,0.29053,2536.94857,80.0,115.97422
"GP (tuned), random warm-up",gp_tuned,2,60,False,blowup,,0.006145,4.769749,0.301234,0.23321,2439.426164,87.030878,94.607117
"GP (tuned), random warm-up",gp_tuned,2,61,False,blowup,,0.00596,4.236862,0.340765,0.213903,2677.758272,141.365489,80.047004
"GP (tuned), random warm-up",gp_tuned,2,62,False,blowup,,0.008471,4.698949,0.294825,0.24532,2439.938799,83.182862,98.109901
"GP (tuned), random warm-up",gp_tuned,2,63,False,blowup,,0.002492,2.377581,0.437771,0.391347,3197.739979,115.321045,13.848023
"GP (tuned), random warm-up",gp_tuned,2,64,False,blowup,,0.003642,4.930823,0.282314,0.210232,2537.065477,100.442228,54.051405
"GP (tuned), random warm-up",gp_tuned,2,65,False,blowup,,0.002454,5.155743,0.429472,0.332176,3846.284144,167.64027,115.672021
"GP (tuned), random warm-up",gp_tuned,2,66,False,blowup,,0.004727,4.106666,0.28,0.209016,2643.275181,141.026281,99.663829
"GP (tuned), random warm-up",gp_tuned,2,67,False,blowup,,0.00251,2.561098,0.411906,0.388991,3095.6616,117.205079,64.540752
"GP (tuned), random warm-up",gp_tuned,2,68,False,blowup,,0.009462,4.931154,0.367043,0.239025,2641.884159,86.73795,96.867188
"GP (tuned), random warm-up",gp_tuned,2,69,False,blowup,,0.01359,4.774737,0.343185,0.233563,2452.618366,87.854068,56.247544
"GP (tuned), random warm-up",gp_tuned,2,70,False,blowup,,0.004181,4.750489,0.293681,0.234567,2082.06354,83.803839,57.03699
"GP (tuned), random warm-up",gp_tuned,2,71,False,blowup,,0.002844,2.451693,0.296163,0.305199,529.463911,81.259083,40.010228
"GP (tuned), random warm-up",gp_tuned,2,72,False,blowup,,0.002477,3.546879,0.430792,0.348465,5598.07149,170.753047,103.4488
"GP (tuned), random warm-up",gp_tuned,2,73,False,blowup,,0.010914,7.246776,0.414815,0.272151,3354.669025,163.116218,63.97889
"GP (tuned), random warm-up",gp_tuned,2,74,False,blowup,,0.003787,4.823508,0.389725,0.207869,2093.283799,111.754878,51.65487
"GP (tuned), random warm-up",gp_tuned,2,75,True,,3.06269020013874,0.047013,5.436077,0.367259,0.328223,3364.922497,143.072832,115.694846
"GP (tuned), random warm-up",gp_tuned,2,76,False,blowup,,0.00954,4.574627,0.28,0.244672,2300.393138,114.200514,108.676673
"GP (tuned), random warm-up",gp_tuned,2,77,False,blowup,,0.00283,5.627341,0.420833,0.337558,3305.080738,137.88672,121.419982
"GP (tuned), random warm-up",gp_tuned,2,78,False,blowup,,0.004186,4.617578,0.280069,0.241012,2252.812855,80.030361,50.803335
"GP (tuned), random warm-up",gp_tuned,2,79,False,blowup,,0.002553,5.717284,0.425786,0.335593,3471.884564,145.389635,105.724963
"GP (tuned), random warm-up",gp_tuned,2,80,False,blowup,,0.004348,4.649529,0.295631,0.229955,1892.691861,90.201918,73.234441
"GP (tuned), random warm-up",gp_tuned,2,81,False,blowup,,0.00267,4.284006,0.353347,0.261659,5997.553206,173.427084,91.222032
"GP (tuned), random warm-up",gp_tuned,2,82,False,blowup,,0.013987,5.0123,0.366038,0.232922,2812.322836,96.446229,92.619447
"GP (tuned), random warm-up",gp_tuned,2,83,True,,6.495547922391352,0.048771,5.665079,0.424825,0.336388,3352.692728,137.491963,60.994449
"GP (tuned), random warm-up",gp_tuned,2,84,False,blowup,,0.002862,4.281154,0.353636,0.260542,6000.0,164.209328,116.224094
"GP (tuned), random warm-up",gp_tuned,2,85,False,blowup,,0.002633,5.712888,0.421415,0.340215,3202.980294,138.217692,34.150503
"GP (tuned), random warm-up",gp_tuned,2,86,False,blowup,,0.006264,4.719566,0.284766,0.232384,1781.799549,94.720442,71.570505
"GP (tuned), random warm-up",gp_tuned,2,87,False,blowup,,0.006259,4.943217,0.360927,0.229489,2701.327974,92.866328,138.359466
"GP (tuned), random warm-up",gp_tuned,2,88,False,blowup,,0.003644,7.144238,0.435596,0.268222,3397.567566,164.468734,65.686406
"GP (tuned), random warm-up",gp_tuned,2,89,False,blowup,,0.002691,5.673489,0.425731,0.337468,3303.327957,140.435428,14.949662
"GP (tuned), random warm-up",gp_tuned,2,90,False,blowup,,0.002615,4.264533,0.354137,0.260177,6000.0,175.0,130.012353
"GP (tuned), random warm-up",gp_tuned,2,91,True,,3.393440600999602,0.048462,7.782842,0.352909,0.254819,4695.881998,143.525887,37.564822
"GP (tuned), random warm-up",gp_tuned,2,92,False,blowup,,0.002601,6.492104,0.378564,0.231744,2356.993352,123.908265,132.569342
"GP (tuned), random warm-up",gp_tuned,2,93,False,blowup,,0.00298,7.684966,0.340497,0.20777,2656.106776,141.268417,61.220523
"GP (tuned), random warm-up",gp_tuned,2,94,True,,3.9582230123849285,0.047593,4.992156,0.361048,0.230906,2605.214251,86.489229,20.603336
"GP (tuned), random warm-up",gp_tuned,2,95,False,blowup,,0.002736,4.191235,0.34136,0.2,663.818755,98.355713,82.874558
"GP (tuned), random warm-up",gp_tuned,2,96,False,blowup,,0.002875,6.946529,0.400682,0.2,6000.0,171.084586,115.17756
"GP (tuned), random warm-up",gp_tuned,2,97,False,blowup,,0.002595,8.0,0.344617,0.2,6000.0,174.064393,13.600468
"GP (tuned), random warm-up",gp_tuned,2,98,False,blowup,,0.008196,4.738359,0.342197,0.231675,2428.650586,124.185525,60.221058
"GP (tuned), random warm-up",gp_tuned,2,99,False,blowup,,0.002559,7.538479,0.45,0.4,4500.683142,175.0,12.169895
"GP (tuned), random warm-up",gp_tuned,2,100,False,blowup,,0.003057,5.728261,0.419098,0.338782,3359.162812,139.323963,114.866574
"GP (tuned), random warm-up",gp_tuned,2,101,False,blowup,,0.002549,8.0,0.28,0.2,400.0,168.495761,150.0
"GP (tuned), random warm-up",gp_tuned,2,102,False,blowup,,0.002603,5.91263,0.424682,0.334801,3525.726543,151.635784,115.126847
"GP (tuned), random warm-up",gp_tuned,2,103,False,blowup,,0.002773,5.372201,0.409179,0.250594,2826.273797,123.684749,72.57096
"GP (tuned), random warm-up",gp_tuned,2,104,False,blowup,,0.00263,6.426818,0.28,0.2,400.0,80.0,63.564121
"GP (tuned), random warm-up",gp_tuned,2,105,False,blowup,,0.002676,4.259872,0.356449,0.253807,5974.136038,166.198446,116.611618
"GP (tuned), random warm-up",gp_tuned,2,106,True,,1.5141793582633012,0.048497,1.779702,0.355543,0.2,2473.54573,88.853366,112.498999
"GP (tuned), random warm-up",gp_tuned,2,107,False,blowup,,0.002578,6.334578,0.315483,0.2,400.0,133.972926,125.690203
"GP (tuned), random warm-up",gp_tuned,2,108,False,blowup,,0.003398,2.944402,0.433686,0.2,1023.138771,111.444829,68.351731
"GP (tuned), random warm-up",gp_tuned,2,109,True,,10.942560063351761,0.048123,8.0,0.45,0.299166,6000.0,175.0,124.780255
"GP (tuned), random warm-up",gp_tuned,2,110,False,blowup,,0.002837,5.700039,0.423471,0.33445,3147.193358,136.013304,115.1249
"GP (tuned), random warm-up",gp_tuned,2,111,False,blowup,,0.00255,4.980001,0.372405,0.2,1290.997949,80.0,133.318608
"GP (tuned), random warm-up",gp_tuned,2,112,False,blowup,,0.005795,4.745704,0.340344,0.230445,2279.03807,164.834086,62.521662
"GP (tuned), random warm-up",gp_tuned,2,113,False,blowup,,0.002707,7.113758,0.428211,0.283591,2807.685542,169.700028,99.255486
"GP (tuned), random warm-up",gp_tuned,2,114,False,blowup,,0.002579,7.276234,0.445686,0.334656,3565.091822,167.415036,112.69165
"GP (tuned), random warm-up",gp_tuned,2,115,True,,1.6550729638228336,0.049395,4.752509,0.300169,0.255226,5397.220612,86.713343,90.486785
"GP (tuned), random warm-up",gp_tuned,2,116,False,blowup,,0.006367,4.742699,0.340221,0.229026,2277.352764,121.174512,62.227248
"GP (tuned), random warm-up",gp_tuned,2,117,False,blowup,,0.002673,5.612988,0.434253,0.335609,3109.248971,102.03392,112.141736
"GP (tuned), random warm-up",gp_tuned,2,118,False,blowup,,0.00265,2.85664,0.404804,0.285336,5249.860964,157.079205,76.567251
"GP (tuned), random warm-up",gp_tuned,2,119,False,blowup,,0.002628,4.858879,0.45,0.331167,4209.474059,161.035239,84.994766
"GP (tuned), random warm-up",gp_tuned,2,120,False,blowup,,0.003602,7.570725,0.34097,0.23377,2417.13424,83.636929,60.014761
"GP (tuned), random warm-up",gp_tuned,2,121,True,,10.128524725346981,0.048299,4.955157,0.447641,0.267844,5939.39295,111.595496,134.44461
"GP (tuned), random warm-up",gp_tuned,2,122,False,blowup,,0.00353,1.0,0.291624,0.2,898.100263,175.0,16.042169
"GP (tuned), random warm-up",gp_tuned,2,123,False,blowup,,0.002689,5.608261,0.448207,0.267756,5973.327177,170.988679,135.236824
"GP (tuned), random warm-up",gp_tuned,2,124,True,,1.1860308266111488,0.048343,2.872889,0.34078,0.236239,2443.679557,88.864067,63.462567
"GP (tuned), random warm-up",gp_tuned,2,125,False,blowup,,0.003391,8.0,0.408638,0.2,2710.810222,99.49403,150.0
"GP (tuned), random warm-up",gp_tuned,2,126,True,,10.03857351419952,0.047482,5.347848,0.444789,0.268426,5923.761289,171.763291,134.483149
"GP (tuned), random warm-up",gp_tuned,2,127,True,,11.110318262689162,0.047278,2.796174,0.45,0.263013,4939.585841,175.0,136.11387
"GP (tuned), random warm-up",gp_tuned,2,128,False,blowup,,0.002548,5.363825,0.443959,0.33422,2936.778657,157.154775,85.407155
"GP (tuned), random warm-up",gp_tuned,2,129,True,,7.858809549841362,0.047264,6.277526,0.45,0.256139,6000.0,96.931419,150.0
"GP (tuned), random warm-up",gp_tuned,2,130,True,,10.148331011660183,0.048015,5.357432,0.45,0.306872,4365.056025,138.425615,86.115378
"GP (tuned), random warm-up",gp_tuned,2,131,False,blowup,,0.003445,5.088998,0.45,0.347029,3999.544323,175.0,49.254997
"GP (tuned), random warm-up",gp_tuned,2,132,False,blowup,,0.002551,5.681892,0.45,0.333262,1107.94435,103.518212,60.707523
"GP (tuned), random warm-up",gp_tuned,2,133,False,min_image,,0.0,4.072496,0.45,0.211533,6000.0,175.0,5.0
"GP (tuned), random warm-up",gp_tuned,2,134,False,blowup,,0.003248,4.683731,0.291616,0.234725,1149.244752,88.104029,81.877977
"GP (tuned), random warm-up",gp_tuned,2,135,False,blowup,,0.002781,6.561414,0.45,0.268188,6000.0,175.0,138.735723
"GP (tuned), random warm-up",gp_tuned,2,136,False,blowup,,0.003558,5.146513,0.28,0.23307,6000.0,80.0,71.185491
"GP (tuned), random warm-up",gp_tuned,2,137,False,blowup,,0.00262,5.106939,0.45,0.334545,3676.23643,159.767326,89.772856
"GP (tuned), random warm-up",gp_tuned,2,138,False,blowup,,0.002687,5.377132,0.434375,0.329087,2811.865504,141.919546,81.683389
"GP (tuned), random warm-up",gp_tuned,2,139,False,blowup,,0.004717,4.69036,0.336809,0.23214,1953.243488,116.855271,68.880129
"GP (tuned), random warm-up",gp_tuned,2,140,True,,2.646887530202545,0.048513,4.670782,0.34279,0.234862,3335.660987,94.274902,63.272001
"GP (tuned), random warm-up",gp_tuned,2,141,True,,9.160894598305987,0.048145,3.806045,0.419873,0.269964,6000.0,143.839139,138.006573
"GP (tuned), random warm-up",gp_tuned,2,142,False,blowup,,0.002887,3.809607,0.391912,0.268747,2783.490229,137.182643,110.539231
"GP (tuned), random warm-up",gp_tuned,2,143,False,blowup,,0.002586,5.343619,0.449042,0.332865,4552.686954,153.625839,90.054805
"GP (tuned), random warm-up",gp_tuned,2,144,False,blowup,,0.003409,4.627533,0.298167,0.233291,749.459773,120.842874,78.905972
"GP (tuned), random warm-up",gp_tuned,2,145,True,,9.930157912128855,0.04816,6.173266,0.45,0.270905,6000.0,157.941214,138.527726
"GP (tuned), random warm-up",gp_tuned,2,146,True,,22.54795452249743,0.047739,2.372186,0.45,0.342508,5752.180684,140.356363,99.950531
"GP (tuned), random warm-up",gp_tuned,2,147,False,blowup,,0.002786,2.164176,0.41003,0.288691,2403.240085,96.144611,150.0
"GP (tuned), random warm-up",gp_tuned,2,148,False,blowup,,0.005235,3.653331,0.368595,0.237352,1313.125244,91.756888,86.63768
"GP (tuned), random warm-up",gp_tuned,2,149,False,blowup,,0.003322,3.217515,0.442912,0.245551,6000.0,175.0,5.0
"GP (tuned), random warm-up",gp_tuned,2,150,False,blowup,,0.002535,6.813063,0.418681,0.299929,1452.072262,83.03259,112.331713
"GP (tuned), random warm-up",gp_tuned,3,1,True,,2.762212235566312,0.042769,1.495074,0.422791,0.224266,3588.143434,121.520885,7.718461
"GP (tuned), random warm-up",gp_tuned,3,2,False,min_image,,0.0,5.863766,0.304713,0.290634,1607.231247,113.620982,76.432209
"GP (tuned), random warm-up",gp_tuned,3,3,False,blowup,,0.003663,3.816525,0.373971,0.261272,3685.071826,106.11741,70.918126
"GP (tuned), random warm-up",gp_tuned,3,4,False,blowup,,0.00335,7.251456,0.402132,0.204123,1199.217044,110.904087,122.294735
"GP (tuned), random warm-up",gp_tuned,3,5,False,blowup,,0.002483,6.50997,0.401306,0.204624,2168.296581,133.463159,113.482828
"GP (tuned), random warm-up",gp_tuned,3,6,True,,15.073120025618763,0.044657,5.638804,0.428082,0.362246,2495.098497,87.144011,115.28388
"GP (tuned), random warm-up",gp_tuned,3,7,False,blowup,,0.002467,4.121303,0.341598,0.303219,2961.060189,156.794412,50.861257
"GP (tuned), random warm-up",gp_tuned,3,8,True,,2.267843819680471,0.042276,6.782897,0.368673,0.22852,2092.676226,156.667154,51.32678
"GP (tuned), random warm-up",gp_tuned,3,9,False,blowup,,0.002407,4.539018,0.436065,0.241393,5584.103593,106.345689,30.529007
"GP (tuned), random warm-up",gp_tuned,3,10,True,,0.6760224413835181,0.04574,1.813516,0.29462,0.333125,2245.59959,114.356809,81.286095
"GP (tuned), random warm-up",gp_tuned,3,11,False,min_image,,0.0,7.428349,0.45,0.247752,6000.0,175.0,150.0
"GP (tuned), random warm-up",gp_tuned,3,12,False,blowup,,0.00242,8.0,0.402688,0.202374,1110.15465,108.146837,131.844989
"GP (tuned), random warm-up",gp_tuned,3,13,True,,0.7291051400856258,0.045876,1.710916,0.290749,0.332212,2236.737474,115.522567,80.067049
"GP (tuned), random warm-up",gp_tuned,3,14,False,blowup,,0.002352,2.91253,0.382196,0.349313,2998.341205,156.868928,78.999189
"GP (tuned), random warm-up",gp_tuned,3,15,False,blowup,,0.002378,1.982958,0.370945,0.341773,3668.255154,175.0,87.254099
"GP (tuned), random warm-up",gp_tuned,3,16,False,blowup,,0.00254,4.658185,0.326993,0.292717,2445.452406,140.078216,52.720442
"GP (tuned), random warm-up",gp_tuned,3,17,True,,0.9551803518379818,0.045695,1.826403,0.284891,0.329119,2001.586649,105.70109,81.328448
"GP (tuned), random warm-up",gp_tuned,3,18,True,,1.1477553886655827,0.046656,1.164645,0.295722,0.336354,2687.902983,145.743494,67.597117
"GP (tuned), random warm-up",gp_tuned,3,19,False,blowup,,0.002376,3.73762,0.361668,0.327962,2568.185109,95.16539,127.586837
"GP (tuned), random warm-up",gp_tuned,3,20,False,blowup,,0.00325,5.287035,0.323507,0.280834,2175.213249,80.0,77.980232
"GP (tuned), random warm-up",gp_tuned,3,21,True,,1.075803428861659,0.044323,4.081893,0.302086,0.327653,2972.517356,96.109529,130.084508
"GP (tuned), random warm-up",gp_tuned,3,22,False,blowup,,0.022018,1.0,0.365213,0.256561,3473.841107,173.368159,5.0
"GP (tuned), random warm-up",gp_tuned,3,23,False,min_image,,0.0,1.314998,0.33668,0.34688,1322.503651,175.0,5.0
"GP (tuned), random warm-up",gp_tuned,3,24,False,blowup,,0.013801,4.763578,0.310681,0.330298,728.264163,151.989728,51.311478
"GP (tuned), random warm-up",gp_tuned,3,25,False,blowup,,0.003846,4.642687,0.302151,0.324035,400.0,152.532971,15.128368
"GP (tuned), random warm-up",gp_tuned,3,26,False,blowup,,0.002577,5.935745,0.32817,0.293584,400.0,158.256526,5.0
"GP (tuned), random warm-up",gp_tuned,3,27,False,blowup,,0.002847,6.62415,0.30915,0.320534,400.0,175.0,5.0
"GP (tuned), random warm-up",gp_tuned,3,28,True,,2.79777721770799,0.043579,8.0,0.28,0.2,400.0,175.0,70.080188
"GP (tuned), random warm-up",gp_tuned,3,29,False,min_image,,0.0,8.0,0.29764,0.337925,400.0,175.0,5.0
"GP (tuned), random warm-up",gp_tuned,3,30,False,blowup,,0.002456,8.0,0.364324,0.206654,400.0,175.0,55.4105
"GP (tuned), random warm-up",gp_tuned,3,31,False,blowup,,0.002367,8.0,0.45,0.252341,400.0,175.0,5.0
"GP (tuned), random warm-up",gp_tuned,3,32,False,blowup,,0.002351,8.0,0.45,0.347395,400.0,175.0,5.0
"GP (tuned), random warm-up",gp_tuned,3,33,False,blowup,,0.002319,8.0,0.290379,0.2,400.0,175.0,5.0
"GP (tuned), random warm-up",gp_tuned,3,34,False,blowup,,0.002792,8.0,0.28,0.208365,400.0,175.0,40.358024
"GP (tuned), random warm-up",gp_tuned,3,35,False,blowup,,0.002299,8.0,0.41533,0.2,400.0,175.0,121.687309
"GP (tuned), random warm-up",gp_tuned,3,36,False,blowup,,0.002335,8.0,0.45,0.2,400.0,175.0,5.0
"GP (tuned), random warm-up",gp_tuned,3,37,False,blowup,,0.002316,8.0,0.45,0.291986,400.0,175.0,5.0
"GP (tuned), random warm-up",gp_tuned,3,38,False,min_image,,0.0,8.0,0.45,0.337979,400.0,175.0,5.0
"GP (tuned), random warm-up",gp_tuned,3,39,False,blowup,,0.01041,8.0,0.310962,0.220092,400.0,175.0,5.0
"GP (tuned), random warm-up",gp_tuned,3,40,False,blowup,,0.002328,8.0,0.45,0.4,400.0,175.0,5.0
"GP (tuned), random warm-up",gp_tuned,3,41,False,blowup,,0.002395,8.0,0.379492,0.4,400.0,175.0,5.0
"GP (tuned), random warm-up",gp_tuned,3,42,False,min_image,,0.0,8.0,0.45,0.2,400.0,175.0,150.0
"GP (tuned), random warm-up",gp_tuned,3,43,False,min_image,,0.0,8.0,0.311385,0.224641,400.0,175.0,66.271377
"GP (tuned), random warm-up",gp_tuned,3,44,False,min_image,,0.0,1.0,0.45,0.384373,400.0,175.0,5.0
"GP (tuned), random warm-up",gp_tuned,3,45,False,min_image,,0.0,8.0,0.385394,0.34212,400.0,175.0,5.0
"GP (tuned), random warm-up",gp_tuned,3,46,True,,0.5278316963224602,0.047259,1.806101,0.304051,0.336134,2532.569828,122.128999,83.268886
"GP (tuned), random warm-up",gp_tuned,3,47,True,,0.9173899765755654,0.047105,1.79994,0.341396,0.294719,2173.35816,115.188477,96.753472
"GP (tuned), random warm-up",gp_tuned,3,48,False,blowup,,0.002721,5.241567,0.306405,0.272282,2068.182111,88.629391,59.852037
"GP (tuned), random warm-up",gp_tuned,3,49,False,blowup,,0.00261,4.372583,0.288068,0.353018,5619.650202,150.015024,51.204856
"GP (tuned), random warm-up",gp_tuned,3,50,False,blowup,,0.002534,7.856091,0.397944,0.381297,5599.869178,155.603922,50.564565
"GP (tuned), random warm-up",gp_tuned,3,51,False,min_image,,0.0,8.0,0.416089,0.379311,400.0,175.0,5.0
"GP (tuned), random warm-up",gp_tuned,3,52,False,blowup,,0.003104,8.0,0.336437,0.280486,1229.118802,122.850092,111.862157
"GP (tuned), random warm-up",gp_tuned,3,53,False,blowup,,0.002552,5.163182,0.29804,0.266214,2171.744218,80.0,70.141939
"GP (tuned), random warm-up",gp_tuned,3,54,False,blowup,,0.003074,8.0,0.45,0.2,3402.706993,91.3191,150.0
"GP (tuned), random warm-up",gp_tuned,3,55,True,,1.4455126821210709,0.045001,3.635302,0.359436,0.283194,4294.196888,94.348721,142.225276
"GP (tuned), random warm-up",gp_tuned,3,56,False,min_image,,0.0,1.0,0.285263,0.353928,3224.410552,111.66192,72.330988
"GP (tuned), random warm-up",gp_tuned,3,57,True,,1.0073473457352449,0.047712,1.0,0.290991,0.362567,2773.271501,122.904956,73.566678
"GP (tuned), random warm-up",gp_tuned,3,58,False,blowup,,0.00249,1.805234,0.448375,0.370801,3243.817976,129.764715,138.388554
"GP (tuned), random warm-up",gp_tuned,3,59,True,,0.7212227053970293,0.045498,1.760803,0.33776,0.250567,5727.838648,111.494166,96.228584
"GP (tuned), random warm-up",gp_tuned,3,60,True,,7.094542380448272,0.043743,8.0,0.45,0.2,1462.947554,166.700954,5.0
"GP (tuned), random warm-up",gp_tuned,3,61,False,blowup,,0.002453,8.0,0.45,0.2,736.035292,120.993001,124.284707
"GP (tuned), random warm-up",gp_tuned,3,62,False,blowup,,0.002602,7.238685,0.34744,0.210628,5518.63891,156.844553,50.545501
"GP (tuned), random warm-up",gp_tuned,3,63,False,blowup,,0.002537,1.0,0.41397,0.391347,4169.285919,175.0,92.016571
"GP (tuned), random warm-up",gp_tuned,3,64,False,blowup,,0.00247,7.193442,0.418059,0.224857,1046.641218,175.0,52.604275
"GP (tuned), random warm-up",gp_tuned,3,65,False,blowup,,0.003558,7.527503,0.286616,0.265799,599.192643,122.102185,35.394348
"GP (tuned), random warm-up",gp_tuned,3,66,True,,2.557044842543288,0.045132,7.088438,0.28,0.2,1358.84281,175.0,82.85126
"GP (tuned), random warm-up",gp_tuned,3,67,False,blowup,,0.002527,5.901229,0.321736,0.295388,5249.466899,89.14993,94.723398
"GP (tuned), random warm-up",gp_tuned,3,68,True,,1.2181170254534557,0.045366,4.381176,0.350795,0.328454,2733.628312,121.833007,103.835065
"GP (tuned), random warm-up",gp_tuned,3,69,False,min_image,,0.0,1.557188,0.294378,0.377346,2714.951733,121.902122,58.067915
"GP (tuned), random warm-up",gp_tuned,3,70,False,min_image,,0.0,1.0,0.316223,0.271286,6000.0,113.056341,28.489038
"GP (tuned), random warm-up",gp_tuned,3,71,True,,10.900463317498701,0.047605,1.0,0.395701,0.390192,3095.159019,174.996367,75.092282
"GP (tuned), random warm-up",gp_tuned,3,72,True,,0.5787063712976663,0.046445,2.126906,0.298516,0.342517,1277.465983,121.640951,94.688153
"GP (tuned), random warm-up",gp_tuned,3,73,True,,0.5133425227862856,0.04719,2.015822,0.346782,0.263521,3971.392682,122.96469,128.285308
"GP (tuned), random warm-up",gp_tuned,3,74,True,,2.1773399430660763,0.045984,5.658935,0.28,0.2,2768.480872,151.978005,78.651197
"GP (tuned), random warm-up",gp_tuned,3,75,False,blowup,,0.00286,8.0,0.409841,0.2,2686.904321,91.981867,123.944451
"GP (tuned), random warm-up",gp_tuned,3,76,True,,1.316363330031562,0.046391,1.0,0.311201,0.234383,4678.996084,99.625206,69.540928
"GP (tuned), random warm-up",gp_tuned,3,77,False,min_image,,0.0,8.0,0.441973,0.2,400.0,175.0,93.897138
"GP (tuned), random warm-up",gp_tuned,3,78,False,blowup,,0.003006,1.149361,0.368498,0.264046,4094.832631,173.058077,30.979286
"GP (tuned), random warm-up",gp_tuned,3,79,True,,1.2457195243942718,0.04703,2.25228,0.281642,0.30458,400.0,114.686812,71.799432
"GP (tuned), random warm-up",gp_tuned,3,80,True,,0.8485980413500478,0.047106,1.992572,0.29085,0.277129,2510.694833,122.442647,89.366533
"GP (tuned), random warm-up",gp_tuned,3,81,False,min_image,,0.0,1.0,0.381876,0.369066,400.0,135.28362,28.566266
"GP (tuned), random warm-up",gp_tuned,3,82,True,,2.10646561750994,0.045029,1.0,0.399027,0.2,4675.040616,119.092951,5.0
"GP (tuned), random warm-up",gp_tuned,3,83,False,min_image,,0.0,8.0,0.364213,0.34021,6000.0,175.0,5.0
"GP (tuned), random warm-up",gp_tuned,3,84,False,min_image,,0.0,8.0,0.287577,0.369121,400.0,175.0,5.0
"GP (tuned), random warm-up",gp_tuned,3,85,False,min_image,,0.0,8.0,0.311909,0.376594,935.929903,175.0,5.0
"GP (tuned), random warm-up",gp_tuned,3,86,False,min_image,,0.0,1.0,0.315266,0.4,1150.294865,175.0,5.0
"GP (tuned), random warm-up",gp_tuned,3,87,False,blowup,,0.002498,1.0,0.383269,0.4,1980.953636,175.0,150.0
"GP (tuned), random warm-up",gp_tuned,3,88,False,min_image,,0.0,8.0,0.449664,0.234442,3961.727991,130.725514,5.0
"GP (tuned), random warm-up",gp_tuned,3,89,False,min_image,,0.0,8.0,0.379671,0.202764,718.788174,165.391186,145.145161
"GP (tuned), random warm-up",gp_tuned,3,90,False,min_image,,0.0,8.0,0.316979,0.4,2854.900401,168.000857,5.0
"GP (tuned), random warm-up",gp_tuned,3,91,False,blowup,,0.003784,1.0,0.28,0.2,4960.983073,80.0,150.0
"GP (tuned), random warm-up",gp_tuned,3,92,False,min_image,,0.0,1.0,0.45,0.23567,400.0,156.389454,40.678491
"GP (tuned), random warm-up",gp_tuned,3,93,False,blowup,,0.002515,8.0,0.292984,0.4,650.75288,175.0,45.416742
"GP (tuned), random warm-up",gp_tuned,3,94,False,min_image,,0.0,8.0,0.359227,0.327995,6000.0,175.0,5.0
"GP (tuned), random warm-up",gp_tuned,3,95,False,min_image,,0.0,8.0,0.28,0.4,6000.0,175.0,5.0
"GP (tuned), random warm-up",gp_tuned,3,96,False,min_image,,0.0,8.0,0.284419,0.387927,4849.666519,175.0,5.0
"GP (tuned), random warm-up",gp_tuned,3,97,False,min_image,,0.0,5.333824,0.45,0.263526,400.0,110.814124,5.0
"GP (tuned), random warm-up",gp_tuned,3,98,False,blowup,,0.002581,8.0,0.294701,0.2,2141.99193,144.225659,5.0
"GP (tuned), random warm-up",gp_tuned,3,99,False,min_image,,0.0,1.0,0.448048,0.2,1242.977379,80.0,5.0
"GP (tuned), random warm-up",gp_tuned,3,100,False,blowup,,0.002493,1.0,0.357299,0.4,6000.0,175.0,5.0
"GP (tuned), random warm-up",gp_tuned,3,101,False,blowup,,0.002556,1.0,0.332349,0.4,6000.0,80.0,150.0
"GP (tuned), random warm-up",gp_tuned,3,102,False,min_image,,0.0,5.848998,0.45,0.204832,400.0,175.0,10.954679
"GP (tuned), random warm-up",gp_tuned,3,103,False,min_image,,0.0,2.149675,0.45,0.2,400.0,174.981135,83.459619
"GP (tuned), random warm-up",gp_tuned,3,104,False,blowup,,0.002532,1.0,0.359849,0.316759,6000.0,84.633294,27.839722
"GP (tuned), random warm-up",gp_tuned,3,105,False,blowup,,0.002524,3.536974,0.437576,0.4,5447.254694,119.47816,150.0
"GP (tuned), random warm-up",gp_tuned,3,106,False,min_image,,0.0,1.0,0.45,0.353596,400.0,80.0,5.0
"GP (tuned), random warm-up",gp_tuned,3,107,False,min_image,,0.0,1.0,0.28,0.2,6000.0,152.769533,5.0
"GP (tuned), random warm-up",gp_tuned,3,108,False,min_image,,0.0,1.0,0.36501,0.2,3087.875852,99.059151,10.295141
"GP (tuned), random warm-up",gp_tuned,3,109,False,min_image,,0.0,1.0,0.45,0.4,400.0,175.0,5.0
"GP (tuned), random warm-up",gp_tuned,3,110,False,blowup,,0.006821,1.0,0.28,0.2,4496.790792,80.0,105.545963
"GP (tuned), random warm-up",gp_tuned,3,111,False,min_image,,0.0,8.0,0.388288,0.2553,699.822875,146.197776,150.0
"GP (tuned), random warm-up",gp_tuned,3,112,False,blowup,,0.002534,8.0,0.45,0.35822,6000.0,175.0,150.0
"GP (tuned), random warm-up",gp_tuned,3,113,False,min_image,,0.0,8.0,0.357588,0.363861,6000.0,175.0,5.0
"GP (tuned), random warm-up",gp_tuned,3,114,False,min_image,,0.0,1.0,0.28,0.2,6000.0,175.0,5.0
"GP (tuned), random warm-up",gp_tuned,3,115,False,blowup,,0.002658,8.0,0.45,0.358032,6000.0,80.0,5.0
"GP (tuned), random warm-up",gp_tuned,3,116,False,min_image,,0.0,8.0,0.45,0.247111,3913.304034,171.573515,5.0
"GP (tuned), random warm-up",gp_tuned,3,117,False,blowup,,0.018017,1.0,0.28,0.355535,6000.0,175.0,5.0
"GP (tuned), random warm-up",gp_tuned,3,118,False,blowup,,0.002695,8.0,0.28,0.4,5327.808376,80.0,6.885184
"GP (tuned), random warm-up",gp_tuned,3,119,False,min_image,,0.0,8.0,0.432027,0.236856,400.0,175.0,10.446129
"GP (tuned), random warm-up",gp_tuned,3,120,False,min_image,,0.0,8.0,0.28,0.249169,4454.195175,175.0,5.0
"GP (tuned), random warm-up",gp_tuned,3,121,False,blowup,,0.002507,8.0,0.413535,0.4,3410.539371,175.0,65.664657
"GP (tuned), random warm-up",gp_tuned,3,122,False,blowup,,0.002504,8.0,0.45,0.279508,6000.0,80.329291,150.0
"GP (tuned), random warm-up",gp_tuned,3,123,False,blowup,,0.002723,8.0,0.28,0.218309,4953.203673,175.0,19.460571
"GP (tuned), random warm-up",gp_tuned,3,124,False,blowup,,0.008841,1.0,0.45,0.227585,2643.565699,80.0,150.0
"GP (tuned), random warm-up",gp_tuned,3,125,False,blowup,,0.02619,1.0,0.28,0.235085,6000.0,175.0,150.0
"GP (tuned), random warm-up",gp_tuned,3,126,False,blowup,,0.003082,1.0,0.28,0.2,1437.995656,171.291626,150.0
"GP (tuned), random warm-up",gp_tuned,3,127,False,blowup,,0.002803,8.0,0.282459,0.245645,5079.312834,175.0,5.0
"GP (tuned), random warm-up",gp_tuned,3,128,False,min_image,,0.0,8.0,0.45,0.34577,5726.229154,125.064627,13.479346
"GP (tuned), random warm-up",gp_tuned,3,129,True,,1.286339453040995,0.048452,1.0,0.384174,0.2,844.282521,175.0,5.0
"GP (tuned), random warm-up",gp_tuned,3,130,False,blowup,,0.002617,8.0,0.427883,0.4,6000.0,80.0,150.0
"GP (tuned), random warm-up",gp_tuned,3,131,False,blowup,,0.00258,8.0,0.45,0.4,1548.717587,80.0,150.0
"GP (tuned), random warm-up",gp_tuned,3,132,False,blowup,,0.002665,8.0,0.45,0.36538,6000.0,80.0,23.8566
"GP (tuned), random warm-up",gp_tuned,3,133,False,min_image,,0.0,8.0,0.409454,0.258339,5563.804718,135.95082,5.0
"GP (tuned), random warm-up",gp_tuned,3,134,False,blowup,,0.002689,8.0,0.45,0.4,6000.0,84.690286,104.227537
"GP (tuned), random warm-up",gp_tuned,3,135,False,min_image,,0.0,8.0,0.437239,0.2,4434.503006,108.689644,150.0
"GP (tuned), random warm-up",gp_tuned,3,136,False,blowup,,0.002505,1.0,0.28,0.4,6000.0,80.0,5.0
"GP (tuned), random warm-up",gp_tuned,3,137,False,blowup,,0.002715,1.0,0.28,0.396517,6000.0,146.138391,136.431871
"GP (tuned), random warm-up",gp_tuned,3,138,False,blowup,,0.002571,8.0,0.286875,0.393887,6000.0,164.516454,5.0
"GP (tuned), random warm-up",gp_tuned,3,139,False,min_image,,0.0,1.0,0.365367,0.377658,2295.162716,80.0,5.0
"GP (tuned), random warm-up",gp_tuned,3,140,False,blowup,,0.002523,8.0,0.28,0.385016,400.0,175.0,150.0
"GP (tuned), random warm-up",gp_tuned,3,141,False,blowup,,0.00262,1.0,0.45,0.4,2017.894428,80.0,150.0
"GP (tuned), random warm-up",gp_tuned,3,142,False,blowup,,0.002929,8.0,0.352702,0.269891,400.0,84.132006,33.107076
"GP (tuned), random warm-up",gp_tuned,3,143,True,,2.7494593738554025,0.048229,8.0,0.441285,0.253507,4981.576864,125.82389,63.835607
"GP (tuned), random warm-up",gp_tuned,3,144,False,min_image,,0.0,1.0,0.291255,0.29299,400.0,164.709563,43.148525
"GP (tuned), random warm-up",gp_tuned,3,145,False,min_image,,0.0,1.0,0.372976,0.4,400.0,103.579025,5.0
"GP (tuned), random warm-up",gp_tuned,3,146,False,min_image,,0.0,1.0,0.28,0.23468,400.0,175.0,5.0
"GP (tuned), random warm-up",gp_tuned,3,147,False,min_image,,0.0,8.0,0.310945,0.211242,3453.085749,168.568598,92.224826
"GP (tuned), random warm-up",gp_tuned,3,148,False,blowup,,0.002593,2.222897,0.343707,0.316505,400.0,157.430615,114.868241
"GP (tuned), random warm-up",gp_tuned,3,149,False,min_image,,0.0,2.642781,0.335217,0.2,400.0,175.0,36.938978
"GP (tuned), random warm-up",gp_tuned,3,150,False,blowup,,0.00261,3.089255,0.284377,0.306131,1619.104284,151.896578,119.760201
"GP (tuned), random warm-up",gp_tuned,4,1,True,,2.4895344077763903,0.051332,7.30435,0.309358,0.371124,3810.599368,136.767839,25.512305
"GP (tuned), random warm-up",gp_tuned,4,2,False,blowup,,0.002701,5.430742,0.280877,0.314471,2424.379527,137.392534,61.806098
"GP (tuned), random warm-up",gp_tuned,4,3,False,blowup,,0.002585,5.5074,0.417881,0.203805,622.770026,169.775366,69.720634
"GP (tuned), random warm-up",gp_tuned,4,4,True,,15.85646311663239,0.047469,7.061179,0.4234,0.385031,5273.716268,159.349387,42.840951
"GP (tuned), random warm-up",gp_tuned,4,5,True,,0.855716284560447,0.048439,2.265044,0.33374,0.248208,2502.063231,140.103078,37.339716
"GP (tuned), random warm-up",gp_tuned,4,6,True,,2.4708964082872282,0.047947,4.274252,0.34099,0.216634,1816.293832,84.503522,139.763965
"GP (tuned), random warm-up",gp_tuned,4,7,False,blowup,,0.002984,1.529945,0.39655,0.389415,2167.771553,163.245847,106.234013
"GP (tuned), random warm-up",gp_tuned,4,8,True,,5.3760852799187155,0.050023,6.927056,0.404685,0.339796,4149.255291,87.598028,11.473935
"GP (tuned), random warm-up",gp_tuned,4,9,True,,0.7829891980013508,0.050605,1.702663,0.290923,0.38879,1312.081628,136.227997,142.801426
"GP (tuned), random warm-up",gp_tuned,4,10,False,min_image,,0.0,3.149089,0.421635,0.385874,1122.037881,158.957866,119.079206
"GP (tuned), random warm-up",gp_tuned,4,11,True,,1.505727684642247,0.047932,1.0,0.28,0.4,400.0,175.0,5.0
"GP (tuned), random warm-up",gp_tuned,4,12,False,blowup,,0.002583,3.948121,0.340275,0.4,2237.586609,174.714558,107.733906
"GP (tuned), random warm-up",gp_tuned,4,13,False,blowup,,0.002724,4.637125,0.297974,0.371257,2418.383842,154.046964,65.607628
"GP (tuned), random warm-up",gp_tuned,4,14,False,blowup,,0.002571,8.0,0.28,0.4,3243.760345,80.0,150.0
"GP (tuned), random warm-up",gp_tuned,4,15,False,blowup,,0.002714,3.909404,0.399289,0.360925,1048.435187,175.0,137.751
"GP (tuned), random warm-up",gp_tuned,4,16,False,blowup,,0.002943,1.0,0.400232,0.4,2200.61086,175.0,101.184166
"GP (tuned), random warm-up",gp_tuned,4,17,False,blowup,,0.002569,5.984371,0.415607,0.2,661.738946,171.012104,88.527609
"GP (tuned), random warm-up",gp_tuned,4,18,False,blowup,,0.002559,8.0,0.28,0.376155,3149.204997,80.0,128.27732
"GP (tuned), random warm-up",gp_tuned,4,19,False,blowup,,0.002694,5.906012,0.28,0.338975,2437.290534,128.491268,61.725436
"GP (tuned), random warm-up",gp_tuned,4,20,False,blowup,,0.002577,8.0,0.28,0.4,2388.385352,80.0,73.396314
"GP (tuned), random warm-up",gp_tuned,4,21,True,,1.5191284647779715,0.0522,1.0,0.28,0.4,1192.645404,175.0,128.414544
"GP (tuned), random warm-up",gp_tuned,4,22,False,blowup,,0.002668,2.864717,0.45,0.380531,1115.928735,145.220265,113.262218
"GP (tuned), random warm-up",gp_tuned,4,23,False,blowup,,0.002653,3.433693,0.4092,0.393221,1228.405368,126.509615,100.038842
"GP (tuned), random warm-up",gp_tuned,4,24,False,blowup,,0.002517,8.0,0.324919,0.4,400.0,80.0,150.0
"GP (tuned), random warm-up",gp_tuned,4,25,False,min_image,,0.0,8.0,0.45,0.293491,1446.28933,165.751673,150.0
"GP (tuned), random warm-up",gp_tuned,4,26,False,blowup,,0.00251,8.0,0.28,0.2,2862.903385,175.0,150.0
"GP (tuned), random warm-up",gp_tuned,4,27,False,min_image,,0.0,8.0,0.45,0.4,400.0,80.0,150.0
"GP (tuned), random warm-up",gp_tuned,4,28,False,blowup,,0.002565,3.77971,0.417976,0.350531,1030.427693,172.006142,139.570755
"GP (tuned), random warm-up",gp_tuned,4,29,False,min_image,,0.0,3.626636,0.423115,0.38855,1133.74913,155.882514,115.141173
"GP (tuned), random warm-up",gp_tuned,4,30,False,blowup,,0.00254,8.0,0.339264,0.4,401.576317,80.0,150.0
"GP (tuned), random warm-up",gp_tuned,4,31,False,min_image,,0.0,7.170406,0.374199,0.358798,1382.530451,119.471711,123.915012
"GP (tuned), random warm-up",gp_tuned,4,32,True,,5.058558926214853,0.049643,6.513287,0.41821,0.341587,1084.248828,88.897187,131.722344
"GP (tuned), random warm-up",gp_tuned,4,33,False,min_image,,0.0,8.0,0.45,0.2,6000.0,175.0,5.0
"GP (tuned), random warm-up",gp_tuned,4,34,False,min_image,,0.0,1.392743,0.422815,0.4,2302.836517,175.0,54.396145
"GP (tuned), random warm-up",gp_tuned,4,35,False,blowup,,0.002632,5.077021,0.447384,0.335095,1004.830097,172.932728,129.562953
"GP (tuned), random warm-up",gp_tuned,4,36,False,min_image,,0.0,6.924427,0.430454,0.369787,1353.428146,117.085939,104.666772
"GP (tuned), random warm-up",gp_tuned,4,37,True,,3.1462902013472926,0.047831,6.408163,0.445978,0.335534,2646.245733,169.030802,51.437915
"GP (tuned), random warm-up",gp_tuned,4,38,True,,1.6625935144631157,0.048553,3.082679,0.379258,0.201427,2436.745199,133.210636,136.039777
"GP (tuned), random warm-up",gp_tuned,4,39,False,blowup,,0.003932,1.0,0.28,0.2,4645.921706,80.0,5.0
"GP (tuned), random warm-up",gp_tuned,4,40,True,,1.2224258823914338,0.049886,1.081838,0.298885,0.226554,2592.120371,154.116616,30.91776
"GP (tuned), random warm-up",gp_tuned,4,41,False,blowup,,0.002534,8.0,0.28,0.4,4193.292438,175.0,5.0
"GP (tuned), random warm-up",gp_tuned,4,42,True,,2.2050066554106493,0.049741,1.0,0.343469,0.321909,2487.032838,135.497947,5.0
"GP (tuned), random warm-up",gp_tuned,4,43,True,,0.8856123077424144,0.050496,2.154143,0.28498,0.221389,2450.181598,144.290609,45.401187
"GP (tuned), random warm-up",gp_tuned,4,44,True,,2.4548188786625387,0.050758,3.623983,0.302837,0.237973,2428.003841,158.443356,5.0
"GP (tuned), random warm-up",gp_tuned,4,45,False,blowup,,0.00256,2.80699,0.45,0.4,2935.941577,91.295524,75.961916
"GP (tuned), random warm-up",gp_tuned,4,46,False,blowup,,0.002548,4.671491,0.449767,0.4,1485.078771,83.482161,94.532743
"GP (tuned), random warm-up",gp_tuned,4,47,False,blowup,,0.002522,1.388603,0.45,0.4,400.0,99.728776,150.0
"GP (tuned), random warm-up",gp_tuned,4,48,True,,3.0019366034229322,0.047075,2.145007,0.401676,0.259858,2600.346334,128.428999,54.174814
"GP (tuned), random warm-up",gp_tuned,4,49,True,,0.7941016619543828,0.050691,1.900921,0.28,0.235016,2369.049046,125.38386,43.313644
"GP (tuned), random warm-up",gp_tuned,4,50,False,blowup,,0.003333,1.0,0.28,0.2,2259.201262,80.0,34.316384
"GP (tuned), random warm-up",gp_tuned,4,51,False,blowup,,0.002594,5.954829,0.45,0.2,2493.6597,80.0,78.386532
"GP (tuned), random warm-up",gp_tuned,4,52,False,blowup,,0.002951,1.0,0.28,0.2,400.0,112.03478,72.603024
"GP (tuned), random warm-up",gp_tuned,4,53,False,blowup,,0.002536,6.700268,0.440319,0.316792,972.350906,163.308832,130.982519
"GP (tuned), random warm-up",gp_tuned,4,54,False,blowup,,0.002551,1.667671,0.45,0.389772,2864.784397,81.359389,76.698037
"GP (tuned), random warm-up",gp_tuned,4,55,False,min_image,,0.0,6.518348,0.45,0.4,1569.705228,158.013056,79.602918
"GP (tuned), random warm-up",gp_tuned,4,56,False,min_image,,0.0,5.628037,0.45,0.2,1890.101018,80.0,150.0
"GP (tuned), random warm-up",gp_tuned,4,57,True,,17.78724297691169,0.046363,8.0,0.45,0.4,400.0,80.0,150.0
"GP (tuned), random warm-up",gp_tuned,4,58,True,,0.9770166892191676,0.049139,2.211036,0.311278,0.244253,2479.557924,145.677106,38.683488
"GP (tuned), random warm-up",gp_tuned,4,59,True,,2.902967536513694,0.049511,3.883819,0.405172,0.271181,2482.592219,105.860732,38.806564
"GP (tuned), random warm-up",gp_tuned,4,60,True,,1.4461646376888064,0.050434,1.502163,0.28,0.2,2087.622956,170.574231,51.55186
"GP (tuned), random warm-up",gp_tuned,4,61,False,min_image,,0.0,5.535893,0.420271,0.2,2473.40956,83.139233,150.0
"GP (tuned), random warm-up",gp_tuned,4,62,True,,5.005670648146895,0.048792,1.035482,0.37415,0.35494,2151.553276,175.0,103.256707
"GP (tuned), random warm-up",gp_tuned,4,63,False,blowup,,0.002585,1.337676,0.45,0.391111,4286.784795,159.228203,18.370058
"GP (tuned), random warm-up",gp_tuned,4,64,False,min_image,,0.0,1.731738,0.280556,0.237578,2071.237521,82.415335,51.431832
"GP (tuned), random warm-up",gp_tuned,4,65,False,blowup,,0.002618,1.646135,0.45,0.390761,4772.336029,89.23845,132.567426
"GP (tuned), random warm-up",gp_tuned,4,66,False,blowup,,0.002552,7.180337,0.45,0.365561,885.536826,148.187689,60.355833
"GP (tuned), random warm-up",gp_tuned,4,67,False,blowup,,0.002498,5.608779,0.438296,0.202355,582.702771,171.278153,69.51258
"GP (tuned), random warm-up",gp_tuned,4,68,False,blowup,,0.002566,3.284666,0.45,0.383136,400.0,140.472185,6.776584
"GP (tuned), random warm-up",gp_tuned,4,69,False,blowup,,0.002613,4.160342,0.45,0.361899,534.819788,163.526329,150.0
"GP (tuned), random warm-up",gp_tuned,4,70,False,blowup,,0.002723,6.437281,0.394912,0.200702,3181.617522,124.316229,57.248027
"GP (tuned), random warm-up",gp_tuned,4,71,False,blowup,,0.002485,3.628657,0.45,0.394271,3662.985299,117.179442,16.257882
"GP (tuned), random warm-up",gp_tuned,4,72,False,blowup,,0.002506,1.0,0.45,0.4,1050.419444,152.237397,139.537235
"GP (tuned), random warm-up",gp_tuned,4,73,False,min_image,,0.0,4.765907,0.45,0.399742,660.843528,149.905553,100.214021
"GP (tuned), random warm-up",gp_tuned,4,74,False,blowup,,0.002668,6.242677,0.45,0.325818,990.430488,175.0,150.0
"GP (tuned), random warm-up",gp_tuned,4,75,False,blowup,,0.004111,6.301449,0.28,0.200313,3356.059809,156.359449,109.237024
"GP (tuned), random warm-up",gp_tuned,4,76,False,blowup,,0.002571,5.263944,0.45,0.336977,400.0,143.549339,150.0
"GP (tuned), random warm-up",gp_tuned,4,77,False,blowup,,0.002485,7.514007,0.45,0.39345,400.0,175.0,150.0
"GP (tuned), random warm-up",gp_tuned,4,78,False,blowup,,0.002411,3.591046,0.45,0.384975,400.0,135.365695,150.0
"GP (tuned), random warm-up",gp_tuned,4,79,False,blowup,,0.002562,2.122029,0.45,0.397684,1529.627662,175.0,150.0
"GP (tuned), random warm-up",gp_tuned,4,80,False,blowup,,0.002632,6.411226,0.45,0.398658,400.0,124.113938,150.0
"GP (tuned), random warm-up",gp_tuned,4,81,False,min_image,,0.0,7.34432,0.367461,0.298635,2172.083556,175.0,105.14853
"GP (tuned), random warm-up",gp_tuned,4,82,False,blowup,,0.002816,1.854984,0.288739,0.2,1463.771304,90.793646,25.675155
"GP (tuned), random warm-up",gp_tuned,4,83,False,min_image,,0.0,4.394528,0.45,0.369837,400.0,175.0,150.0
"GP (tuned), random warm-up",gp_tuned,4,84,False,blowup,,0.002621,5.414726,0.45,0.373853,400.0,169.999869,150.0
"GP (tuned), random warm-up",gp_tuned,4,85,False,blowup,,0.002499,3.706321,0.45,0.352383,4192.179252,175.0,5.0
"GP (tuned), random warm-up",gp_tuned,4,86,False,blowup,,0.002804,5.858565,0.282622,0.330552,2818.033505,175.0,5.0
"GP (tuned), random warm-up",gp_tuned,4,87,False,blowup,,0.002389,7.605568,0.45,0.2,400.0,175.0,84.742604
"GP (tuned), random warm-up",gp_tuned,4,88,False,min_image,,0.0,1.681772,0.28,0.237677,2763.764839,113.85451,40.11515
"GP (tuned), random warm-up",gp_tuned,4,89,False,min_image,,0.0,7.192257,0.45,0.357844,1965.330294,161.398022,61.172102
"GP (tuned), random warm-up",gp_tuned,4,90,False,min_image,,0.0,1.828525,0.295667,0.243759,2839.546348,80.0,115.84662
"GP (tuned), random warm-up",gp_tuned,4,91,False,min_image,,0.0,6.09534,0.28,0.314343,1104.429436,173.042361,145.025851
"GP (tuned), random warm-up",gp_tuned,4,92,False,blowup,,0.002532,6.286022,0.45,0.315341,1791.726357,80.0,72.765733
"GP (tuned), random warm-up",gp_tuned,4,93,False,blowup,,0.002548,5.911285,0.45,0.32118,400.0,140.672765,150.0
"GP (tuned), random warm-up",gp_tuned,4,94,False,blowup,,0.002554,2.528029,0.45,0.375935,659.691692,126.465001,150.0
"GP (tuned), random warm-up",gp_tuned,4,95,False,blowup,,0.002728,2.65906,0.45,0.4,632.323934,145.787478,115.208231
"GP (tuned), random warm-up",gp_tuned,4,96,False,blowup,,0.002549,3.332165,0.45,0.392045,1806.277506,145.883757,80.770369
"GP (tuned), random warm-up",gp_tuned,4,97,False,blowup,,0.002585,1.499735,0.45,0.389519,479.142029,122.230034,102.522519
"GP (tuned), random warm-up",gp_tuned,4,98,False,blowup,,0.002743,3.259203,0.45,0.394453,3395.400678,80.0,94.674558
"GP (tuned), random warm-up",gp_tuned,4,99,False,blowup,,0.002577,5.965432,0.45,0.393808,495.645379,80.0,150.0
"GP (tuned), random warm-up",gp_tuned,4,100,False,min_image,,0.0,4.925491,0.45,0.4,4836.284638,103.87807,150.0
"GP (tuned), random warm-up",gp_tuned,4,101,False,min_image,,0.0,8.0,0.28,0.383452,4581.780642,80.0,69.402089
"GP (tuned), random warm-up",gp_tuned,4,102,False,blowup,,0.002518,8.0,0.45,0.297806,6000.0,80.0,5.0
"GP (tuned), random warm-up",gp_tuned,4,103,False,min_image,,0.0,5.209234,0.28,0.345238,6000.0,127.597756,150.0
"GP (tuned), random warm-up",gp_tuned,4,104,False,min_image,,0.0,3.122659,0.288657,0.348042,6000.0,146.592345,135.085309
"GP (tuned), random warm-up",gp_tuned,4,105,False,min_image,,0.0,3.191408,0.45,0.36558,6000.0,93.29452,123.297155
"GP (tuned), random warm-up",gp_tuned,4,106,False,min_image,,0.0,6.338403,0.45,0.320401,400.0,175.0,150.0
"GP (tuned), random warm-up",gp_tuned,4,107,False,blowup,,0.002633,1.681612,0.45,0.390934,4939.696912,152.26219,44.997762
"GP (tuned), random warm-up",gp_tuned,4,108,False,min_image,,0.0,6.364,0.45,0.4,1690.019148,80.0,150.0
"GP (tuned), random warm-up",gp_tuned,4,109,False,blowup,,0.00247,7.700726,0.441195,0.206418,585.480189,80.0,64.624363
"GP (tuned), random warm-up",gp_tuned,4,110,False,blowup,,0.003224,1.922081,0.28,0.204725,2367.340653,80.0,101.066404
"GP (tuned), random warm-up",gp_tuned,4,111,False,blowup,,0.002498,6.561821,0.28,0.204852,400.0,139.981506,18.506714
"GP (tuned), random warm-up",gp_tuned,4,112,False,blowup,,0.002598,3.951292,0.45,0.387284,400.0,80.0,150.0
"GP (tuned), random warm-up",gp_tuned,4,113,False,min_image,,0.0,8.0,0.28,0.377174,6000.0,104.805297,75.05541
"GP (tuned), random warm-up",gp_tuned,4,114,False,min_image,,0.0,7.734113,0.45,0.392306,736.047066,80.0,150.0
"GP (tuned), random warm-up",gp_tuned,4,115,False,blowup,,0.002562,3.808734,0.306899,0.20258,1070.208724,80.0,73.850401
"GP (tuned), random warm-up",gp_tuned,4,116,False,blowup,,0.00255,7.321021,0.284524,0.2,400.0,80.0,150.0
"GP (tuned), random warm-up",gp_tuned,4,117,False,blowup,,0.00256,5.316183,0.377241,0.321444,6000.0,86.473623,85.053812
"GP (tuned), random warm-up",gp_tuned,4,118,False,blowup,,0.002564,7.767647,0.379462,0.311995,400.0,175.0,150.0
"GP (tuned), random warm-up",gp_tuned,4,119,False,blowup,,0.002884,5.155187,0.28,0.204712,1048.342435,80.598482,43.154414
"GP (tuned), random warm-up",gp_tuned,4,120,False,blowup,,0.002468,8.0,0.308901,0.299898,400.0,89.237758,23.551234
"GP (tuned), random warm-up",gp_tuned,4,121,False,blowup,,0.002609,2.802339,0.45,0.4,4768.6349,129.804985,150.0
"GP (tuned), random warm-up",gp_tuned,4,122,False,min_image,,0.0,1.109759,0.45,0.391651,1886.461894,128.875215,118.403103
"GP (tuned), random warm-up",gp_tuned,4,123,False,min_image,,0.0,7.38089,0.45,0.321581,5449.791872,146.800794,150.0
"GP (tuned), random warm-up",gp_tuned,4,124,False,blowup,,0.003502,4.824466,0.386154,0.314022,999.189512,165.222652,5.0
"GP (tuned), random warm-up",gp_tuned,4,125,False,blowup,,0.003198,5.795694,0.45,0.209477,400.0,122.192305,5.0
"GP (tuned), random warm-up",gp_tuned,4,126,False,blowup,,0.002623,4.850262,0.374457,0.205859,400.0,90.805057,150.0
"GP (tuned), random warm-up",gp_tuned,4,127,False,min_image,,0.0,7.638623,0.423921,0.299627,400.0,172.472914,150.0
"GP (tuned), random warm-up",gp_tuned,4,128,False,min_image,,0.0,7.995053,0.45,0.304049,400.0,112.470402,150.0
"GP (tuned), random warm-up",gp_tuned,4,129,False,min_image,,0.0,7.425661,0.45,0.305991,400.0,175.0,150.0
"GP (tuned), random warm-up",gp_tuned,4,130,False,blowup,,0.002658,7.007976,0.45,0.296018,6000.0,80.0,5.0
"GP (tuned), random warm-up",gp_tuned,4,131,False,min_image,,0.0,7.771907,0.372144,0.312191,400.0,121.4112,145.679179
"GP (tuned), random warm-up",gp_tuned,4,132,False,blowup,,0.002857,6.264705,0.414327,0.324937,400.0,175.0,150.0
"GP (tuned), random warm-up",gp_tuned,4,133,False,min_image,,0.0,2.561626,0.373862,0.348989,5947.510897,174.265572,5.0
"GP (tuned), random warm-up",gp_tuned,4,134,False,min_image,,0.0,6.893734,0.437297,0.369325,1846.977688,125.818305,121.111365
"GP (tuned), random warm-up",gp_tuned,4,135,False,blowup,,0.002812,4.295239,0.45,0.4,2315.157131,94.492751,77.487072
"GP (tuned), random warm-up",gp_tuned,4,136,False,min_image,,0.0,5.139405,0.45,0.394648,400.0,80.0,150.0
"GP (tuned), random warm-up",gp_tuned,4,137,False,min_image,,0.0,7.15399,0.449834,0.362199,4287.820139,80.009906,150.0
"GP (tuned), random warm-up",gp_tuned,4,138,False,blowup,,0.002959,2.951301,0.28,0.341579,400.0,175.0,5.0
"GP (tuned), random warm-up",gp_tuned,4,139,False,blowup,,0.002781,8.0,0.382332,0.304381,400.0,175.0,126.982903
"GP (tuned), random warm-up",gp_tuned,4,140,False,blowup,,0.002756,7.161638,0.45,0.396107,3002.306851,130.062893,150.0
"GP (tuned), random warm-up",gp_tuned,4,141,False,blowup,,0.002655,8.0,0.424707,0.289,3630.149983,84.633749,5.0
"GP (tuned), random warm-up",gp_tuned,4,142,False,blowup,,0.002639,7.139875,0.45,0.219203,400.0,80.0,150.0
"GP (tuned), random warm-up",gp_tuned,4,143,False,blowup,,0.002803,8.0,0.364025,0.27783,2023.036725,80.0,16.21998
"GP (tuned), random warm-up",gp_tuned,4,144,False,blowup,,0.002752,7.217338,0.28,0.284084,400.0,82.878348,58.315248
"GP (tuned), random warm-up",gp_tuned,4,145,False,blowup,,0.002911,7.922609,0.45,0.241152,400.0,80.0,5.0
"GP (tuned), random warm-up",gp_tuned,4,146,False,blowup,,0.002742,8.0,0.318806,0.256463,400.0,80.0,23.534988
"GP (tuned), random warm-up",gp_tuned,4,147,False,blowup,,0.002685,6.690315,0.361013,0.235602,400.0,80.0,79.006353
"GP (tuned), random warm-up",gp_tuned,4,148,False,blowup,,0.002666,7.168771,0.421905,0.248587,400.0,122.469124,90.515377
"GP (tuned), random warm-up",gp_tuned,4,149,False,blowup,,0.002673,5.085801,0.45,0.218799,400.0,80.0,150.0
"GP (tuned), random warm-up",gp_tuned,4,150,False,blowup,,0.002678,7.328039,0.448617,0.266692,6000.0,169.600083,5.0
"GP (tuned), random warm-up",gp_tuned,5,1,False,min_image,,0.0,1.386261,0.421326,0.272747,5884.891995,88.532999,62.526808
"GP (tuned), random warm-up",gp_tuned,5,2,True,,4.34177715373172,0.050384,6.657972,0.390408,0.363895,1758.22627,152.615398,21.08061
"GP (tuned), random warm-up",gp_tuned,5,3,False,min_image,,0.0,4.665727,0.363663,0.346374,481.652206,88.869488,124.850366
"GP (tuned), random warm-up",gp_tuned,5,4,False,blowup,,0.002715,4.92936,0.295393,0.399198,3073.449632,145.066983,127.289413
"GP (tuned), random warm-up",gp_tuned,5,5,False,blowup,,0.002677,5.836518,0.418749,0.385129,432.116317,148.453159,101.723575
"GP (tuned), random warm-up",gp_tuned,5,6,True,,3.546834043746747,0.04903,5.05805,0.290966,0.235449,2312.551682,137.826745,33.343869
"GP (tuned), random warm-up",gp_tuned,5,7,False,blowup,,0.010997,4.320216,0.290576,0.255069,1665.534965,169.590086,59.704822
"GP (tuned), random warm-up",gp_tuned,5,8,True,,6.570350026765715,0.050133,6.154203,0.437641,0.336847,2775.551952,133.80338,36.171987
"GP (tuned), random warm-up",gp_tuned,5,9,False,blowup,,0.002555,5.505774,0.302821,0.235344,2185.660389,170.824617,37.854852
"GP (tuned), random warm-up",gp_tuned,5,10,True,,1.4024010194431225,0.04786,6.679691,0.449053,0.270545,3110.737668,150.50236,59.052275
"GP (tuned), random warm-up",gp_tuned,5,11,False,blowup,,0.002612,5.521067,0.313025,0.231251,1786.852248,171.830797,38.231168
"GP (tuned), random warm-up",gp_tuned,5,12,True,,2.6575659925504724,0.049233,6.633842,0.34194,0.21069,5233.639525,150.170825,72.191903
"GP (tuned), random warm-up",gp_tuned,5,13,True,,0.7903664957200675,0.0504,1.926697,0.353386,0.266511,4069.956519,122.755963,61.052258
"GP (tuned), random warm-up",gp_tuned,5,14,False,min_image,,0.0,5.67155,0.341249,0.312561,2835.208536,118.888751,120.671569
"GP (tuned), random warm-up",gp_tuned,5,15,False,blowup,,0.002731,4.801601,0.331019,0.370771,1957.481929,119.012004,125.014512
"GP (tuned), random warm-up",gp_tuned,5,16,True,,64.73512556451139,0.049529,6.092388,0.426406,0.4,5768.891673,117.422352,115.456542
"GP (tuned), random warm-up",gp_tuned,5,17,False,blowup,,0.002657,3.904363,0.30738,0.373484,2012.020996,104.414128,150.0
"GP (tuned), random warm-up",gp_tuned,5,18,False,min_image,,0.0,5.564068,0.333859,0.301998,2838.63428,120.467726,124.061986
"GP (tuned), random warm-up",gp_tuned,5,19,False,blowup,,0.002661,5.263904,0.297289,0.398782,3003.56617,146.949941,132.233683
"GP (tuned), random warm-up",gp_tuned,5,20,False,min_image,,0.0,1.258675,0.420215,0.268763,5863.369727,90.060345,63.522929
"GP (tuned), random warm-up",gp_tuned,5,21,False,blowup,,0.002649,5.145149,0.294909,0.397805,2911.656972,146.143535,136.635859
"GP (tuned), random warm-up",gp_tuned,5,22,False,blowup,,0.002535,4.754242,0.305112,0.251182,1721.435755,175.0,61.382124
"GP (tuned), random warm-up",gp_tuned,5,23,False,min_image,,0.0,5.451735,0.292239,0.309409,2841.524377,120.358232,127.829925
"GP (tuned), random warm-up",gp_tuned,5,24,True,,1.5671321580386763,0.048649,3.822488,0.294149,0.257728,1643.861165,175.0,57.899269
"GP (tuned), random warm-up",gp_tuned,5,25,True,,1.7474375639541784,0.049646,5.492902,0.416174,0.305054,2831.222364,113.836437,123.076388
"GP (tuned), random warm-up",gp_tuned,5,26,False,blowup,,0.00274,4.950136,0.318068,0.371746,1975.643769,99.346735,141.138263
"GP (tuned), random warm-up",gp_tuned,5,27,False,blowup,,0.016991,3.997346,0.289591,0.254187,1677.080867,167.081801,60.864128
"GP (tuned), random warm-up",gp_tuned,5,28,True,,1.071173420975047,0.049988,4.551113,0.322995,0.310631,2854.515737,129.130025,130.015579
"GP (tuned), random warm-up",gp_tuned,5,29,True,,1.810578362702457,0.050934,6.20435,0.28,0.298797,2862.408743,136.128784,115.365408
"GP (tuned), random warm-up",gp_tuned,5,30,False,min_image,,0.0,5.657674,0.420096,0.268246,5865.322421,86.288923,61.754758
"GP (tuned), random warm-up",gp_tuned,5,31,False,blowup,,0.002588,4.430724,0.288571,0.251747,1711.798699,154.587705,64.048385
"GP (tuned), random warm-up",gp_tuned,5,32,False,min_image,,0.0,3.276899,0.375458,0.26466,4039.135619,97.571739,66.122842
"GP (tuned), random warm-up",gp_tuned,5,33,False,blowup,,0.002619,5.82336,0.320657,0.372944,1987.493288,106.502695,132.09329
"GP (tuned), random warm-up",gp_tuned,5,34,False,blowup,,0.003483,3.055721,0.28,0.398597,2998.265472,87.519365,122.215445
"GP (tuned), random warm-up",gp_tuned,5,35,False,blowup,,0.002651,4.51743,0.358622,0.347973,426.082731,158.70637,141.554005
"GP (tuned), random warm-up",gp_tuned,5,36,False,blowup,,0.003266,6.577545,0.281521,0.253858,1666.478018,116.647462,62.547944
"GP (tuned), random warm-up",gp_tuned,5,37,False,blowup,,0.002613,5.934241,0.307379,0.235202,2147.910181,175.0,37.839754
"GP (tuned), random warm-up",gp_tuned,5,38,False,blowup,,0.002706,2.700943,0.288255,0.399075,2984.658676,138.305874,129.961809
"GP (tuned), random warm-up",gp_tuned,5,39,False,min_image,,0.0,7.512696,0.323545,0.309379,2821.330569,152.403846,129.306906
"GP (tuned), random warm-up",gp_tuned,5,40,False,blowup,,0.002629,6.056866,0.414443,0.386213,400.0,103.107555,121.657032
"GP (tuned), random warm-up",gp_tuned,5,41,False,blowup,,0.003056,3.869094,0.29032,0.252981,1680.788448,133.435299,61.658672
"GP (tuned), random warm-up",gp_tuned,5,42,False,min_image,,0.0,1.060274,0.350875,0.300924,2844.67961,128.626967,145.391296
"GP (tuned), random warm-up",gp_tuned,5,43,False,min_image,,0.0,4.198537,0.365026,0.265738,4097.850678,103.358691,61.945436
"GP (tuned), random warm-up",gp_tuned,5,44,False,blowup,,0.002769,3.069495,0.291767,0.398354,2987.382431,143.450917,96.290086
"GP (tuned), random warm-up",gp_tuned,5,45,False,min_image,,0.0,6.017601,0.32423,0.311634,2802.545632,92.647539,41.448927
"GP (tuned), random warm-up",gp_tuned,5,46,False,blowup,,0.002624,7.29946,0.294855,0.252742,1672.31666,175.0,88.049695
"GP (tuned), random warm-up",gp_tuned,5,47,False,blowup,,0.002544,4.116893,0.305808,0.235687,2145.927809,175.0,17.502959
"GP (tuned), random warm-up",gp_tuned,5,48,False,blowup,,0.002712,2.653127,0.324579,0.372297,1998.19613,159.836541,112.460129
"GP (tuned), random warm-up",gp_tuned,5,49,False,blowup,,0.002885,3.66343,0.294651,0.255881,1665.044827,171.086234,101.102187
"GP (tuned), random warm-up",gp_tuned,5,50,False,min_image,,0.0,6.516672,0.338344,0.308033,2836.592713,137.420334,148.494254
"GP (tuned), random warm-up",gp_tuned,5,51,False,blowup,,0.002575,3.128785,0.299953,0.235604,1778.750771,152.067083,63.048511
"GP (tuned), random warm-up",gp_tuned,5,52,False,blowup,,0.002508,7.763131,0.32267,0.373184,1970.803146,171.992736,150.0
"GP (tuned), random warm-up",gp_tuned,5,53,False,min_image,,0.0,4.423641,0.364539,0.266341,4043.055418,91.835107,150.0
"GP (tuned), random warm-up",gp_tuned,5,54,False,min_image,,0.0,4.202849,0.360858,0.347101,442.126579,102.631789,150.0
"GP (tuned), random warm-up",gp_tuned,5,55,False,min_image,,0.0,6.561182,0.287801,0.318001,2886.443444,110.591123,54.83756
"GP (tuned), random warm-up",gp_tuned,5,56,False,min_image,,0.0,1.0,0.41638,0.270271,5879.027026,90.530275,26.624011
"GP (tuned), random warm-up",gp_tuned,5,57,False,blowup,,0.009146,4.445978,0.294597,0.253937,1664.460962,172.424252,63.866435
"GP (tuned), random warm-up",gp_tuned,5,58,False,blowup,,0.002527,8.0,0.315777,0.237319,2078.119611,152.755969,86.319774
"GP (tuned), random warm-up",gp_tuned,5,59,False,min_image,,0.0,2.163593,0.367737,0.264509,4155.877767,113.032847,74.705845
"GP (tuned), random warm-up",gp_tuned,5,60,False,min_image,,0.0,1.0,0.429189,0.270635,5891.08292,158.03937,72.716667
"GP (tuned), random warm-up",gp_tuned,5,61,False,min_image,,0.0,4.429165,0.32738,0.309276,2829.062075,95.948307,136.42277
"GP (tuned), random warm-up",gp_tuned,5,62,False,blowup,,0.002747,7.440077,0.318732,0.371674,1977.902655,168.296896,150.0
"GP (tuned), random warm-up",gp_tuned,5,63,False,min_image,,0.0,7.127954,0.419514,0.270211,5844.834534,80.0,142.251991
"GP (tuned), random warm-up",gp_tuned,5,64,False,min_image,,0.0,8.0,0.33719,0.302888,2812.285625,125.176994,147.021759
"GP (tuned), random warm-up",gp_tuned,5,65,False,blowup,,0.002723,5.727857,0.292659,0.398211,3007.848754,83.162847,150.0
"GP (tuned), random warm-up",gp_tuned,5,66,False,min_image,,0.0,6.377723,0.343483,0.302832,2823.819097,93.131272,105.696512
"GP (tuned), random warm-up",gp_tuned,5,67,False,min_image,,0.0,1.218132,0.283986,0.258794,1667.5754,161.446078,118.128525
"GP (tuned), random warm-up",gp_tuned,5,68,False,min_image,,0.0,7.424237,0.311306,0.311551,2804.861778,119.093291,144.811149
"GP (tuned), random warm-up",gp_tuned,5,69,False,blowup,,0.002979,5.895145,0.284746,0.397492,3053.216864,175.0,11.903078
"GP (tuned), random warm-up",gp_tuned,5,70,False,blowup,,0.002762,4.026416,0.322699,0.370364,1959.201634,99.311401,111.865317
"GP (tuned), random warm-up",gp_tuned,5,71,False,min_image,,0.0,2.960014,0.343681,0.301286,2848.272228,175.0,64.973587
"GP (tuned), random warm-up",gp_tuned,5,72,False,min_image,,0.0,7.548334,0.335336,0.302721,2824.696366,106.530435,114.979568
"GP (tuned), random warm-up",gp_tuned,5,73,False,min_image,,0.0,3.123839,0.291372,0.314651,2826.579359,136.741578,77.690709
"GP (tuned), random warm-up",gp_tuned,5,74,False,min_image,,0.0,2.774375,0.340392,0.312336,2847.654401,129.198886,150.0
"GP (tuned), random warm-up",gp_tuned,5,75,False,min_image,,0.0,7.660286,0.33807,0.302429,2819.079554,118.551452,141.815709
"GP (tuned), random warm-up",gp_tuned,5,76,False,min_image,,0.0,5.812787,0.325022,0.372032,1995.48773,149.571579,150.0
"GP (tuned), random warm-up",gp_tuned,5,77,True,,0.7607725322059118,0.049624,3.77771,0.289573,0.255729,1651.25935,145.393104,71.216498
"GP (tuned), random warm-up",gp_tuned,5,78,False,blowup,,0.003144,7.409757,0.284377,0.2533,1700.544512,160.283388,80.150334
"GP (tuned), random warm-up",gp_tuned,5,79,False,min_image,,0.0,1.0,0.288306,0.256889,1703.773333,175.0,105.935439
"GP (tuned), random warm-up",gp_tuned,5,80,False,blowup,,0.002544,4.048182,0.322339,0.373319,1979.598216,80.0,150.0
"GP (tuned), random warm-up",gp_tuned,5,81,False,blowup,,0.002686,3.091071,0.291881,0.250758,1708.748405,175.0,54.328178
"GP (tuned), random warm-up",gp_tuned,5,82,False,min_image,,0.0,8.0,0.304083,0.259116,1774.304649,175.0,90.059027
"GP (tuned), random warm-up",gp_tuned,5,83,False,min_image,,0.0,1.47933,0.320737,0.370251,1984.581896,97.197111,150.0
"GP (tuned), random warm-up",gp_tuned,5,84,False,min_image,,0.0,2.664314,0.363944,0.265968,4132.632722,100.789759,48.024738
"GP (tuned), random warm-up",gp_tuned,5,85,False,blowup,,0.002497,4.854583,0.28,0.251878,1658.523557,175.0,69.912436
"GP (tuned), random warm-up",gp_tuned,5,86,False,blowup,,0.00255,8.0,0.323174,0.375577,1927.222046,86.43451,5.0
"GP (tuned), random warm-up",gp_tuned,5,87,False,min_image,,0.0,1.000004,0.340653,0.305258,2873.876748,160.082166,136.323622
"GP (tuned), random warm-up",gp_tuned,5,88,False,blowup,,0.002665,6.314746,0.418367,0.385351,400.0,163.225278,72.596543
"GP (tuned), random warm-up",gp_tuned,5,89,False,min_image,,0.0,3.55585,0.377759,0.285202,3062.371769,170.496422,150.0
"GP (tuned), random warm-up",gp_tuned,5,90,False,blowup,,0.00264,6.77581,0.286073,0.39899,3043.272423,128.70702,120.707958
"GP (tuned), random warm-up",gp_tuned,5,91,False,blowup,,0.002654,3.176464,0.325827,0.374748,1846.694259,105.757415,150.0
"GP (tuned), random warm-up",gp_tuned,5,92,False,min_image,,0.0,2.613231,0.304216,0.373176,2240.505635,85.97389,128.070692
"GP (tuned), random warm-up",gp_tuned,5,93,False,blowup,,0.00273,1.0,0.290972,0.399181,3027.83971,171.266481,150.0
"GP (tuned), random warm-up",gp_tuned,5,94,False,blowup,,0.002649,2.698297,0.420389,0.385608,400.0,173.029241,150.0
"GP (tuned), random warm-up",gp_tuned,5,95,False,blowup,,0.002548,8.0,0.359267,0.347255,505.219245,175.0,150.0
"GP (tuned), random warm-up",gp_tuned,5,96,False,blowup,,0.002552,5.45093,0.304915,0.246213,1759.935958,175.0,93.361999
"GP (tuned), random warm-up",gp_tuned,5,97,False,blowup,,0.002663,3.128348,0.414328,0.384813,400.0,168.661352,150.0
"GP (tuned), random warm-up",gp_tuned,5,98,False,blowup,,0.002929,3.082744,0.36378,0.344095,458.080568,140.449433,25.062273
"GP (tuned), random warm-up",gp_tuned,5,99,False,min_image,,0.0,3.320563,0.292985,0.395469,2994.29761,80.0,38.220329
"GP (tuned), random warm-up",gp_tuned,5,100,False,blowup,,0.002685,5.139714,0.305322,0.235244,2136.760136,175.0,25.108643
"GP (tuned), random warm-up",gp_tuned,5,101,False,blowup,,0.002576,8.0,0.312524,0.230896,1616.742639,164.075031,61.955707
"GP (tuned), random warm-up",gp_tuned,5,102,False,min_image,,0.0,1.254383,0.371656,0.265513,3982.472778,89.342076,149.983763
"GP (tuned), random warm-up",gp_tuned,5,103,False,blowup,,0.002713,7.468144,0.358463,0.345083,479.721905,171.843646,129.58693
"GP (tuned), random warm-up",gp_tuned,5,104,False,blowup,,0.002534,3.551703,0.297275,0.4,2958.649691,124.360522,67.726422
"GP (tuned), random warm-up",gp_tuned,5,105,False,blowup,,0.002589,8.0,0.290516,0.254221,1668.849867,175.0,103.002143
"GP (tuned), random warm-up",gp_tuned,5,106,False,blowup,,0.002548,2.780203,0.36923,0.349585,400.0,91.911465,111.553014
"GP (tuned), random warm-up",gp_tuned,5,107,False,min_image,,0.0,2.616072,0.31036,0.253441,1794.562195,175.0,30.295219
"GP (tuned), random warm-up",gp_tuned,5,108,False,blowup,,0.002724,4.015558,0.420458,0.386879,400.0,80.0,121.540172
"GP (tuned), random warm-up",gp_tuned,5,109,True,,4.019054697618765,0.049327,1.0,0.422307,0.270205,5864.966349,80.0,37.488791
"GP (tuned), random warm-up",gp_tuned,5,110,False,min_image,,0.0,2.003665,0.434517,0.267518,5873.84887,101.321276,90.294747
"GP (tuned), random warm-up",gp_tuned,5,111,False,min_image,,0.0,1.0,0.440832,0.274293,2909.763459,80.0,5.0
"GP (tuned), random warm-up",gp_tuned,5,112,False,min_image,,0.0,2.856409,0.425953,0.267474,5847.327547,126.882815,99.42463
"GP (tuned), random warm-up",gp_tuned,5,113,True,,5.442804242989032,0.049552,7.000111,0.380446,0.284365,3009.733945,80.0,65.361187
"GP (tuned), random warm-up",gp_tuned,5,114,False,min_image,,0.0,2.144994,0.41906,0.265953,5817.424734,92.159175,140.180949
"GP (tuned), random warm-up",gp_tuned,5,115,False,min_image,,0.0,3.151135,0.372813,0.264366,3881.805454,175.0,149.996463
"GP (tuned), random warm-up",gp_tuned,5,116,True,,3.8095050910120865,0.046423,6.172051,0.45,0.267624,3200.756068,175.0,148.182799
"GP (tuned), random warm-up",gp_tuned,5,117,True,,0.8868207087836546,0.049596,3.112929,0.349913,0.264621,4190.671782,175.0,35.034134
"GP (tuned), random warm-up",gp_tuned,5,118,True,,2.4315037205503414,0.048353,6.140109,0.446812,0.273983,2987.394014,117.918519,79.265741
"GP (tuned), random warm-up",gp_tuned,5,119,True,,2.6379164508402826,0.048657,5.143871,0.335681,0.267812,3039.127593,175.0,109.587176
"GP (tuned), random warm-up",gp_tuned,5,120,False,blowup,,0.002463,7.863687,0.309487,0.235065,2078.645229,175.0,80.079198
"GP (tuned), random warm-up",gp_tuned,5,121,False,min_image,,0.0,2.560182,0.416416,0.26837,5862.617993,94.536533,45.833877
"GP (tuned), random warm-up",gp_tuned,5,122,True,,2.060167381599033,0.051746,8.0,0.291198,0.314159,2897.645798,145.17661,131.303462
"GP (tuned), random warm-up",gp_tuned,5,123,True,,0.8793001943773651,0.05391,2.173278,0.313283,0.305778,2833.227228,99.235504,129.120427
"GP (tuned), random warm-up",gp_tuned,5,124,False,min_image,,0.0,4.483413,0.304814,0.371211,2045.391582,127.67618,63.161826
"GP (tuned), random warm-up",gp_tuned,5,125,True,,4.5146094799039815,0.051772,4.532623,0.449869,0.269386,3095.602212,166.941349,5.0
"GP (tuned), random warm-up",gp_tuned,5,126,True,,2.472001822664315,0.052844,6.525336,0.331959,0.272057,2836.912784,172.250395,137.78681
"GP (tuned), random warm-up",gp_tuned,5,127,True,,6.162257462572009,0.051223,8.0,0.443933,0.281825,2794.625773,80.0,150.0
"GP (tuned), random warm-up",gp_tuned,5,128,True,,3.046473651182538,0.051378,4.699831,0.436661,0.272761,3070.865655,119.96667,88.973943
"GP (tuned), random warm-up",gp_tuned,5,129,False,blowup,,0.002777,6.294205,0.289027,0.253839,1654.541398,168.067985,108.081696
"GP (tuned), random warm-up",gp_tuned,5,130,False,min_image,,0.0,6.846188,0.30006,0.374313,2047.359362,122.485594,127.535793
"GP (tuned), random warm-up",gp_tuned,5,131,False,min_image,,0.0,1.0,0.37107,0.266323,3931.770668,172.08029,113.844473
"GP (tuned), random warm-up",gp_tuned,5,132,False,min_image,,0.0,7.383693,0.313591,0.372753,2017.605175,142.732638,149.214775
"GP (tuned), random warm-up",gp_tuned,5,133,False,blowup,,0.002783,4.4996,0.312197,0.252488,1687.326657,174.618629,47.165401
"GP (tuned), random warm-up",gp_tuned,5,134,True,,2.034811286406678,0.077984,8.0,0.28,0.265802,3138.225992,175.0,132.988949
"GP (tuned), random warm-up",gp_tuned,5,135,True,,1.7506888110773315,0.076341,6.906859,0.28,0.265261,2795.721169,175.0,150.0
"GP (tuned), random warm-up",gp_tuned,5,136,False,min_image,,0.0,3.350487,0.370203,0.272635,2913.59096,132.967452,101.225557
"GP (tuned), random warm-up",gp_tuned,5,137,True,,0.6292563725995305,0.079313,3.790626,0.28,0.251527,1698.788704,132.140809,87.416612
"GP (tuned), random warm-up",gp_tuned,5,138,False,blowup,,0.004169,7.38165,0.343243,0.344152,400.0,134.391513,89.340135
"GP (tuned), random warm-up",gp_tuned,5,139,True,,0.9905197800217148,0.08039,3.908604,0.308343,0.257433,2862.769842,148.493635,150.0
"GP (tuned), random warm-up",gp_tuned,5,140,False,blowup,,0.004298,5.442429,0.302464,0.255832,3029.200225,175.0,78.659211
"GP (tuned), random warm-up",gp_tuned,5,141,False,blowup,,0.004434,3.138634,0.304804,0.372364,2003.07849,82.592717,12.220047
"GP (tuned), random warm-up",gp_tuned,5,142,True,,1.3239010089927186,0.08053,1.06053,0.29606,0.39849,2972.412128,174.42407,94.57366
"GP (tuned), random warm-up",gp_tuned,5,143,False,blowup,,0.004805,8.0,0.28,0.396676,3127.222507,175.0,5.0
"GP (tuned), random warm-up",gp_tuned,5,144,False,min_image,,0.0,6.559931,0.304371,0.371738,2045.201977,81.825398,150.0
"GP (tuned), random warm-up",gp_tuned,5,145,False,blowup,,0.004217,6.630202,0.45,0.263487,3306.12222,175.0,5.0
"GP (tuned), random warm-up",gp_tuned,5,146,False,blowup,,0.004886,6.036894,0.28,0.397076,3027.425081,152.651482,5.0
"GP (tuned), random warm-up",gp_tuned,5,147,False,blowup,,0.004388,4.684409,0.28,0.305795,2766.208495,175.0,118.969812
"GP (tuned), random warm-up",gp_tuned,5,148,False,blowup,,0.00764,1.284583,0.344849,0.225441,1734.483157,175.0,5.0
"GP (tuned), random warm-up",gp_tuned,5,149,False,blowup,,0.004136,7.999963,0.28,0.397392,2950.047917,158.818013,142.922158
"GP (tuned), random warm-up",gp_tuned,5,150,False,min_image,,0.0,8.0,0.340474,0.304381,2824.99861,116.891815,138.166984
"GP (tuned), random warm-up",gp_tuned,6,1,False,blowup,,0.002869,7.632333,0.315599,0.212851,2472.612654,173.577737,19.423395
"GP (tuned), random warm-up",gp_tuned,6,2,False,blowup,,0.002604,6.776465,0.408352,0.277995,1742.957247,94.783434,110.027666
"GP (tuned), random warm-up",gp_tuned,6,3,False,blowup,,0.003716,6.612046,0.357891,0.334767,1227.930281,113.924051,94.389108
"GP (tuned), random warm-up",gp_tuned,6,4,False,blowup,,0.002743,2.562985,0.317041,0.365118,2977.351838,131.840775,119.203415
"GP (tuned), random warm-up",gp_tuned,6,5,False,min_image,,0.0,7.173275,0.419673,0.261188,4574.100824,116.880829,73.10181
"GP (tuned), random warm-up",gp_tuned,6,6,False,blowup,,0.005073,6.12531,0.321452,0.335933,733.641847,161.347377,76.223738
"GP (tuned), random warm-up",gp_tuned,6,7,True,,1.473446702407463,0.050727,5.296663,0.322369,0.279145,3536.425584,132.804144,85.060785
"GP (tuned), random warm-up",gp_tuned,6,8,False,blowup,,0.003053,4.35793,0.350737,0.250278,5699.023308,173.393541,85.018952
"GP (tuned), random warm-up",gp_tuned,6,9,False,blowup,,0.006442,3.852552,0.328475,0.20017,2833.82628,135.796971,80.803353
"GP (tuned), random warm-up",gp_tuned,6,10,False,blowup,,0.00391,6.456277,0.313433,0.296369,2507.345017,84.529842,50.860214
"GP (tuned), random warm-up",gp_tuned,6,11,False,min_image,,0.0,7.292469,0.427913,0.260082,4692.086188,116.25386,72.391706
"GP (tuned), random warm-up",gp_tuned,6,12,False,blowup,,0.002736,2.489286,0.318918,0.343889,2895.555653,140.461848,115.878718
"GP (tuned), random warm-up",gp_tuned,6,13,False,blowup,,0.002893,7.247112,0.317006,0.2,2331.051354,175.0,16.269768
"GP (tuned), random warm-up",gp_tuned,6,14,True,,3.2573645215202958,0.047439,2.219439,0.402008,0.220679,6000.0,153.804586,75.654798
"GP (tuned), random warm-up",gp_tuned,6,15,False,min_image,,0.0,1.0,0.28,0.2,400.0,175.0,5.0
"GP (tuned), random warm-up",gp_tuned,6,16,False,blowup,,0.002768,2.704841,0.309424,0.383227,2853.743713,123.648715,121.574245
"GP (tuned), random warm-up",gp_tuned,6,17,False,blowup,,0.002674,6.22623,0.324529,0.342249,400.735403,164.47585,77.671469
"GP (tuned), random warm-up",gp_tuned,6,18,False,blowup,,0.002684,2.536073,0.302514,0.304775,2026.601093,158.133333,108.665545
"GP (tuned), random warm-up",gp_tuned,6,19,False,blowup,,0.002502,8.0,0.45,0.4,6000.0,80.0,150.0
"GP (tuned), random warm-up",gp_tuned,6,20,False,blowup,,0.002823,3.708783,0.358376,0.335785,4290.668998,80.647958,110.696564
"GP (tuned), random warm-up",gp_tuned,6,21,False,blowup,,0.027993,4.420467,0.336594,0.2,4360.290578,175.0,71.035265
"GP (tuned), random warm-up",gp_tuned,6,22,True,,60.89892331513362,0.050575,2.159516,0.45,0.4,6000.0,80.0,150.0
"GP (tuned), random warm-up",gp_tuned,6,23,False,min_image,,0.0,8.0,0.45,0.4,400.0,80.0,150.0
"GP (tuned), random warm-up",gp_tuned,6,24,False,min_image,,0.0,3.361135,0.45,0.2,400.0,80.0,150.0
"GP (tuned), random warm-up",gp_tuned,6,25,False,min_image,,0.0,8.0,0.45,0.215669,6000.0,80.0,150.0
"GP (tuned), random warm-up",gp_tuned,6,26,False,blowup,,0.002569,1.0,0.28,0.4,6000.0,175.0,150.0
"GP (tuned), random warm-up",gp_tuned,6,27,False,blowup,,0.00269,1.0,0.28,0.4,6000.0,175.0,150.0
"GP (tuned), random warm-up",gp_tuned,6,28,False,blowup,,0.002504,4.663963,0.45,0.4,400.0,80.0,5.0
"GP (tuned), random warm-up",gp_tuned,6,29,False,min_image,,0.0,4.952461,0.28,0.4,400.0,175.0,150.0
"GP (tuned), random warm-up",gp_tuned,6,30,False,min_image,,0.0,5.714151,0.28,0.4,400.0,175.0,5.0
"GP (tuned), random warm-up",gp_tuned,6,31,False,blowup,,0.002684,8.0,0.28,0.4,400.0,175.0,150.0
"GP (tuned), random warm-up",gp_tuned,6,32,False,min_image,,0.0,4.277087,0.28,0.4,4412.982453,80.0,150.0
"GP (tuned), random warm-up",gp_tuned,6,33,False,min_image,,0.0,1.0,0.28,0.4,400.0,80.0,150.0
"GP (tuned), random warm-up",gp_tuned,6,34,False,min_image,,0.0,8.0,0.28,0.392642,400.0,175.0,5.0
"GP (tuned), random warm-up",gp_tuned,6,35,False,min_image,,0.0,3.112075,0.28,0.4,6000.0,175.0,5.0
"GP (tuned), random warm-up",gp_tuned,6,36,False,blowup,,0.002523,8.0,0.28,0.2,400.0,80.0,5.0
"GP (tuned), random warm-up",gp_tuned,6,37,False,blowup,,0.002551,8.0,0.377344,0.4,400.0,80.0,5.0
"GP (tuned), random warm-up",gp_tuned,6,38,False,blowup,,0.002566,3.119874,0.45,0.4,400.0,80.0,135.694983
"GP (tuned), random warm-up",gp_tuned,6,39,False,min_image,,0.0,4.432915,0.28,0.26068,400.0,145.339142,150.0
"GP (tuned), random warm-up",gp_tuned,6,40,False,min_image,,0.0,2.013534,0.28,0.4,400.0,80.0,5.0
"GP (tuned), random warm-up",gp_tuned,6,41,False,blowup,,0.002633,4.218169,0.28,0.4,400.0,175.0,5.0
"GP (tuned), random warm-up",gp_tuned,6,42,True,,4.204203131406642,0.046295,7.089868,0.45,0.2,6000.0,175.0,5.0
"GP (tuned), random warm-up",gp_tuned,6,43,False,blowup,,0.006899,8.0,0.296418,0.4,400.0,80.0,150.0
"GP (tuned), random warm-up",gp_tuned,6,44,False,min_image,,0.0,8.0,0.344965,0.351056,400.0,80.0,150.0
"GP (tuned), random warm-up",gp_tuned,6,45,False,min_image,,0.0,8.0,0.28,0.396828,3835.258192,175.0,150.0
"GP (tuned), random warm-up",gp_tuned,6,46,False,blowup,,0.002479,4.821535,0.398383,0.4,400.0,80.0,150.0
"GP (tuned), random warm-up",gp_tuned,6,47,False,min_image,,0.0,8.0,0.28,0.4,5944.498649,175.0,118.783868
"GP (tuned), random warm-up",gp_tuned,6,48,False,min_image,,0.0,8.0,0.45,0.2,4315.923385,80.0,5.0
"GP (tuned), random warm-up",gp_tuned,6,49,False,min_image,,0.0,8.0,0.45,0.2,4211.966792,80.0,150.0
"GP (tuned), random warm-up",gp_tuned,6,50,False,blowup,,0.002467,8.0,0.45,0.4,400.0,80.0,150.0
"GP (tuned), random warm-up",gp_tuned,6,51,False,min_image,,0.0,4.679796,0.45,0.4,400.0,80.0,150.0
"GP (tuned), random warm-up",gp_tuned,6,52,False,min_image,,0.0,8.0,0.45,0.4,3942.398107,80.0,63.758227
"GP (tuned), random warm-up",gp_tuned,6,53,False,min_image,,0.0,8.0,0.289125,0.39279,3763.981741,80.0,5.0
"GP (tuned), random warm-up",gp_tuned,6,54,True,,6.958184303897369,0.046999,1.0,0.45,0.2,5452.008692,175.0,150.0
"GP (tuned), random warm-up",gp_tuned,6,55,False,min_image,,0.0,5.61233,0.390398,0.4,400.0,175.0,150.0
"GP (tuned), random warm-up",gp_tuned,6,56,False,blowup,,0.002511,4.841919,0.28,0.2,6000.0,175.0,150.0
"GP (tuned), random warm-up",gp_tuned,6,57,False,blowup,,0.002595,8.0,0.45,0.4,400.0,175.0,150.0
"GP (tuned), random warm-up",gp_tuned,6,58,False,blowup,,0.002648,1.647769,0.28,0.2,400.0,175.0,110.427041
"GP (tuned), random warm-up",gp_tuned,6,59,False,blowup,,0.002638,5.838791,0.28,0.232893,400.0,175.0,150.0
"GP (tuned), random warm-up",gp_tuned,6,60,False,blowup,,0.00249,2.528801,0.430941,0.4,400.0,175.0,5.0
"GP (tuned), random warm-up",gp_tuned,6,61,False,min_image,,0.0,1.0,0.45,0.4,400.0,175.0,5.0
"GP (tuned), random warm-up",gp_tuned,6,62,False,min_image,,0.0,1.617364,0.28,0.2,400.0,175.0,87.628231
"GP (tuned), random warm-up",gp_tuned,6,63,False,min_image,,0.0,4.307239,0.28,0.2,400.0,171.891193,150.0
"GP (tuned), random warm-up",gp_tuned,6,64,False,min_image,,0.0,1.0,0.45,0.39809,923.85573,175.0,150.0
"GP (tuned), random warm-up",gp_tuned,6,65,True,,4.358037500576242,0.050768,2.412384,0.356404,0.390502,4750.508911,146.269211,58.382427
"GP (tuned), random warm-up",gp_tuned,6,66,True,,1.325858339640007,0.048456,3.727621,0.28,0.4,400.0,175.0,7.174429
"GP (tuned), random warm-up",gp_tuned,6,67,False,min_image,,0.0,8.0,0.418802,0.4,400.0,80.0,150.0
"GP (tuned), random warm-up",gp_tuned,6,68,False,min_image,,0.0,5.422322,0.28,0.256661,400.0,175.0,5.0
"GP (tuned), random warm-up",gp_tuned,6,69,False,blowup,,0.002566,5.514164,0.45,0.4,4098.052795,163.609084,117.336493
"GP (tuned), random warm-up",gp_tuned,6,70,False,min_image,,0.0,8.0,0.304775,0.4,400.0,80.0,150.0
"GP (tuned), random warm-up",gp_tuned,6,71,False,blowup,,0.002668,4.283751,0.45,0.4,3265.624139,107.308506,127.111973
"GP (tuned), random warm-up",gp_tuned,6,72,False,min_image,,0.0,1.331075,0.351698,0.305428,1210.960115,111.520332,5.0
"GP (tuned), random warm-up",gp_tuned,6,73,False,blowup,,0.002715,4.366379,0.416143,0.4,400.0,80.0,73.571424
"GP (tuned), random warm-up",gp_tuned,6,74,False,min_image,,0.0,5.032422,0.45,0.2,6000.0,175.0,150.0
"GP (tuned), random warm-up",gp_tuned,6,75,False,min_image,,0.0,4.641924,0.285177,0.4,3448.492829,163.330609,121.004061
"GP (tuned), random warm-up",gp_tuned,6,76,False,blowup,,0.002507,2.410029,0.45,0.2,3954.341201,175.0,150.0
"GP (tuned), random warm-up",gp_tuned,6,77,False,min_image,,0.0,1.0,0.45,0.4,400.0,97.91307,36.254267
"GP (tuned), random warm-up",gp_tuned,6,78,False,min_image,,0.0,8.0,0.45,0.337469,6000.0,80.0,150.0
"GP (tuned), random warm-up",gp_tuned,6,79,True,,3.0180566547193504,0.047913,5.564694,0.39968,0.288318,4002.820631,127.049629,59.055832
"GP (tuned), random warm-up",gp_tuned,6,80,False,min_image,,0.0,8.0,0.45,0.4,3631.398114,80.0,150.0
"GP (tuned), random warm-up",gp_tuned,6,81,True,,6.368601856293041,0.047538,7.377195,0.42164,0.205751,2912.011885,82.961204,5.0
"GP (tuned), random warm-up",gp_tuned,6,82,False,blowup,,0.002581,7.557725,0.376875,0.238938,5219.311246,120.253835,150.0
"GP (tuned), random warm-up",gp_tuned,6,83,True,,2.1826942188950365,0.047929,6.619822,0.316509,0.3893,5203.140985,168.693269,150.0
"GP (tuned), random warm-up",gp_tuned,6,84,True,,2.9775948569475044,0.045949,8.0,0.45,0.2,6000.0,80.0,150.0
"GP (tuned), random warm-up",gp_tuned,6,85,True,,2.4010569406386897,0.049818,8.0,0.310849,0.343885,3126.721382,175.0,39.018132
"GP (tuned), random warm-up",gp_tuned,6,86,False,blowup,,0.002572,8.0,0.45,0.4,6000.0,80.0,80.465753
"GP (tuned), random warm-up",gp_tuned,6,87,False,blowup,,0.002571,8.0,0.430984,0.277809,406.62472,168.073075,73.62252
"GP (tuned), random warm-up",gp_tuned,6,88,True,,5.637428020911978,0.047142,1.0,0.43031,0.304882,5441.444453,158.869136,8.27633
"GP (tuned), random warm-up",gp_tuned,6,89,True,,8.678939214193731,0.046241,1.0,0.427155,0.357992,1585.004592,96.690946,58.250587
"GP (tuned), random warm-up",gp_tuned,6,90,False,blowup,,0.002651,1.0,0.445346,0.350226,2165.899266,145.700735,26.896557
"GP (tuned), random warm-up",gp_tuned,6,91,True,,4.657854058586812,0.047551,8.0,0.39533,0.223601,2780.654443,80.0,79.378322
"GP (tuned), random warm-up",gp_tuned,6,92,False,blowup,,0.003488,8.0,0.374584,0.210024,3402.352323,175.0,47.993549
"GP (tuned), random warm-up",gp_tuned,6,93,True,,3.8099971728020785,0.047004,8.0,0.45,0.2,6000.0,105.926132,150.0
"GP (tuned), random warm-up",gp_tuned,6,94,False,blowup,,0.002612,1.0,0.416811,0.279474,5750.270633,171.310594,74.995073
"GP (tuned), random warm-up",gp_tuned,6,95,True,,13.905233958093586,0.04935,8.0,0.449858,0.346444,3893.251103,175.0,85.865013
"GP (tuned), random warm-up",gp_tuned,6,96,False,blowup,,0.003355,1.0,0.293295,0.392735,5053.10115,87.637792,113.204218
"GP (tuned), random warm-up",gp_tuned,6,97,False,min_image,,0.0,1.0,0.406285,0.39434,2210.964469,166.710683,148.025365
"GP (tuned), random warm-up",gp_tuned,6,98,False,blowup,,0.009029,8.0,0.45,0.2,400.0,175.0,47.643552
"GP (tuned), random warm-up",gp_tuned,6,99,False,blowup,,0.002823,8.0,0.377526,0.2,400.0,175.0,30.613138
"GP (tuned), random warm-up",gp_tuned,6,100,True,,4.639225698654084,0.049845,8.0,0.40786,0.303305,6000.0,146.674188,5.0
"GP (tuned), random warm-up",gp_tuned,6,101,True,,1.9755024962066743,0.051017,1.0,0.384653,0.241749,2088.019345,85.971998,67.264213
"GP (tuned), random warm-up",gp_tuned,6,102,True,,2.1476003453210026,0.051482,8.0,0.280671,0.30405,3787.022916,80.0,150.0
"GP (tuned), random warm-up",gp_tuned,6,103,True,,2.487193611490485,0.0511,8.0,0.298003,0.301295,5304.87861,80.0,150.0
"GP (tuned), random warm-up",gp_tuned,6,104,False,blowup,,0.003576,1.0,0.294872,0.203717,4673.852949,144.616893,7.381994
"GP (tuned), random warm-up",gp_tuned,6,105,False,blowup,,0.002842,8.0,0.317043,0.240643,784.187258,175.0,146.72807
"GP (tuned), random warm-up",gp_tuned,6,106,False,blowup,,0.002828,1.0,0.390098,0.317994,5625.839498,80.0,22.939071
"GP (tuned), random warm-up",gp_tuned,6,107,True,,3.957508764664265,0.053572,8.0,0.288516,0.245586,2809.340763,80.0,14.082791
"GP (tuned), random warm-up",gp_tuned,6,108,True,,5.519331213638279,0.065181,1.0,0.411118,0.255769,5548.22193,129.753176,133.578848
"GP (tuned), random warm-up",gp_tuned,6,109,True,,1.8739366930060282,0.079311,1.0,0.333468,0.346237,2899.284951,175.0,21.198803
"GP (tuned), random warm-up",gp_tuned,6,110,False,blowup,,0.004509,1.736377,0.28013,0.33749,2788.023052,171.872021,123.067683
"GP (tuned), random warm-up",gp_tuned,6,111,False,min_image,,0.0,5.945681,0.407005,0.389973,2562.55564,152.35366,24.628065
"GP (tuned), random warm-up",gp_tuned,6,112,True,,6.322960209770935,0.077712,1.325496,0.425214,0.285651,2473.197733,175.0,102.412845
"GP (tuned), random warm-up",gp_tuned,6,113,False,blowup,,0.004121,4.511627,0.36235,0.249187,4695.209933,91.641412,34.484043
"GP (tuned), random warm-up",gp_tuned,6,114,False,blowup,,0.005125,8.0,0.378972,0.247947,3177.358417,114.680228,143.363953
"GP (tuned), random warm-up",gp_tuned,6,115,False,blowup,,0.004094,8.0,0.45,0.20085,6000.0,173.985226,150.0
"GP (tuned), random warm-up",gp_tuned,6,116,False,min_image,,0.0,2.39979,0.37172,0.231707,902.951547,143.886075,77.436401
"GP (tuned), random warm-up",gp_tuned,6,117,False,blowup,,0.004221,5.078046,0.30498,0.218335,3497.01859,133.049474,150.0
"GP (tuned), random warm-up",gp_tuned,6,118,False,blowup,,0.004436,6.588244,0.318817,0.241469,3530.575373,174.575631,105.610183
"GP (tuned), random warm-up",gp_tuned,6,119,False,blowup,,0.004216,1.0,0.364424,0.385039,5642.983911,123.939536,36.963531
"GP (tuned), random warm-up",gp_tuned,6,120,False,blowup,,0.004043,8.0,0.361091,0.340959,5983.130682,166.704008,142.388993
"GP (tuned), random warm-up",gp_tuned,6,121,True,,4.977407375330809,0.078605,1.0,0.384103,0.311672,2376.441987,116.724017,99.497545
"GP (tuned), random warm-up",gp_tuned,6,122,False,blowup,,0.004302,8.0,0.290272,0.298728,724.582099,118.924473,144.206099
"GP (tuned), random warm-up",gp_tuned,6,123,False,blowup,,0.003969,5.482234,0.286376,0.272634,5945.70382,146.731625,124.771717
"GP (tuned), random warm-up",gp_tuned,6,124,False,blowup,,0.004534,1.590194,0.415933,0.385813,1358.19596,141.130949,100.394368
"GP (tuned), random warm-up",gp_tuned,6,125,False,min_image,,0.0,4.972971,0.42017,0.235342,4616.616166,131.193628,34.99529
"GP (tuned), random warm-up",gp_tuned,6,126,False,blowup,,0.004255,1.708783,0.354709,0.299552,1634.610467,96.456312,86.603775
"GP (tuned), random warm-up",gp_tuned,6,127,False,min_image,,0.0,2.219661,0.446861,0.240314,1246.119825,159.805792,130.48248
"GP (tuned), random warm-up",gp_tuned,6,128,False,blowup,,0.004447,4.758501,0.328217,0.337066,3355.167798,145.74595,141.180578
"GP (tuned), random warm-up",gp_tuned,6,129,False,blowup,,0.004559,7.508894,0.384123,0.231525,1447.733454,164.402579,133.899955
"GP (tuned), random warm-up",gp_tuned,6,130,False,blowup,,0.005065,4.61117,0.395353,0.203703,3041.132947,154.282443,91.975684
"GP (tuned), random warm-up",gp_tuned,6,131,False,blowup,,0.004297,3.392034,0.311801,0.262434,2722.567232,158.87716,45.772058
"GP (tuned), random warm-up",gp_tuned,6,132,False,blowup,,0.004112,4.096269,0.434413,0.279161,1773.180882,127.540923,109.375806
"GP (tuned), random warm-up",gp_tuned,6,133,False,blowup,,0.004374,6.434598,0.375233,0.2,2923.354036,81.352949,39.14914
"GP (tuned), random warm-up",gp_tuned,6,134,False,blowup,,0.004108,7.962356,0.311565,0.310592,2460.566142,129.618484,150.0
"GP (tuned), random warm-up",gp_tuned,6,135,False,blowup,,0.0041,7.884349,0.351786,0.2,5440.095588,100.454329,68.501102
"GP (tuned), random warm-up",gp_tuned,6,136,False,blowup,,0.004427,4.363031,0.372948,0.254554,456.790828,175.0,138.520957
"GP (tuned), random warm-up",gp_tuned,6,137,False,blowup,,0.004635,4.428321,0.310174,0.380062,3677.417417,125.518921,70.180344
"GP (tuned), random warm-up",gp_tuned,6,138,False,blowup,,0.005696,1.620507,0.411574,0.238959,982.270247,88.171541,102.032617
"GP (tuned), random warm-up",gp_tuned,6,139,False,blowup,,0.013006,3.046852,0.305517,0.258169,772.435927,85.0396,102.180303
"GP (tuned), random warm-up",gp_tuned,6,140,False,blowup,,0.004093,3.255441,0.319308,0.387873,5094.527221,114.676269,144.913966
"GP (tuned), random warm-up",gp_tuned,6,141,False,blowup,,0.004238,2.107849,0.309782,0.305396,3079.890464,113.665735,142.03731
"GP (tuned), random warm-up",gp_tuned,6,142,False,blowup,,0.005746,5.494693,0.359662,0.334298,400.0,164.090557,131.569367
"GP (tuned), random warm-up",gp_tuned,6,143,False,min_image,,0.0,7.222149,0.366706,0.336279,3021.461394,109.23928,107.128796
"GP (tuned), random warm-up",gp_tuned,6,144,False,blowup,,0.004431,4.146618,0.289843,0.381344,3336.623605,115.29737,111.655535
"GP (tuned), random warm-up",gp_tuned,6,145,False,blowup,,0.004282,7.327703,0.403718,0.211171,777.42025,175.0,142.357339
"GP (tuned), random warm-up",gp_tuned,6,146,False,blowup,,0.005234,7.632892,0.349946,0.244846,1764.236662,157.557416,37.165188
"GP (tuned), random warm-up",gp_tuned,6,147,True,,8.574406683396104,0.078388,3.018764,0.441926,0.231329,5807.202615,160.550854,147.426463
"GP (tuned), random warm-up",gp_tuned,6,148,False,blowup,,0.004316,7.217208,0.428718,0.325344,3419.049283,161.992345,131.996593
"GP (tuned), random warm-up",gp_tuned,6,149,False,blowup,,0.004197,8.0,0.370339,0.343584,400.0,111.342617,103.939334
"GP (tuned), random warm-up",gp_tuned,6,150,False,blowup,,0.004654,5.372417,0.303463,0.34065,3416.81722,129.316733,122.576402
"GP (tuned), random warm-up",gp_tuned,7,1,True,,2.394985390918741,0.050335,2.591374,0.334225,0.395645,2951.275515,109.261213,43.261272
"GP (tuned), random warm-up",gp_tuned,7,2,False,min_image,,0.0,4.694354,0.427696,0.266168,2600.476935,144.06139,102.486005
"GP (tuned), random warm-up",gp_tuned,7,3,False,blowup,,0.002745,2.838086,0.40763,0.250979,5167.249683,96.535013,119.660709
"GP (tuned), random warm-up",gp_tuned,7,4,True,,0.9924491345577566,0.052911,3.502327,0.31287,0.220095,3102.766654,138.30183,142.93101
"GP (tuned), random warm-up",gp_tuned,7,5,False,blowup,,0.004611,7.705396,0.310528,0.228543,867.64536,131.987337,49.98034
"GP (tuned), random warm-up",gp_tuned,7,6,False,blowup,,0.002737,3.931301,0.447658,0.358714,2322.508569,108.532212,78.073496
"GP (tuned), random warm-up",gp_tuned,7,7,False,blowup,,0.003282,3.836393,0.393434,0.2879,4777.718876,145.039748,111.817797
"GP (tuned), random warm-up",gp_tuned,7,8,False,blowup,,0.002876,5.543832,0.37476,0.373706,1204.316888,122.550913,100.588831
"GP (tuned), random warm-up",gp_tuned,7,9,False,min_image,,0.0,1.277523,0.296252,0.359779,2653.375512,144.832935,77.778906
"GP (tuned), random warm-up",gp_tuned,7,10,False,blowup,,0.003289,2.805682,0.36838,0.373621,2972.424344,90.450525,120.855312
"GP (tuned), random warm-up",gp_tuned,7,11,False,blowup,,0.002724,8.0,0.45,0.2,6000.0,175.0,5.0
"GP (tuned), random warm-up",gp_tuned,7,12,False,min_image,,0.0,8.0,0.28,0.4,400.0,80.0,5.0
"GP (tuned), random warm-up",gp_tuned,7,13,False,blowup,,0.034386,8.0,0.357633,0.2,400.0,80.0,5.749434
"GP (tuned), random warm-up",gp_tuned,7,14,False,blowup,,0.002745,8.0,0.28,0.4,400.0,175.0,150.0
"GP (tuned), random warm-up",gp_tuned,7,15,False,blowup,,0.034491,1.0,0.28,0.2,6000.0,175.0,29.57089
"GP (tuned), random warm-up",gp_tuned,7,16,False,min_image,,0.0,7.933811,0.28,0.4,400.0,92.485479,5.0
"GP (tuned), random warm-up",gp_tuned,7,17,True,,3.1686026257764768,0.053352,7.526269,0.309751,0.20967,998.879402,89.807693,53.464065
"GP (tuned), random warm-up",gp_tuned,7,18,False,min_image,,0.0,3.192338,0.425553,0.4,5358.069491,80.0,5.0
"GP (tuned), random warm-up",gp_tuned,7,19,True,,1.4330856852195522,0.05226,2.914945,0.316116,0.4,400.0,175.0,5.0
"GP (tuned), random warm-up",gp_tuned,7,20,False,blowup,,0.002911,8.0,0.285446,0.4,6000.0,80.0,150.0
"GP (tuned), random warm-up",gp_tuned,7,21,False,min_image,,0.0,3.330922,0.428112,0.365987,6000.0,80.0,44.105616
"GP (tuned), random warm-up",gp_tuned,7,22,True,,5.60629360175023,0.060688,5.275311,0.436422,0.2,5940.453386,132.778472,5.0
"GP (tuned), random warm-up",gp_tuned,7,23,False,blowup,,0.010038,4.437009,0.373174,0.283971,422.080292,131.926592,54.879932
"GP (tuned), random warm-up",gp_tuned,7,24,False,blowup,,0.003732,2.292914,0.433383,0.325162,3136.577966,90.506492,129.612524
"GP (tuned), random warm-up",gp_tuned,7,25,False,blowup,,0.003552,2.633255,0.311964,0.26609,2265.83001,108.466108,81.316571
"GP (tuned), random warm-up",gp_tuned,7,26,True,,1.4924234056865437,0.074738,4.531972,0.322272,0.302072,3103.303178,144.661232,92.17228
"GP (tuned), random warm-up",gp_tuned,7,27,True,,4.0919505597224255,0.080299,3.919398,0.406028,0.31185,2573.664129,144.851219,75.63384
"GP (tuned), random warm-up",gp_tuned,7,28,True,,11.740491324575029,0.078061,5.692165,0.394552,0.200001,2084.09812,174.994281,127.306767
"GP (tuned), random warm-up",gp_tuned,7,29,False,blowup,,0.005548,8.0,0.30219,0.268129,400.0,82.852246,5.0
"GP (tuned), random warm-up",gp_tuned,7,30,False,blowup,,0.004247,8.0,0.45,0.360548,1496.592096,175.0,5.0
"GP (tuned), random warm-up",gp_tuned,7,31,False,blowup,,0.004934,1.406313,0.291931,0.329423,2623.754156,118.225157,110.181667
"GP (tuned), random warm-up",gp_tuned,7,32,False,min_image,,0.0,8.0,0.361892,0.256983,400.0,175.0,5.0
"GP (tuned), random warm-up",gp_tuned,7,33,False,blowup,,0.004797,8.0,0.353082,0.268745,400.0,131.276931,5.0
"GP (tuned), random warm-up",gp_tuned,7,34,False,min_image,,0.0,8.0,0.415371,0.4,4232.96111,174.339027,5.0
"GP (tuned), random warm-up",gp_tuned,7,35,False,min_image,,0.0,8.0,0.362793,0.290206,400.0,80.0,5.0
"GP (tuned), random warm-up",gp_tuned,7,36,True,,1.1090254723147919,0.079723,2.709996,0.290379,0.209608,4878.965667,143.65675,88.99616
"GP (tuned), random warm-up",gp_tuned,7,37,False,min_image,,0.0,2.833094,0.374462,0.4,426.807696,153.931792,150.0
"GP (tuned), random warm-up",gp_tuned,7,38,True,,1.7462942390913831,0.075479,5.611931,0.404876,0.2,3231.267208,125.050095,150.0
"GP (tuned), random warm-up",gp_tuned,7,39,False,min_image,,0.0,6.728176,0.28,0.308134,400.0,147.681178,150.0
"GP (tuned), random warm-up",gp_tuned,7,40,False,blowup,,0.004486,5.762775,0.329885,0.375784,400.0,131.01958,67.37097
"GP (tuned), random warm-up",gp_tuned,7,41,False,blowup,,0.004348,4.084819,0.372272,0.354957,5469.275023,140.734128,117.777306
"GP (tuned), random warm-up",gp_tuned,7,42,False,blowup,,0.003947,8.0,0.422311,0.307482,2626.885003,119.228582,89.157773
"GP (tuned), random warm-up",gp_tuned,7,43,False,blowup,,0.004314,6.607585,0.317829,0.2,3012.365439,80.0,150.0
"GP (tuned), random warm-up",gp_tuned,7,44,False,blowup,,0.006613,2.968883,0.402957,0.225593,3101.919167,80.0,148.184211
"GP (tuned), random warm-up",gp_tuned,7,45,True,,2.5065685237947686,0.080423,3.607643,0.392502,0.2,2724.278234,175.0,133.119088
"GP (tuned), random warm-up",gp_tuned,7,46,False,blowup,,0.004708,1.541877,0.306008,0.383581,5260.392621,110.853714,94.009097
"GP (tuned), random warm-up",gp_tuned,7,47,False,blowup,,0.004385,5.72934,0.407189,0.327238,785.14965,140.778462,22.523621
"GP (tuned), random warm-up",gp_tuned,7,48,False,blowup,,0.004622,1.778765,0.415545,0.382446,1293.158523,122.424922,40.515149
"GP (tuned), random warm-up",gp_tuned,7,49,False,blowup,,0.00531,8.0,0.292047,0.4,400.0,133.25045,5.0
"GP (tuned), random warm-up",gp_tuned,7,50,False,blowup,,0.00425,1.743931,0.28,0.4,6000.0,151.797007,150.0
"GP (tuned), random warm-up",gp_tuned,7,51,False,min_image,,0.0,2.911774,0.443027,0.388301,2160.750058,103.729913,32.94864
"GP (tuned), random warm-up",gp_tuned,7,52,True,,2.833481587263735,0.079727,4.076572,0.353275,0.270174,400.0,117.552173,5.0
"GP (tuned), random warm-up",gp_tuned,7,53,True,,0.3815347148189207,0.080375,2.102994,0.345506,0.246139,4211.621736,131.443958,23.493846
"GP (tuned), random warm-up",gp_tuned,7,54,False,blowup,,0.012029,4.518524,0.359866,0.245276,2619.816906,143.812113,15.487893
"GP (tuned), random warm-up",gp_tuned,7,55,False,blowup,,0.052509,1.0,0.45,0.213093,3845.249194,124.421313,104.935133
"GP (tuned), random warm-up",gp_tuned,7,56,True,,0.9368938060580638,0.079344,1.910892,0.339033,0.20737,3923.029973,131.645021,92.929664
"GP (tuned), random warm-up",gp_tuned,7,57,True,,1.6040551101255194,0.080075,1.0,0.342725,0.308875,2826.716202,131.483061,18.192284
"GP (tuned), random warm-up",gp_tuned,7,58,False,blowup,,0.004257,7.050241,0.346888,0.372414,400.0,144.684263,98.701355
"GP (tuned), random warm-up",gp_tuned,7,59,False,blowup,,0.004193,7.682568,0.433578,0.232497,818.989799,145.432957,142.243975
"GP (tuned), random warm-up",gp_tuned,7,60,False,min_image,,0.0,8.0,0.33087,0.219184,832.929386,141.004927,150.0
"GP (tuned), random warm-up",gp_tuned,7,61,False,blowup,,0.004269,5.432442,0.438135,0.277123,430.878351,139.199814,67.506293
"GP (tuned), random warm-up",gp_tuned,7,62,False,min_image,,0.0,4.321164,0.323371,0.375179,2675.510834,144.777918,86.34482
"GP (tuned), random warm-up",gp_tuned,7,63,True,,0.6807420928698452,0.080282,1.732075,0.338288,0.226491,4213.08621,134.484495,42.382737
"GP (tuned), random warm-up",gp_tuned,7,64,True,,0.7488851716201813,0.083331,4.887904,0.408609,0.257092,2682.929958,139.184761,65.641917
"GP (tuned), random warm-up",gp_tuned,7,65,True,,1.363146670787877,0.08319,1.676632,0.329811,0.312629,2575.60206,90.407197,150.0
"GP (tuned), random warm-up",gp_tuned,7,66,False,blowup,,0.062496,3.207107,0.433495,0.250338,4210.11691,130.401306,20.94295
"GP (tuned), random warm-up",gp_tuned,7,67,False,blowup,,0.005081,3.412052,0.329291,0.244819,4211.794627,131.757378,21.821148
"GP (tuned), random warm-up",gp_tuned,7,68,False,min_image,,0.0,5.928714,0.319309,0.262609,2690.650388,141.283342,90.70127
"GP (tuned), random warm-up",gp_tuned,7,69,True,,0.5771021308473616,0.080954,4.222624,0.283037,0.338348,4212.390918,131.288161,32.703689
"GP (tuned), random warm-up",gp_tuned,7,70,False,blowup,,0.007994,5.40778,0.368927,0.212085,3101.567549,118.981849,61.778436
"GP (tuned), random warm-up",gp_tuned,7,71,True,,1.955842685340705,0.10417,6.852786,0.293368,0.211627,4220.09895,123.030254,98.564394
"GP (tuned), random warm-up",gp_tuned,7,72,True,,13.379160595501368,0.080705,1.377753,0.413492,0.33812,4199.499264,133.115922,143.401168
"GP (tuned), random warm-up",gp_tuned,7,73,True,,0.8931420581017686,0.089316,6.482807,0.28,0.307845,2775.475676,132.703863,44.684321
"GP (tuned), random warm-up",gp_tuned,7,74,False,blowup,,0.046828,7.717687,0.355674,0.248548,1508.679516,118.559753,104.978646
"GP (tuned), random warm-up",gp_tuned,7,75,False,blowup,,0.004227,5.224725,0.449243,0.346301,3189.118985,92.718105,112.14926
"GP (tuned), random warm-up",gp_tuned,7,76,True,,6.484970029661825,0.079763,7.484404,0.413494,0.202876,5824.687175,104.433115,150.0
"GP (tuned), random warm-up",gp_tuned,7,77,False,blowup,,0.010385,8.0,0.28,0.275091,2546.327033,80.0,113.11513
"GP (tuned), random warm-up",gp_tuned,7,78,False,blowup,,0.004299,8.0,0.28,0.4,6000.0,80.0,5.0
"GP (tuned), random warm-up",gp_tuned,7,79,False,min_image,,0.0,8.0,0.45,0.4,400.0,80.0,150.0
"GP (tuned), random warm-up",gp_tuned,7,80,False,blowup,,0.004591,5.737783,0.349744,0.330109,4222.21685,130.546869,119.035437
"GP (tuned), random warm-up",gp_tuned,7,81,False,blowup,,0.004445,1.801612,0.350258,0.301649,2710.401098,143.050301,64.805172
"GP (tuned), random warm-up",gp_tuned,7,82,False,min_image,,0.0,8.0,0.344015,0.2,724.182998,175.0,150.0
"GP (tuned), random warm-up",gp_tuned,7,83,False,min_image,,0.0,3.630525,0.401685,0.4,400.0,80.0,150.0
"GP (tuned), random warm-up",gp_tuned,7,84,True,,0.8029108219855036,0.080297,3.17735,0.33295,0.2,4208.465296,135.429923,35.8459
"GP (tuned), random warm-up",gp_tuned,7,85,True,,0.38664454626013806,0.08195,2.742931,0.310759,0.334901,4214.31999,131.048748,24.516317
"GP (tuned), random warm-up",gp_tuned,7,86,False,blowup,,0.016893,6.879863,0.341418,0.2,4486.033255,131.256126,96.688197
"GP (tuned), random warm-up",gp_tuned,7,87,True,,1.061224028541117,0.082068,3.060019,0.341788,0.251743,2233.972775,118.478974,106.959239
"GP (tuned), random warm-up",gp_tuned,7,88,True,,0.6695298099525366,0.079593,2.731164,0.309647,0.245252,4213.88947,131.380187,39.46443
"GP (tuned), random warm-up",gp_tuned,7,89,False,min_image,,0.0,1.85151,0.294695,0.311443,493.070469,146.015739,98.154383
"GP (tuned), random warm-up",gp_tuned,7,90,False,min_image,,0.0,6.913333,0.382342,0.26517,4174.987284,131.293156,5.0
"GP (tuned), random warm-up",gp_tuned,7,91,False,blowup,,0.014591,4.257394,0.371592,0.249822,410.468872,81.358447,132.058842
"GP (tuned), random warm-up",gp_tuned,7,92,False,min_image,,0.0,7.816351,0.425741,0.244971,4213.336659,131.479425,37.25301
"GP (tuned), random warm-up",gp_tuned,7,93,True,,3.297806299242371,0.082056,4.684274,0.344108,0.33851,4223.878515,131.035167,5.0
"GP (tuned), random warm-up",gp_tuned,7,94,True,,1.6046784278820296,0.080164,1.86428,0.289142,0.345605,4457.389574,98.800369,5.0
"GP (tuned), random warm-up",gp_tuned,7,95,True,,1.3278306071153199,0.076831,2.065175,0.342287,0.313057,400.0,80.0,94.043396
"GP (tuned), random warm-up",gp_tuned,7,96,True,,2.036114880383569,0.083093,2.287411,0.356226,0.288249,1169.811362,122.091884,5.0
"GP (tuned), random warm-up",gp_tuned,7,97,False,blowup,,0.00464,1.260726,0.43747,0.385252,4204.603981,163.689483,6.252438
"GP (tuned), random warm-up",gp_tuned,7,98,True,,1.5744740226829694,0.081548,5.946976,0.30647,0.249232,3794.178176,126.989108,111.02703
"GP (tuned), random warm-up",gp_tuned,7,99,False,blowup,,0.006304,7.237007,0.355726,0.301459,1785.194572,163.032247,27.41119
"GP (tuned), random warm-up",gp_tuned,7,100,False,min_image,,0.0,6.319253,0.431593,0.397055,833.137221,123.910668,150.0
"GP (tuned), random warm-up",gp_tuned,7,101,False,blowup,,0.004359,7.877641,0.331439,0.326004,703.76252,147.370104,150.0
"GP (tuned), random warm-up",gp_tuned,7,102,False,blowup,,0.004288,7.620015,0.375737,0.217853,1599.113281,95.096845,150.0
"GP (tuned), random warm-up",gp_tuned,7,103,False,blowup,,0.004362,6.329146,0.28,0.313772,4133.659034,169.932973,99.945681
"GP (tuned), random warm-up",gp_tuned,7,104,False,blowup,,0.00436,7.039383,0.442639,0.372555,4432.82559,174.224308,150.0
"GP (tuned), random warm-up",gp_tuned,7,105,False,blowup,,0.004471,7.887269,0.384559,0.343445,3205.469159,80.065454,66.698493
"GP (tuned), random warm-up",gp_tuned,7,106,False,min_image,,0.0,1.938255,0.366731,0.334121,4750.459884,80.0,150.0
"GP (tuned), random warm-up",gp_tuned,7,107,True,,1.1337774965625866,0.081897,4.912436,0.28,0.314039,3003.1078,173.694485,87.754327
"GP (tuned), random warm-up",gp_tuned,7,108,False,blowup,,0.004102,5.714781,0.387027,0.357984,3047.162335,123.632403,111.106502
"GP (tuned), random warm-up",gp_tuned,7,109,False,min_image,,0.0,2.608642,0.45,0.273307,2578.434106,106.147877,5.0
"GP (tuned), random warm-up",gp_tuned,7,110,False,blowup,,0.003969,6.653698,0.3902,0.314923,1307.447293,113.812336,64.728226
"GP (tuned), random warm-up",gp_tuned,7,111,False,blowup,,0.004085,5.36836,0.402585,0.344754,2616.576167,95.361002,50.995717
"GP (tuned), random warm-up",gp_tuned,7,112,False,blowup,,0.004435,4.999491,0.45,0.396888,2840.600941,137.223138,150.0
"GP (tuned), random warm-up",gp_tuned,7,113,False,min_image,,0.0,2.039004,0.407127,0.379578,5322.840332,166.62999,61.74486
"GP (tuned), random warm-up",gp_tuned,7,114,False,blowup,,0.004429,5.553622,0.380085,0.328927,2616.29386,95.120412,150.0
"GP (tuned), random warm-up",gp_tuned,7,115,False,min_image,,0.0,6.840348,0.435499,0.252196,6000.0,80.0,5.0
"GP (tuned), random warm-up",gp_tuned,7,116,False,blowup,,0.004097,4.581986,0.355045,0.369739,2462.49867,155.32838,6.730058
"GP (tuned), random warm-up",gp_tuned,7,117,True,,2.8402644185333674,0.081252,5.410775,0.45,0.227739,5233.883691,83.264308,46.989471
"GP (tuned), random warm-up",gp_tuned,7,118,True,,1.4373420264489065,0.08044,1.107875,0.364057,0.223421,1936.734383,101.756327,150.0
"GP (tuned), random warm-up",gp_tuned,7,119,True,,3.3595927259114586,0.080528,7.811423,0.295855,0.246649,400.0,80.0,47.141373
"GP (tuned), random warm-up",gp_tuned,7,120,False,min_image,,0.0,6.419903,0.282208,0.397898,1304.424133,113.271529,72.683809
"GP (tuned), random warm-up",gp_tuned,7,121,False,blowup,,0.040682,7.518422,0.45,0.2,3730.245372,162.648931,54.769716
"GP (tuned), random warm-up",gp_tuned,7,122,False,blowup,,0.004434,8.0,0.355143,0.203608,400.0,100.398672,10.601142
"GP (tuned), random warm-up",gp_tuned,7,123,False,blowup,,0.004373,3.41128,0.417848,0.4,502.515195,133.541869,74.523531
"GP (tuned), random warm-up",gp_tuned,7,124,False,blowup,,0.022433,8.0,0.331969,0.2,5269.847373,168.500118,150.0
"GP (tuned), random warm-up",gp_tuned,7,125,False,min_image,,0.0,2.571598,0.409596,0.232763,2537.358579,100.094417,11.717221
"GP (tuned), random warm-up",gp_tuned,7,126,False,blowup,,0.00577,5.468362,0.28,0.2,1467.826571,133.838946,118.544003
"GP (tuned), random warm-up",gp_tuned,7,127,False,blowup,,0.004203,3.165779,0.437972,0.4,3581.556476,117.305541,133.176754
"GP (tuned), random warm-up",gp_tuned,7,128,False,blowup,,0.004488,6.363653,0.28,0.218955,1210.8036,167.941552,77.255824
"GP (tuned), random warm-up",gp_tuned,7,129,False,blowup,,0.007979,6.593964,0.334215,0.2,4555.491892,166.402942,136.443024
"GP (tuned), random warm-up",gp_tuned,7,130,False,blowup,,0.004355,6.52358,0.399239,0.4,5841.578873,143.496134,141.160501
"GP (tuned), random warm-up",gp_tuned,7,131,True,,0.9447982182946048,0.081366,3.035398,0.28,0.4,4580.091376,112.01658,62.9976
"GP (tuned), random warm-up",gp_tuned,7,132,False,min_image,,0.0,6.707478,0.308017,0.2,4980.470499,167.020103,60.687205
"GP (tuned), random warm-up",gp_tuned,7,133,False,blowup,,0.036811,5.375276,0.42541,0.2,3254.360715,80.755809,93.187815
"GP (tuned), random warm-up",gp_tuned,7,134,True,,1.2379994749232668,0.086219,4.971926,0.28032,0.350076,2811.406274,175.0,83.253112
"GP (tuned), random warm-up",gp_tuned,7,135,False,blowup,,0.004564,1.945092,0.331195,0.4,2494.984326,146.760168,10.207672
"GP (tuned), random warm-up",gp_tuned,7,136,False,blowup,,0.004341,6.777597,0.4105,0.390134,1610.556436,156.295348,150.0
"GP (tuned), random warm-up",gp_tuned,7,137,True,,1.4240794997115032,0.080919,3.413861,0.366359,0.2,3821.578927,99.889937,76.839524
"GP (tuned), random warm-up",gp_tuned,7,138,False,blowup,,0.005926,6.177783,0.30438,0.4,558.482047,126.422263,70.08731
"GP (tuned), random warm-up",gp_tuned,7,139,False,blowup,,0.005248,6.460916,0.45,0.4,5619.755022,174.258391,121.093564
"GP (tuned), random warm-up",gp_tuned,7,140,False,blowup,,0.005527,5.448341,0.45,0.4,4637.272443,142.395205,63.175325
"GP (tuned), random warm-up",gp_tuned,7,141,True,,4.795176535186926,0.079661,5.850791,0.45,0.276578,4421.957662,91.08927,150.0
"GP (tuned), random warm-up",gp_tuned,7,142,False,blowup,,0.004536,6.74547,0.382796,0.336806,887.133768,84.055163,5.0
"GP (tuned), random warm-up",gp_tuned,7,143,True,,3.9984660858908168,0.07041,6.901245,0.448055,0.220278,4776.818472,163.808247,5.0
"GP (tuned), random warm-up",gp_tuned,7,144,False,min_image,,0.0,6.815381,0.400842,0.4,1065.899387,80.0,5.0
"GP (tuned), random warm-up",gp_tuned,7,145,False,min_image,,0.0,1.0,0.415746,0.4,817.664716,103.521454,32.395968
"GP (tuned), random warm-up",gp_tuned,7,146,True,,1.0393968168386878,0.069291,2.456534,0.391462,0.2,1443.878152,156.990747,46.824144
"GP (tuned), random warm-up",gp_tuned,7,147,False,blowup,,0.003786,3.813834,0.377415,0.4,4134.249058,134.290676,34.698611
"GP (tuned), random warm-up",gp_tuned,7,148,False,blowup,,0.003852,5.23454,0.356106,0.4,3839.49054,91.884581,100.764445
"GP (tuned), random warm-up",gp_tuned,7,149,False,min_image,,0.0,6.383698,0.421457,0.372154,1412.008573,145.210161,150.0
"GP (tuned), random warm-up",gp_tuned,7,150,False,blowup,,0.013132,6.787423,0.381262,0.2,2732.543639,135.700886,39.322479
"GP (tuned), random warm-up",gp_tuned,8,1,False,blowup,,0.028144,1.077801,0.320705,0.275503,4972.183178,120.123326,93.744833
"GP (tuned), random warm-up",gp_tuned,8,2,True,,3.0482583699481993,0.05457,7.485069,0.304909,0.340306,2654.993272,157.735268,8.085791
"GP (tuned), random warm-up",gp_tuned,8,3,False,min_image,,0.0,1.376675,0.325429,0.258428,4188.512617,108.558712,31.491905
"GP (tuned), random warm-up",gp_tuned,8,4,False,blowup,,0.009202,4.595394,0.394507,0.224342,2262.774291,106.073199,87.700008
"GP (tuned), random warm-up",gp_tuned,8,5,True,,0.8233974169529314,0.054199,1.796672,0.393098,0.212751,3083.955875,141.633212,25.011712
"GP (tuned), random warm-up",gp_tuned,8,6,True,,0.8117229474205118,0.054371,2.584875,0.376889,0.252251,1412.548352,115.549666,73.833516
"GP (tuned), random warm-up",gp_tuned,8,7,True,,1.250408485470786,0.072002,6.058674,0.355144,0.309697,3909.144107,127.474906,111.952367
"GP (tuned), random warm-up",gp_tuned,8,8,False,min_image,,0.0,4.082044,0.282279,0.205183,1918.576706,154.407103,141.695874
"GP (tuned), random warm-up",gp_tuned,8,9,False,min_image,,0.0,6.227122,0.364247,0.223504,4782.804113,83.093745,20.488621
"GP (tuned), random warm-up",gp_tuned,8,10,False,blowup,,0.004974,4.298665,0.359578,0.362932,1752.96094,139.353384,81.513994
"GP (tuned), random warm-up",gp_tuned,8,11,False,min_image,,0.0,5.487582,0.28,0.4,6000.0,80.0,12.756538
"GP (tuned), random warm-up",gp_tuned,8,12,False,blowup,,0.004571,1.0,0.45,0.2,400.0,80.0,150.0
"GP (tuned), random warm-up",gp_tuned,8,13,False,min_image,,0.0,1.0,0.28,0.2,6000.0,175.0,5.0
"GP (tuned), random warm-up",gp_tuned,8,14,False,blowup,,0.00514,3.203799,0.357809,0.388405,6000.0,175.0,40.342895
"GP (tuned), random warm-up",gp_tuned,8,15,False,min_image,,0.0,1.0,0.28,0.4,6000.0,98.823253,5.0
"GP (tuned), random warm-up",gp_tuned,8,16,False,min_image,,0.0,6.169459,0.359818,0.231629,4955.941624,80.0,15.879651
"GP (tuned), random warm-up",gp_tuned,8,17,True,,4.376482779879607,0.101039,5.98033,0.357672,0.214344,4935.2175,80.0,38.660057
"GP (tuned), random warm-up",gp_tuned,8,18,False,blowup,,0.004445,2.2469,0.372312,0.248266,3590.022378,167.047067,77.869801
"GP (tuned), random warm-up",gp_tuned,8,19,False,min_image,,0.0,1.213385,0.418454,0.259386,5754.709201,147.875699,29.237368
"GP (tuned), random warm-up",gp_tuned,8,20,False,min_image,,0.0,3.828243,0.423702,0.368521,3943.562326,169.548269,148.47426
"GP (tuned), random warm-up",gp_tuned,8,21,False,min_image,,0.0,6.28519,0.357157,0.223721,2311.133365,114.634715,15.14672
"GP (tuned), random warm-up",gp_tuned,8,22,True,,4.815199562507191,0.076573,2.104581,0.406999,0.262555,3191.58693,167.524181,134.093173
"GP (tuned), random warm-up",gp_tuned,8,23,False,blowup,,0.004479,3.395101,0.312787,0.271209,4935.770634,153.205876,98.014734
"GP (tuned), random warm-up",gp_tuned,8,24,False,blowup,,0.00424,5.277226,0.435848,0.309623,3447.640159,156.908864,85.259655
"GP (tuned), random warm-up",gp_tuned,8,25,False,blowup,,0.004016,7.660766,0.442247,0.30713,4919.580946,126.977875,21.231706
"GP (tuned), random warm-up",gp_tuned,8,26,True,,6.14749328761462,0.076642,2.038491,0.444452,0.253972,5809.985187,107.050158,16.908567
"GP (tuned), random warm-up",gp_tuned,8,27,False,blowup,,0.004153,6.178082,0.425242,0.394436,3670.60845,150.004863,82.211192
"GP (tuned), random warm-up",gp_tuned,8,28,False,blowup,,0.004673,2.336813,0.325934,0.249282,4838.009925,163.753723,63.00008
"GP (tuned), random warm-up",gp_tuned,8,29,False,blowup,,0.004182,6.150414,0.445897,0.341748,2501.060181,102.338938,138.78581
"GP (tuned), random warm-up",gp_tuned,8,30,False,min_image,,0.0,6.18259,0.359622,0.235925,4830.439159,83.766206,16.516426
"GP (tuned), random warm-up",gp_tuned,8,31,True,,4.807875484778059,0.076539,7.768783,0.403273,0.337104,5922.467657,118.453478,80.188095
"GP (tuned), random warm-up",gp_tuned,8,32,False,blowup,,0.004442,6.146662,0.360974,0.372193,2727.463757,163.654868,149.217715
"GP (tuned), random warm-up",gp_tuned,8,33,True,,1.276421018076031,0.080275,1.12453,0.310759,0.318794,2788.350959,106.748177,80.979103
"GP (tuned), random warm-up",gp_tuned,8,34,False,blowup,,0.004202,7.655979,0.444938,0.305056,4837.265299,127.529178,17.704639
"GP (tuned), random warm-up",gp_tuned,8,35,False,min_image,,0.0,1.070457,0.324153,0.258588,5250.900361,125.526213,95.329488
"GP (tuned), random warm-up",gp_tuned,8,36,False,min_image,,0.0,2.260228,0.328686,0.294684,3730.999152,111.985232,109.030777
"GP (tuned), random warm-up",gp_tuned,8,37,False,min_image,,0.0,1.221485,0.425801,0.264282,6000.0,152.210441,28.579831
"GP (tuned), random warm-up",gp_tuned,8,38,False,min_image,,0.0,6.113328,0.390894,0.23491,3860.470084,108.844768,122.078333
"GP (tuned), random warm-up",gp_tuned,8,39,True,,1.9481101384158732,0.081294,6.264447,0.353983,0.326424,1743.959438,108.289412,115.210072
"GP (tuned), random warm-up",gp_tuned,8,40,False,min_image,,0.0,6.28554,0.294985,0.315468,430.317978,89.579349,118.775894
"GP (tuned), random warm-up",gp_tuned,8,41,False,min_image,,0.0,6.228169,0.335762,0.296994,3538.739635,150.185962,5.0
"GP (tuned), random warm-up",gp_tuned,8,42,False,min_image,,0.0,6.286193,0.384381,0.248546,3030.050909,89.421505,122.283403
"GP (tuned), random warm-up",gp_tuned,8,43,False,blowup,,0.004184,6.176944,0.414981,0.308184,4514.584768,130.278693,18.995753
"GP (tuned), random warm-up",gp_tuned,8,44,True,,4.143089590784754,0.082485,6.206394,0.322065,0.223334,5067.663825,123.446258,7.954358
"GP (tuned), random warm-up",gp_tuned,8,45,False,blowup,,0.004303,6.936798,0.306745,0.370031,1535.845289,173.540002,50.406099
"GP (tuned), random warm-up",gp_tuned,8,46,False,blowup,,0.004076,7.651217,0.41444,0.373969,2127.347396,107.627786,95.879751
"GP (tuned), random warm-up",gp_tuned,8,47,False,blowup,,0.004686,4.438239,0.353685,0.227963,6000.0,136.721499,31.699408
"GP (tuned), random warm-up",gp_tuned,8,48,False,min_image,,0.0,6.256164,0.434144,0.391691,4628.091369,150.832238,63.866734
"GP (tuned), random warm-up",gp_tuned,8,49,False,blowup,,0.004111,5.677539,0.45,0.2,5747.268699,165.574029,79.433326
"GP (tuned), random warm-up",gp_tuned,8,50,False,min_image,,0.0,6.099906,0.2814,0.250907,2400.563695,101.298626,76.692729
"GP (tuned), random warm-up",gp_tuned,8,51,False,blowup,,0.0051,4.709659,0.392367,0.21551,1516.875612,103.078847,101.995222
"GP (tuned), random warm-up",gp_tuned,8,52,False,min_image,,0.0,6.19233,0.295248,0.257926,3501.28771,102.553956,71.441554
"GP (tuned), random warm-up",gp_tuned,8,53,True,,1.2757543417166268,0.082566,3.272915,0.373823,0.272648,3082.747598,93.550561,90.196339
"GP (tuned), random warm-up",gp_tuned,8,54,False,blowup,,0.004481,3.425858,0.28715,0.350884,3906.281659,174.268465,101.472308
"GP (tuned), random warm-up",gp_tuned,8,55,True,,1.7257236745744011,0.082493,3.829742,0.364836,0.2,6000.0,128.36664,142.150763
"GP (tuned), random warm-up",gp_tuned,8,56,False,blowup,,0.004444,3.36771,0.384001,0.317255,6000.0,158.692457,42.939471
"GP (tuned), random warm-up",gp_tuned,8,57,False,blowup,,0.004565,3.359394,0.395079,0.248635,5570.066436,165.483024,125.519138
"GP (tuned), random warm-up",gp_tuned,8,58,True,,21.284065214276595,0.083478,2.078163,0.434875,0.349129,5347.169373,161.66032,128.529808
"GP (tuned), random warm-up",gp_tuned,8,59,False,blowup,,0.004448,4.94514,0.392839,0.213076,4741.129248,171.338711,79.928013
"GP (tuned), random warm-up",gp_tuned,8,60,False,blowup,,0.004248,2.845647,0.344792,0.235001,5569.290786,136.100584,147.859147
"GP (tuned), random warm-up",gp_tuned,8,61,False,blowup,,0.004328,4.16412,0.415204,0.22836,4206.045583,140.881603,133.033105
"GP (tuned), random warm-up",gp_tuned,8,62,False,blowup,,0.004377,1.124834,0.308709,0.324412,6000.0,159.832797,92.177683
"GP (tuned), random warm-up",gp_tuned,8,63,False,blowup,,0.004337,6.651549,0.302808,0.350222,2933.998719,140.654824,92.077345
"GP (tuned), random warm-up",gp_tuned,8,64,False,blowup,,0.004015,3.495588,0.413078,0.317443,1639.831612,114.532903,78.033503
"GP (tuned), random warm-up",gp_tuned,8,65,False,blowup,,0.004164,4.217789,0.425754,0.218262,4808.56551,132.099016,84.48829
"GP (tuned), random warm-up",gp_tuned,8,66,False,blowup,,0.004268,4.868994,0.354995,0.258451,2266.133807,172.00781,94.365877
"GP (tuned), random warm-up",gp_tuned,8,67,False,blowup,,0.004648,3.965075,0.355884,0.325129,2367.971437,175.0,35.300616
"GP (tuned), random warm-up",gp_tuned,8,68,False,blowup,,0.004358,3.65031,0.361485,0.339902,3647.053702,123.865434,57.428461
"GP (tuned), random warm-up",gp_tuned,8,69,False,blowup,,0.004395,2.31056,0.310395,0.346133,1674.744244,175.0,12.840449
"GP (tuned), random warm-up",gp_tuned,8,70,True,,5.384925781259408,0.086483,6.850247,0.369049,0.248509,6000.0,84.211835,34.077125
"GP (tuned), random warm-up",gp_tuned,8,71,False,blowup,,0.023857,6.394965,0.398097,0.323487,1304.815016,112.451121,139.781202
"GP (tuned), random warm-up",gp_tuned,8,72,True,,1.6381782502144644,0.083834,1.627116,0.373059,0.276174,2408.729407,166.372993,6.149145
"GP (tuned), random warm-up",gp_tuned,8,73,False,blowup,,0.013759,7.792018,0.436502,0.227111,2237.757065,109.383307,136.576519
"GP (tuned), random warm-up",gp_tuned,8,74,False,blowup,,0.004166,7.726234,0.42644,0.372421,3222.767611,120.749586,55.650352
"GP (tuned), random warm-up",gp_tuned,8,75,False,blowup,,0.004765,4.030927,0.358896,0.204496,1994.031672,110.93433,31.577976
"GP (tuned), random warm-up",gp_tuned,8,76,False,blowup,,0.004028,7.132004,0.440687,0.292653,5684.235225,140.029529,5.24071
"GP (tuned), random warm-up",gp_tuned,8,77,False,blowup,,0.004298,1.138251,0.398889,0.301793,4986.423702,153.370556,112.785319
"GP (tuned), random warm-up",gp_tuned,8,78,False,blowup,,0.00402,6.238507,0.36885,0.342881,5074.192124,95.202489,131.489738
"GP (tuned), random warm-up",gp_tuned,8,79,False,blowup,,0.004289,6.467314,0.408273,0.338503,5638.753953,157.658736,91.109105
"GP (tuned), random warm-up",gp_tuned,8,80,True,,1.204782795157193,0.082866,2.140492,0.280925,0.282286,777.595608,105.245434,141.820181
"GP (tuned), random warm-up",gp_tuned,8,81,False,blowup,,0.004164,7.858806,0.365969,0.313985,1052.789411,156.165457,108.522366
"GP (tuned), random warm-up",gp_tuned,8,82,True,,4.75543310421565,0.084467,2.303207,0.397331,0.364545,1607.191871,85.830758,131.874186
"GP (tuned), random warm-up",gp_tuned,8,83,True,,2.812242946408776,0.083638,4.670694,0.363793,0.235505,3737.913156,130.628253,146.802733
"GP (tuned), random warm-up",gp_tuned,8,84,False,blowup,,0.005427,4.35511,0.305206,0.263734,400.0,141.768772,103.528404
"GP (tuned), random warm-up",gp_tuned,8,85,False,blowup,,0.015016,4.945107,0.38009,0.219376,889.396357,125.256985,132.640363
"GP (tuned), random warm-up",gp_tuned,8,86,False,blowup,,0.004906,5.309374,0.334365,0.303882,400.0,119.891188,145.038686
"GP (tuned), random warm-up",gp_tuned,8,87,False,blowup,,0.045538,2.153006,0.385459,0.206194,413.714179,126.412364,99.330499
"GP (tuned), random warm-up",gp_tuned,8,88,False,blowup,,0.01674,7.361212,0.352677,0.277442,967.889511,142.753958,32.142469
"GP (tuned), random warm-up",gp_tuned,8,89,False,blowup,,0.004477,8.0,0.402675,0.281303,3612.22576,122.847819,32.047376
"GP (tuned), random warm-up",gp_tuned,8,90,False,blowup,,0.016456,7.044634,0.373695,0.335351,400.0,143.515231,46.763721
"GP (tuned), random warm-up",gp_tuned,8,91,False,blowup,,0.004393,6.007723,0.416128,0.394746,2788.57629,124.260191,86.473378
"GP (tuned), random warm-up",gp_tuned,8,92,True,,5.92414699646422,0.080934,8.0,0.445843,0.246106,501.981852,111.742028,5.00203
"GP (tuned), random warm-up",gp_tuned,8,93,False,blowup,,0.010452,6.900962,0.346696,0.318458,637.663073,158.388251,10.411166
"GP (tuned), random warm-up",gp_tuned,8,94,False,blowup,,0.071396,2.318263,0.374363,0.2,400.0,169.395028,50.746467
"GP (tuned), random warm-up",gp_tuned,8,95,False,blowup,,0.004761,2.444317,0.293305,0.259962,4538.7808,165.228855,17.776645
"GP (tuned), random warm-up",gp_tuned,8,96,False,blowup,,0.021119,7.772123,0.420936,0.236905,1672.850757,119.640741,102.232987
"GP (tuned), random warm-up",gp_tuned,8,97,False,blowup,,0.004304,4.839866,0.307306,0.390136,2556.88654,107.442491,38.71861
"GP (tuned), random warm-up",gp_tuned,8,98,False,blowup,,0.047615,3.104682,0.445576,0.216462,1904.351943,117.145691,123.750388
"GP (tuned), random warm-up",gp_tuned,8,99,False,blowup,,0.004299,3.279057,0.3269,0.290774,810.25898,110.218659,93.005744
"GP (tuned), random warm-up",gp_tuned,8,100,False,blowup,,0.004856,7.180363,0.347618,0.354203,431.198362,135.945488,5.0
"GP (tuned), random warm-up",gp_tuned,8,101,False,blowup,,0.004409,4.376087,0.287246,0.301871,894.661981,97.195824,136.602902
"GP (tuned), random warm-up",gp_tuned,8,102,False,blowup,,0.059401,1.322491,0.394652,0.227527,5219.015848,80.270017,13.286861
"GP (tuned), random warm-up",gp_tuned,8,103,True,,4.8199656518057115,0.082302,6.185495,0.373556,0.22666,6000.0,175.0,5.0
"GP (tuned), random warm-up",gp_tuned,8,104,False,blowup,,0.004437,3.640667,0.413389,0.32537,4191.152717,124.723482,83.995343
"GP (tuned), random warm-up",gp_tuned,8,105,True,,1.4233297872698378,0.079636,1.110471,0.324518,0.360451,1840.025115,126.433367,53.040553
"GP (tuned), random warm-up",gp_tuned,8,106,False,blowup,,0.012505,7.070147,0.346291,0.318021,823.239587,117.836611,128.234271
"GP (tuned), random warm-up",gp_tuned,8,107,False,blowup,,0.004127,8.0,0.436162,0.332055,2915.265533,124.12552,73.557921
"GP (tuned), random warm-up",gp_tuned,8,108,False,blowup,,0.004718,1.775394,0.316736,0.353457,3461.366693,121.641535,75.311163
"GP (tuned), random warm-up",gp_tuned,8,109,False,blowup,,0.004726,4.282884,0.442911,0.231009,1697.775728,105.515776,90.095896
"GP (tuned), random warm-up",gp_tuned,8,110,False,blowup,,0.028776,7.747277,0.400087,0.247497,990.975793,118.671366,121.781416
"GP (tuned), random warm-up",gp_tuned,8,111,False,blowup,,0.004529,7.621009,0.345514,0.378234,503.347892,138.919791,5.0
"GP (tuned), random warm-up",gp_tuned,8,112,False,blowup,,0.004354,4.464872,0.413983,0.326952,3205.156569,120.928818,93.80696
"GP (tuned), random warm-up",gp_tuned,8,113,False,blowup,,0.004461,4.764015,0.31102,0.237479,4941.707273,129.920093,19.666302
"GP (tuned), random warm-up",gp_tuned,8,114,False,blowup,,0.004663,1.371443,0.313252,0.230789,4803.294051,163.693565,59.268278
"GP (tuned), random warm-up",gp_tuned,8,115,False,blowup,,0.004345,7.880309,0.4194,0.381798,2918.054461,139.200123,100.61717
"GP (tuned), random warm-up",gp_tuned,8,116,True,,2.733762456034642,0.082135,2.642019,0.38166,0.336723,1515.105979,117.957619,93.132117
"GP (tuned), random warm-up",gp_tuned,8,117,False,blowup,,0.004152,6.815221,0.326003,0.4,5309.34665,175.0,123.013179
"GP (tuned), random warm-up",gp_tuned,8,118,False,blowup,,0.020986,5.722213,0.282628,0.292149,1173.539608,162.760204,27.449338
"GP (tuned), random warm-up",gp_tuned,8,119,False,blowup,,0.004659,5.07398,0.37051,0.217788,4392.627272,134.522418,26.011096
"GP (tuned), random warm-up",gp_tuned,8,120,False,blowup,,0.005484,5.988446,0.361142,0.254515,400.0,145.806407,60.803495
"GP (tuned), random warm-up",gp_tuned,8,121,False,blowup,,0.006474,7.545666,0.316673,0.231455,400.0,154.509912,47.289637
"GP (tuned), random warm-up",gp_tuned,8,122,False,blowup,,0.009729,5.274089,0.361494,0.272827,706.563353,130.270789,83.920008
"GP (tuned), random warm-up",gp_tuned,8,123,False,blowup,,0.033467,7.162006,0.39029,0.269864,1251.068248,139.379118,79.262036
"GP (tuned), random warm-up",gp_tuned,8,124,False,blowup,,0.009516,6.467373,0.421901,0.245985,1632.779745,155.581302,130.926209
"GP (tuned), random warm-up",gp_tuned,8,125,False,blowup,,0.006318,4.274771,0.390349,0.236466,5005.037474,166.677992,86.107845
"GP (tuned), random warm-up",gp_tuned,8,126,False,blowup,,0.006163,4.797717,0.425116,0.22424,4780.759874,153.979152,87.895938
"GP (tuned), random warm-up",gp_tuned,8,127,False,blowup,,0.004531,1.0,0.45,0.370069,400.0,85.161494,150.0
"GP (tuned), random warm-up",gp_tuned,8,128,False,blowup,,0.005401,1.0,0.45,0.4,400.0,174.583198,5.0
"GP (tuned), random warm-up",gp_tuned,8,129,False,blowup,,0.039254,2.370078,0.372602,0.206747,1215.611917,104.96919,62.765802
"GP (tuned), random warm-up",gp_tuned,8,130,False,blowup,,0.011812,7.188659,0.392357,0.297281,1108.303246,126.31883,126.22956
"GP (tuned), random warm-up",gp_tuned,8,131,False,blowup,,0.00757,7.124064,0.294008,0.263212,587.613651,154.571564,112.25208
"GP (tuned), random warm-up",gp_tuned,8,132,False,blowup,,0.037323,3.074887,0.380824,0.209948,1179.087086,115.139051,79.532651
"GP (tuned), random warm-up",gp_tuned,8,133,False,blowup,,0.008863,4.156099,0.449838,0.220545,1060.988598,114.755795,122.66878
"GP (tuned), random warm-up",gp_tuned,8,134,False,blowup,,0.004214,2.874772,0.335691,0.369671,3643.506224,124.792793,91.93646
"GP (tuned), random warm-up",gp_tuned,8,135,True,,1.2243303851353884,0.081501,1.506814,0.29987,0.2,1201.297035,114.627532,83.768085
"GP (tuned), random warm-up",gp_tuned,8,136,False,blowup,,0.005846,1.82525,0.399767,0.32239,2559.517166,128.821123,84.164575
"GP (tuned), random warm-up",gp_tuned,8,137,False,blowup,,0.006088,7.450579,0.432091,0.268332,400.0,129.987033,115.704907
"GP (tuned), random warm-up",gp_tuned,8,138,False,blowup,,0.006364,5.613446,0.282957,0.245032,400.0,162.25703,42.239459
"GP (tuned), random warm-up",gp_tuned,8,139,False,blowup,,0.004815,7.437018,0.348145,0.295472,400.0,143.220383,111.72093
"GP (tuned), random warm-up",gp_tuned,8,140,False,blowup,,0.004569,2.990472,0.309045,0.289983,5191.924843,171.067989,96.627017
"GP (tuned), random warm-up",gp_tuned,8,141,False,blowup,,0.004549,2.834178,0.420389,0.251868,4904.674287,164.146542,49.405106
"GP (tuned), random warm-up",gp_tuned,8,142,False,blowup,,0.004188,6.325411,0.337719,0.344876,4080.910947,156.602566,95.089349
"GP (tuned), random warm-up",gp_tuned,8,143,False,blowup,,0.006911,7.697652,0.320945,0.211487,1197.894438,116.034842,124.933678
"GP (tuned), random warm-up",gp_tuned,8,144,False,blowup,,0.004393,3.91682,0.363602,0.204074,4172.580876,131.501226,85.620367
"GP (tuned), random warm-up",gp_tuned,8,145,False,blowup,,0.012166,7.681844,0.382312,0.200635,895.551452,125.348998,80.366374
"GP (tuned), random warm-up",gp_tuned,8,146,True,,2.2095329774656336,0.081749,4.374666,0.391118,0.202806,1505.944421,128.863172,73.595994
"GP (tuned), random warm-up",gp_tuned,8,147,True,,1.2918760146631285,0.084706,2.410618,0.307727,0.224366,1048.635262,116.249347,95.605289
"GP (tuned), random warm-up",gp_tuned,8,148,False,blowup,,0.005428,2.348147,0.327431,0.245824,4799.606173,106.90722,59.712961
"GP (tuned), random warm-up",gp_tuned,8,149,False,blowup,,0.058712,4.264691,0.394805,0.248557,2282.260482,131.446391,86.765989
"GP (tuned), random warm-up",gp_tuned,8,150,False,blowup,,0.004371,1.87714,0.291465,0.3549,3809.171729,142.971761,85.990178
"GP (tuned), random warm-up",gp_tuned,9,1,True,,2.070075710949582,0.079528,3.551227,0.364852,0.201509,2170.856124,81.265591,132.197075
"GP (tuned), random warm-up",gp_tuned,9,2,False,min_image,,0.0,4.462582,0.333671,0.27479,4514.085026,171.950888,106.724525
"GP (tuned), random warm-up",gp_tuned,9,3,False,blowup,,0.004278,4.87139,0.440362,0.32591,3563.270365,140.758982,115.927667
"GP (tuned), random warm-up",gp_tuned,9,4,False,blowup,,0.0045,1.555212,0.291504,0.298196,1573.014242,167.896228,147.18853
"GP (tuned), random warm-up",gp_tuned,9,5,False,min_image,,0.0,1.3269,0.378644,0.214902,1296.392204,121.31443,91.095806
"GP (tuned), random warm-up",gp_tuned,9,6,True,,4.010785622802742,0.080099,7.508165,0.346773,0.257868,2173.813923,173.754966,11.213493
"GP (tuned), random warm-up",gp_tuned,9,7,False,blowup,,0.004258,5.716,0.320733,0.235492,1118.795121,86.658128,97.158061
"GP (tuned), random warm-up",gp_tuned,9,8,True,,4.566385364797762,0.079301,6.454479,0.361038,0.214244,5458.291807,156.402993,5.661758
"GP (tuned), random warm-up",gp_tuned,9,9,True,,1.1303846572796994,0.082303,4.84208,0.286251,0.363446,3300.503402,129.353826,126.271
"GP (tuned), random warm-up",gp_tuned,9,10,False,min_image,,0.0,1.944494,0.304954,0.210873,3517.940819,171.4785,108.897283
"GP (tuned), random warm-up",gp_tuned,9,11,False,blowup,,0.004219,5.266426,0.45,0.327595,3732.044192,144.374762,113.761102
"GP (tuned), random warm-up",gp_tuned,9,12,False,blowup,,0.0045,1.502857,0.335545,0.304588,1489.91403,175.0,148.090951
"GP (tuned), random warm-up",gp_tuned,9,13,False,blowup,,0.004114,8.0,0.45,0.4,6000.0,80.0,64.905457
"GP (tuned), random warm-up",gp_tuned,9,14,False,blowup,,0.00436,4.840118,0.439516,0.310539,3877.651602,153.550745,111.969677
"GP (tuned), random warm-up",gp_tuned,9,15,True,,2.9142142488549245,0.080077,7.876582,0.343644,0.4,4463.187303,175.0,66.520735
"GP (tuned), random warm-up",gp_tuned,9,16,True,,1.2974638530180052,0.082371,2.47008,0.365293,0.218846,1285.022741,105.218146,92.798987
"GP (tuned), random warm-up",gp_tuned,9,17,False,min_image,,0.0,5.236594,0.45,0.4,4839.689006,142.401944,99.456231
"GP (tuned), random warm-up",gp_tuned,9,18,False,blowup,,0.004226,6.376826,0.319207,0.242937,1166.978271,84.56886,95.322095
"GP (tuned), random warm-up",gp_tuned,9,19,False,blowup,,0.004133,8.0,0.45,0.4,6000.0,175.0,150.0
"GP (tuned), random warm-up",gp_tuned,9,20,True,,1.9617727070140272,0.081635,1.489383,0.443327,0.239975,746.144669,123.729204,91.515601
"GP (tuned), random warm-up",gp_tuned,9,21,False,blowup,,0.004444,5.007399,0.442609,0.322218,4051.503462,153.705214,114.820128
"GP (tuned), random warm-up",gp_tuned,9,22,False,blowup,,0.004411,5.09903,0.45,0.32803,4104.393046,158.656596,119.061028
"GP (tuned), random warm-up",gp_tuned,9,23,False,blowup,,0.004698,2.690161,0.295111,0.347096,2213.843037,174.417541,150.0
"GP (tuned), random warm-up",gp_tuned,9,24,False,blowup,,0.004378,7.391296,0.427409,0.361537,4683.870314,80.0,76.581303
"GP (tuned), random warm-up",gp_tuned,9,25,True,,1.636820327483169,0.081501,4.738481,0.381631,0.259421,1940.000051,126.068956,108.393189
"GP (tuned), random warm-up",gp_tuned,9,26,False,blowup,,0.003953,5.10924,0.444136,0.335227,3925.79221,143.642886,117.670561
"GP (tuned), random warm-up",gp_tuned,9,27,False,blowup,,0.004001,5.041106,0.318868,0.219079,400.0,81.090581,104.747402
"GP (tuned), random warm-up",gp_tuned,9,28,False,blowup,,0.004417,1.359268,0.33403,0.313595,1363.069671,175.0,150.0
"GP (tuned), random warm-up",gp_tuned,9,29,False,min_image,,0.0,1.325227,0.374723,0.215315,1375.293505,121.441785,91.274776
"GP (tuned), random warm-up",gp_tuned,9,30,False,blowup,,0.004158,4.138295,0.45,0.293504,3286.649364,155.826397,119.431077
"GP (tuned), random warm-up",gp_tuned,9,31,False,min_image,,0.0,1.392914,0.382238,0.216562,1526.247212,131.822095,95.106524
"GP (tuned), random warm-up",gp_tuned,9,32,False,blowup,,0.004049,7.029407,0.433831,0.361228,4438.699858,82.867839,81.727188
"GP (tuned), random warm-up",gp_tuned,9,33,False,blowup,,0.010305,5.094499,0.35504,0.267201,1744.51957,83.844451,96.903131
"GP (tuned), random warm-up",gp_tuned,9,34,False,min_image,,0.0,6.954352,0.427731,0.4,5187.546557,141.642567,108.687954
"GP (tuned), random warm-up",gp_tuned,9,35,True,,13.55290300944889,0.081582,5.877861,0.438402,0.342191,4464.36666,170.225596,120.460079
"GP (tuned), random warm-up",gp_tuned,9,36,False,min_image,,0.0,2.949311,0.320474,0.237899,3756.563383,171.593784,108.47334
"GP (tuned), random warm-up",gp_tuned,9,37,True,,1.0474586636529541,0.08078,5.504486,0.28,0.251696,2735.113139,109.787909,125.483502
"GP (tuned), random warm-up",gp_tuned,9,38,True,,1.8153687766072144,0.081934,1.0,0.28,0.2,4309.808795,131.046869,104.424375
"GP (tuned), random warm-up",gp_tuned,9,39,True,,6.077224237566158,0.078738,2.383839,0.442224,0.278226,2573.138331,127.779756,53.258846
"GP (tuned), random warm-up",gp_tuned,9,40,False,blowup,,0.004119,5.133886,0.311288,0.21539,400.0,80.0,104.357623
"GP (tuned), random warm-up",gp_tuned,9,41,True,,0.9702628100720463,0.085079,3.854154,0.28,0.386505,2971.856789,121.521735,127.040118
"GP (tuned), random warm-up",gp_tuned,9,42,False,blowup,,0.004541,4.767037,0.445931,0.311714,3925.811095,151.853131,112.572852
"GP (tuned), random warm-up",gp_tuned,9,43,False,blowup,,0.004416,5.269104,0.439719,0.32924,3744.442201,144.606711,114.252439
"GP (tuned), random warm-up",gp_tuned,9,44,False,blowup,,0.004349,7.957244,0.45,0.378339,5643.997601,80.0,65.356954
"GP (tuned), random warm-up",gp_tuned,9,45,False,blowup,,0.004318,7.170753,0.28,0.2,400.0,102.440173,96.663195
"GP (tuned), random warm-up",gp_tuned,9,46,False,blowup,,0.004446,2.040541,0.407474,0.2,654.721388,124.54526,120.365734
"GP (tuned), random warm-up",gp_tuned,9,47,False,blowup,,0.004428,5.362244,0.45,0.340617,4472.347326,153.877859,116.816628
"GP (tuned), random warm-up",gp_tuned,9,48,False,blowup,,0.004358,5.73014,0.394554,0.388681,741.389362,97.885862,114.51746
"GP (tuned), random warm-up",gp_tuned,9,49,False,blowup,,0.004314,7.601168,0.435495,0.375326,5018.331862,80.0,78.055085
"GP (tuned), random warm-up",gp_tuned,9,50,False,min_image,,0.0,1.0,0.28,0.2,2396.106564,94.596818,106.351331
"GP (tuned), random warm-up",gp_tuned,9,51,False,blowup,,0.004732,6.364508,0.370357,0.229529,400.0,80.0,104.509604
"GP (tuned), random warm-up",gp_tuned,9,52,False,min_image,,0.0,1.029671,0.404944,0.202492,1020.382176,139.148321,90.209992
"GP (tuned), random warm-up",gp_tuned,9,53,False,blowup,,0.004224,4.369313,0.45,0.322078,4336.309794,164.495118,111.859152
"GP (tuned), random warm-up",gp_tuned,9,54,False,min_image,,0.0,1.0,0.287421,0.278465,6000.0,175.0,104.179681
"GP (tuned), random warm-up",gp_tuned,9,55,False,blowup,,0.019587,6.276265,0.425079,0.281157,2775.892886,174.124947,150.0
"GP (tuned), random warm-up",gp_tuned,9,56,False,blowup,,0.004187,6.907501,0.44786,0.286818,400.0,116.518324,113.838215
"GP (tuned), random warm-up",gp_tuned,9,57,False,min_image,,0.0,1.0,0.331627,0.2,4021.989941,165.647563,97.051837
"GP (tuned), random warm-up",gp_tuned,9,58,False,blowup,,0.004473,4.225223,0.28,0.348205,3589.432988,171.22582,148.452251
"GP (tuned), random warm-up",gp_tuned,9,59,False,min_image,,0.0,1.0,0.28,0.2,5201.484498,175.0,108.378628
"GP (tuned), random warm-up",gp_tuned,9,60,False,blowup,,0.004179,1.089423,0.45,0.207574,400.0,85.330437,150.0
"GP (tuned), random warm-up",gp_tuned,9,61,True,,1.4775369779607428,0.080441,1.0,0.338024,0.2,5652.882014,92.777918,119.453587
"GP (tuned), random warm-up",gp_tuned,9,62,False,blowup,,0.004164,7.060728,0.313726,0.228371,611.461103,168.324465,120.001613
"GP (tuned), random warm-up",gp_tuned,9,63,False,blowup,,0.004391,1.239242,0.419361,0.306945,1297.297486,166.653151,119.885217
"GP (tuned), random warm-up",gp_tuned,9,64,False,blowup,,0.00404,3.958819,0.428046,0.291573,1044.191456,149.635903,120.077801
"GP (tuned), random warm-up",gp_tuned,9,65,False,blowup,,0.004216,5.046269,0.45,0.236173,400.0,175.0,119.709121
"GP (tuned), random warm-up",gp_tuned,9,66,False,blowup,,0.004242,1.951739,0.337562,0.251079,3058.818645,132.539262,120.624477
"GP (tuned), random warm-up",gp_tuned,9,67,False,blowup,,0.004054,3.806449,0.35419,0.297501,2428.817852,144.693929,120.700568
"GP (tuned), random warm-up",gp_tuned,9,68,False,blowup,,0.003946,5.767597,0.397766,0.252651,400.0,162.846028,119.437944
"GP (tuned), random warm-up",gp_tuned,9,69,False,blowup,,0.004233,3.821797,0.444018,0.287276,1261.029935,105.219055,114.187623
"GP (tuned), random warm-up",gp_tuned,9,70,False,blowup,,0.004218,5.224749,0.43104,0.251747,1104.757436,138.188504,120.650983
"GP (tuned), random warm-up",gp_tuned,9,71,False,blowup,,0.004205,5.257513,0.386476,0.212457,854.36658,142.141701,120.896805
"GP (tuned), random warm-up",gp_tuned,9,72,False,min_image,,0.0,4.446208,0.336958,0.258574,3965.170744,144.61963,108.348975
"GP (tuned), random warm-up",gp_tuned,9,73,False,blowup,,0.004224,7.308597,0.45,0.39515,2898.878393,175.0,118.714267
"GP (tuned), random warm-up",gp_tuned,9,74,False,blowup,,0.00445,3.687521,0.45,0.377469,400.0,130.237395,113.845241
"GP (tuned), random warm-up",gp_tuned,9,75,False,blowup,,0.004107,1.0,0.421505,0.210558,400.0,132.721854,120.282028
"GP (tuned), random warm-up",gp_tuned,9,76,True,,49.078361057665624,0.07887,5.580377,0.45,0.383833,1117.061894,150.681621,117.681065
"GP (tuned), random warm-up",gp_tuned,9,77,False,min_image,,0.0,8.0,0.28,0.2,400.0,80.0,150.0
"GP (tuned), random warm-up",gp_tuned,9,78,False,blowup,,0.004299,8.0,0.45,0.4,1338.787478,80.0,150.0
"GP (tuned), random warm-up",gp_tuned,9,79,False,blowup,,0.005646,4.016004,0.380434,0.2,3471.961732,80.0,150.0
"GP (tuned), random warm-up",gp_tuned,9,80,True,,1.9585721468136423,0.084627,1.0,0.28,0.4,3514.455989,80.0,150.0
"GP (tuned), random warm-up",gp_tuned,9,81,False,blowup,,0.004846,8.0,0.28,0.2,400.0,80.0,5.0
"GP (tuned), random warm-up",gp_tuned,9,82,False,min_image,,0.0,2.061407,0.362678,0.218801,3458.030077,175.0,150.0
"GP (tuned), random warm-up",gp_tuned,9,83,False,min_image,,0.0,8.0,0.28,0.319765,2539.864677,163.897953,150.0
"GP (tuned), random warm-up",gp_tuned,9,84,False,blowup,,0.004289,5.215093,0.378301,0.4,400.0,175.0,150.0
"GP (tuned), random warm-up",gp_tuned,9,85,False,blowup,,0.007907,1.0,0.343927,0.213337,6000.0,80.957946,150.0
"GP (tuned), random warm-up",gp_tuned,9,86,False,min_image,,0.0,6.50338,0.28,0.2,2264.062775,156.585313,150.0
"GP (tuned), random warm-up",gp_tuned,9,87,False,blowup,,0.004239,8.0,0.45,0.348746,6000.0,175.0,5.0
"GP (tuned), random warm-up",gp_tuned,9,88,False,min_image,,0.0,8.0,0.28,0.204629,400.0,106.217457,5.0
"GP (tuned), random warm-up",gp_tuned,9,89,False,min_image,,0.0,8.0,0.28,0.4,400.0,80.0,147.095453
"GP (tuned), random warm-up",gp_tuned,9,90,True,,1.808737073330072,0.094781,8.0,0.31935,0.4,5117.499292,175.0,126.351482
"GP (tuned), random warm-up",gp_tuned,9,91,True,,1.887053500704082,0.082477,8.0,0.28,0.297904,6000.0,175.0,150.0
"GP (tuned), random warm-up",gp_tuned,9,92,False,min_image,,0.0,1.922731,0.28,0.310223,3957.034629,107.778692,83.673444
"GP (tuned), random warm-up",gp_tuned,9,93,True,,16.539200805838107,0.082128,2.697236,0.403702,0.361859,6000.0,141.066165,87.426972
"GP (tuned), random warm-up",gp_tuned,9,94,False,min_image,,0.0,8.0,0.45,0.4,3555.246751,80.0,5.0
"GP (tuned), random warm-up",gp_tuned,9,95,False,min_image,,0.0,8.0,0.45,0.4,400.0,80.0,150.0
"GP (tuned), random warm-up",gp_tuned,9,96,False,blowup,,0.004184,8.0,0.28,0.4,400.0,80.0,5.0
"GP (tuned), random warm-up",gp_tuned,9,97,False,blowup,,0.004343,6.767851,0.33417,0.4,4077.358983,80.0,5.0
"GP (tuned), random warm-up",gp_tuned,9,98,False,min_image,,0.0,8.0,0.45,0.2,400.0,80.0,150.0
"GP (tuned), random warm-up",gp_tuned,9,99,False,min_image,,0.0,1.0,0.28,0.243823,400.0,80.0,76.837348
"GP (tuned), random warm-up",gp_tuned,9,100,False,blowup,,0.004612,8.0,0.421551,0.211399,1510.626828,87.108067,5.0
"GP (tuned), random warm-up",gp_tuned,9,101,False,blowup,,0.0043,8.0,0.302215,0.4,2596.10592,80.0,5.0
"GP (tuned), random warm-up",gp_tuned,9,102,True,,1.4023889229607642,0.079446,2.149556,0.31358,0.350695,5398.545625,80.0,150.0
"GP (tuned), random warm-up",gp_tuned,9,103,False,blowup,,0.004132,7.924395,0.373992,0.278099,6000.0,126.18526,26.367677
"GP (tuned), random warm-up",gp_tuned,9,104,False,min_image,,0.0,8.0,0.45,0.4,2782.540291,80.0,150.0
"GP (tuned), random warm-up",gp_tuned,9,105,True,,0.6264429846585482,0.084461,3.701746,0.280376,0.287989,2166.178353,139.035922,80.584664
"GP (tuned), random warm-up",gp_tuned,9,106,False,blowup,,0.004247,1.810532,0.410986,0.300373,400.0,161.703918,141.245602
"GP (tuned), random warm-up",gp_tuned,9,107,False,blowup,,0.004221,1.0,0.303537,0.359482,3664.953702,80.0,140.109891
"GP (tuned), random warm-up",gp_tuned,9,108,True,,4.128250335525809,0.076324,8.0,0.45,0.2,4621.716674,103.214135,150.0
"GP (tuned), random warm-up",gp_tuned,9,109,True,,3.4047668358550007,0.077646,5.785852,0.428034,0.200553,5378.355208,134.648208,31.593796
"GP (tuned), random warm-up",gp_tuned,9,110,False,min_image,,0.0,8.0,0.45,0.30463,5118.766099,80.0,150.0
"GP (tuned), random warm-up",gp_tuned,9,111,False,blowup,,0.004069,8.0,0.28,0.4,931.427218,80.0,150.0
"GP (tuned), random warm-up",gp_tuned,9,112,False,blowup,,0.004386,6.499018,0.386271,0.4,6000.0,80.0,5.0
"GP (tuned), random warm-up",gp_tuned,9,113,False,blowup,,0.004373,3.997958,0.311382,0.245095,4920.065701,139.580691,19.611854
"GP (tuned), random warm-up",gp_tuned,9,114,False,min_image,,0.0,8.0,0.28,0.4,3753.056591,80.0,150.0
"GP (tuned), random warm-up",gp_tuned,9,115,False,blowup,,0.003905,8.0,0.45,0.312118,400.0,80.0,150.0
"GP (tuned), random warm-up",gp_tuned,9,116,False,min_image,,0.0,8.0,0.45,0.4,3092.500318,80.0,150.0
"GP (tuned), random warm-up",gp_tuned,9,117,False,blowup,,0.005047,8.0,0.28,0.267938,400.0,117.79394,150.0
"GP (tuned), random warm-up",gp_tuned,9,118,False,blowup,,0.004475,8.0,0.28,0.397873,6000.0,159.832202,150.0
"GP (tuned), random warm-up",gp_tuned,9,119,False,min_image,,0.0,8.0,0.45,0.2,3708.688564,126.609796,150.0
"GP (tuned), random warm-up",gp_tuned,9,120,False,blowup,,0.004305,8.0,0.45,0.4,2953.010588,80.0,150.0
"GP (tuned), random warm-up",gp_tuned,9,121,False,blowup,,0.00409,2.76057,0.321203,0.370512,1198.194851,115.854726,119.261431
"GP (tuned), random warm-up",gp_tuned,9,122,False,blowup,,0.004005,1.0,0.401092,0.358504,5420.888471,175.0,150.0
"GP (tuned), random warm-up",gp_tuned,9,123,False,blowup,,0.004269,2.593266,0.387597,0.347946,3292.970748,174.46081,150.0
"GP (tuned), random warm-up",gp_tuned,9,124,False,blowup,,0.024253,8.0,0.45,0.234683,3334.815149,170.371259,150.0
"GP (tuned), random warm-up",gp_tuned,9,125,True,,2.2912572478034314,0.080517,5.617149,0.302831,0.374983,400.0,175.0,150.0
"GP (tuned), random warm-up",gp_tuned,9,126,False,blowup,,0.004413,8.0,0.446548,0.33828,3910.462444,114.716048,5.0
"GP (tuned), random warm-up",gp_tuned,9,127,False,min_image,,0.0,1.333757,0.317713,0.310837,5729.571608,115.128899,79.339718
"GP (tuned), random warm-up",gp_tuned,9,128,False,blowup,,0.004289,6.518902,0.432362,0.388591,3019.091133,142.691775,118.884539
"GP (tuned), random warm-up",gp_tuned,9,129,True,,1.7804979228845481,0.084425,3.738071,0.34717,0.384943,400.0,115.920219,37.108385
"GP (tuned), random warm-up",gp_tuned,9,130,True,,4.590036413765171,0.080812,5.7436,0.365702,0.33968,3014.532588,150.058972,126.146061
"GP (tuned), random warm-up",gp_tuned,9,131,False,min_image,,0.0,4.500791,0.407052,0.378563,2251.444986,109.147421,150.0
"GP (tuned), random warm-up",gp_tuned,9,132,False,blowup,,0.004923,6.272601,0.39578,0.206769,6000.0,174.119304,127.674221
"GP (tuned), random warm-up",gp_tuned,9,133,False,blowup,,0.010672,5.845981,0.307618,0.333222,400.0,94.199318,149.995561
"GP (tuned), random warm-up",gp_tuned,9,134,False,blowup,,0.004166,8.0,0.287738,0.326772,400.0,80.0,78.376877
"GP (tuned), random warm-up",gp_tuned,9,135,False,blowup,,0.004132,6.604439,0.337634,0.368661,1889.309244,80.0,122.018936
"GP (tuned), random warm-up",gp_tuned,9,136,True,,2.768977155183813,0.078182,8.0,0.28,0.4,4565.372926,80.0,5.0
"GP (tuned), random warm-up",gp_tuned,9,137,False,min_image,,0.0,1.077423,0.304374,0.224797,400.0,160.097033,87.185439
"GP (tuned), random warm-up",gp_tuned,9,138,True,,2.458702233147088,0.076742,1.0,0.28,0.2,400.0,80.0,150.0
"GP (tuned), random warm-up",gp_tuned,9,139,False,blowup,,0.010281,6.248665,0.424329,0.277426,2214.903579,170.649601,150.0
"GP (tuned), random warm-up",gp_tuned,9,140,False,blowup,,0.004445,3.93467,0.408945,0.362296,1340.139135,175.0,150.0
"GP (tuned), random warm-up",gp_tuned,9,141,False,blowup,,0.004247,6.280938,0.427154,0.250088,400.0,126.217792,150.0
"GP (tuned), random warm-up",gp_tuned,9,142,False,min_image,,0.0,4.12941,0.34617,0.4,400.0,106.443204,63.154903
"GP (tuned), random warm-up",gp_tuned,9,143,False,blowup,,0.004104,4.248526,0.45,0.267641,400.0,80.0,150.0
"GP (tuned), random warm-up",gp_tuned,9,144,False,blowup,,0.004234,7.364012,0.449669,0.393494,739.268087,172.690608,113.285229
"GP (tuned), random warm-up",gp_tuned,9,145,False,blowup,,0.004229,5.108694,0.443731,0.289802,400.0,99.887994,150.0
"GP (tuned), random warm-up",gp_tuned,9,146,False,blowup,,0.004191,5.828398,0.421283,0.250383,400.0,119.791887,150.0
"GP (tuned), random warm-up",gp_tuned,9,147,False,blowup,,0.004987,6.223406,0.36111,0.283732,1392.539242,80.0,120.172843
"GP (tuned), random warm-up",gp_tuned,9,148,True,,1.6910643739300464,0.078393,6.561855,0.316291,0.360359,3357.373316,123.09214,150.0
"GP (tuned), random warm-up",gp_tuned,9,149,False,blowup,,0.004093,7.623933,0.421286,0.330074,1861.531247,82.623474,116.523577
"GP (tuned), random warm-up",gp_tuned,9,150,True,,4.644368674547564,0.077798,8.0,0.391618,0.266057,3467.095502,82.360962,150.0
"GP (tuned), random warm-up",gp_tuned,10,1,True,,2.401859329801112,0.07923,3.091328,0.36408,0.288603,5058.70361,135.415565,8.649901
"GP (tuned), random warm-up",gp_tuned,10,2,True,,8.914458558978788,0.081994,2.052645,0.396249,0.36332,2282.000873,164.62757,33.727663
"GP (tuned), random warm-up",gp_tuned,10,3,False,blowup,,0.004489,4.786167,0.302348,0.282733,4760.881326,135.47063,31.481558
"GP (tuned), random warm-up",gp_tuned,10,4,True,,1.0333332383427882,0.080538,1.458943,0.289596,0.353091,466.012965,138.134617,53.122927
"GP (tuned), random warm-up",gp_tuned,10,5,False,blowup,,0.056499,1.537989,0.425017,0.287997,1082.943224,149.514789,25.123457
"GP (tuned), random warm-up",gp_tuned,10,6,True,,15.155842139454581,0.081374,5.183076,0.428307,0.396604,3017.458362,163.195727,47.929961
"GP (tuned), random warm-up",gp_tuned,10,7,True,,3.659197448082788,0.080419,5.168077,0.35418,0.27125,3687.933181,94.199777,29.829597
"GP (tuned), random warm-up",gp_tuned,10,8,True,,1.3435627924410767,0.084152,1.016847,0.373299,0.225394,846.839012,102.328667,100.694917
"GP (tuned), random warm-up",gp_tuned,10,9,True,,0.8040936551753262,0.082776,2.57411,0.29949,0.316603,1702.789951,132.869228,80.952578
"GP (tuned), random warm-up",gp_tuned,10,10,True,,1.8161759903951942,0.078209,1.941941,0.382803,0.25663,3235.883791,83.653741,53.204394
"GP (tuned), random warm-up",gp_tuned,10,11,False,blowup,,0.004372,4.571172,0.298104,0.284415,4741.430374,146.424337,33.482294
"GP (tuned), random warm-up",gp_tuned,10,12,False,blowup,,0.032879,1.0,0.45,0.233601,4784.092265,175.0,5.0
"GP (tuned), random warm-up",gp_tuned,10,13,False,blowup,,0.00473,1.0,0.28,0.274582,400.0,175.0,5.0
"GP (tuned), random warm-up",gp_tuned,10,14,False,blowup,,0.006349,1.0,0.428576,0.280113,1077.818687,155.896471,23.824226
"GP (tuned), random warm-up",gp_tuned,10,15,False,blowup,,0.00532,5.194084,0.297149,0.278537,4728.525544,124.236081,26.993278
"GP (tuned), random warm-up",gp_tuned,10,16,True,,3.6352174332641707,0.080193,1.026426,0.424412,0.284327,1336.538718,151.896483,23.004833
"GP (tuned), random warm-up",gp_tuned,10,17,False,blowup,,0.004576,1.383301,0.425815,0.285197,1061.681097,151.739421,25.284748
"GP (tuned), random warm-up",gp_tuned,10,18,False,blowup,,0.006672,1.504681,0.42486,0.283943,1028.502053,152.603472,25.02553
"GP (tuned), random warm-up",gp_tuned,10,19,True,,1.4947898712195804,0.079395,1.0,0.366255,0.209233,3316.805863,80.0,57.94478
"GP (tuned), random warm-up",gp_tuned,10,20,False,min_image,,0.0,3.451268,0.28,0.326211,1739.106008,123.761145,102.868804
"GP (tuned), random warm-up",gp_tuned,10,21,False,blowup,,0.004462,1.887237,0.429087,0.284243,1048.381572,158.151461,16.20512
"GP (tuned), random warm-up",gp_tuned,10,22,True,,7.33599200917982,0.082127,7.26095,0.447673,0.215444,4757.332893,175.0,12.636654
"GP (tuned), random warm-up",gp_tuned,10,23,True,,1.4968692538074124,0.085332,2.616367,0.298816,0.369655,1178.499946,102.516241,143.741193
"GP (tuned), random warm-up",gp_tuned,10,24,False,blowup,,0.006913,2.710257,0.378612,0.243128,4771.285299,111.063719,6.432768
"GP (tuned), random warm-up",gp_tuned,10,25,False,blowup,,0.004178,1.0,0.28,0.271569,4695.702792,130.334842,119.637093
"GP (tuned), random warm-up",gp_tuned,10,26,False,blowup,,0.004578,3.457538,0.308988,0.271828,4761.585338,134.161272,46.912279
"GP (tuned), random warm-up",gp_tuned,10,27,True,,3.7593481783791467,0.079365,5.723687,0.363233,0.224163,4768.298337,108.038462,19.779597
"GP (tuned), random warm-up",gp_tuned,10,28,False,blowup,,0.004584,4.743809,0.282895,0.291043,4725.098862,125.702299,27.307132
"GP (tuned), random warm-up",gp_tuned,10,29,False,blowup,,0.005081,5.742632,0.31987,0.247187,4729.040466,125.577447,47.59327
"GP (tuned), random warm-up",gp_tuned,10,30,False,blowup,,0.004537,1.417358,0.421654,0.265138,1061.812718,157.188778,49.200507
"GP (tuned), random warm-up",gp_tuned,10,31,False,blowup,,0.00421,1.66773,0.427415,0.345663,1066.463109,147.247719,5.0
"GP (tuned), random warm-up",gp_tuned,10,32,True,,0.6340030776872498,0.083417,1.704704,0.299775,0.36003,1717.228686,125.481665,66.426544
"GP (tuned), random warm-up",gp_tuned,10,33,True,,1.6045849578313296,0.082104,1.0,0.329623,0.361231,1693.978298,124.316756,29.518867
"GP (tuned), random warm-up",gp_tuned,10,34,False,blowup,,0.004574,4.895313,0.319765,0.269447,4712.145691,127.971709,62.045444
"GP (tuned), random warm-up",gp_tuned,10,35,True,,0.8981100540549621,0.081939,1.401156,0.293542,0.353925,1722.037537,124.13296,26.756057
"GP (tuned), random warm-up",gp_tuned,10,36,False,min_image,,0.0,4.729584,0.321914,0.343915,1718.939611,106.471819,9.983106
"GP (tuned), random warm-up",gp_tuned,10,37,False,min_image,,0.0,3.914968,0.324031,0.334375,1717.96252,114.921628,117.417384
"GP (tuned), random warm-up",gp_tuned,10,38,False,min_image,,0.0,4.310623,0.293113,0.3283,1725.462618,135.900121,140.006831
"GP (tuned), random warm-up",gp_tuned,10,39,False,blowup,,0.006416,3.885561,0.355947,0.241048,4669.473919,80.0,145.295012
"GP (tuned), random warm-up",gp_tuned,10,40,True,,0.5615433406596247,0.083837,1.918574,0.290921,0.349023,1717.180102,127.303393,86.223551
"GP (tuned), random warm-up",gp_tuned,10,41,False,blowup,,0.006016,1.0,0.28,0.4,4695.326031,133.731842,5.0
"GP (tuned), random warm-up",gp_tuned,10,42,False,min_image,,0.0,6.824296,0.304299,0.359399,1721.900996,122.642282,124.989107
"GP (tuned), random warm-up",gp_tuned,10,43,True,,0.5175899933742081,0.083277,4.078384,0.28,0.283553,1729.152468,117.192748,56.069351
"GP (tuned), random warm-up",gp_tuned,10,44,False,blowup,,0.004221,5.684329,0.297779,0.244819,4616.24574,94.892875,140.310233
"GP (tuned), random warm-up",gp_tuned,10,45,False,min_image,,0.0,8.0,0.45,0.358619,400.0,144.005481,150.0
"GP (tuned), random warm-up",gp_tuned,10,46,False,blowup,,0.004139,7.766378,0.313535,0.399174,496.956071,94.606029,134.308152
"GP (tuned), random warm-up",gp_tuned,10,47,False,blowup,,0.004138,6.857189,0.45,0.348884,873.153158,164.979316,70.450673
"GP (tuned), random warm-up",gp_tuned,10,48,False,blowup,,0.004542,6.381915,0.293706,0.279276,696.145361,153.894185,80.902507
"GP (tuned), random warm-up",gp_tuned,10,49,False,min_image,,0.0,2.634513,0.28,0.203017,1736.964004,143.551069,110.473069
"GP (tuned), random warm-up",gp_tuned,10,50,False,min_image,,0.0,3.82487,0.28,0.239789,1736.937847,113.567802,141.309204
"GP (tuned), random warm-up",gp_tuned,10,51,True,,1.0592873573596326,0.082536,5.748928,0.28,0.391266,1738.04711,123.282269,98.905955
"GP (tuned), random warm-up",gp_tuned,10,52,False,blowup,,0.004122,3.407806,0.443363,0.31492,607.035559,120.390447,42.980536
"GP (tuned), random warm-up",gp_tuned,10,53,False,min_image,,0.0,8.0,0.28,0.298947,945.579899,144.08229,99.529679
"GP (tuned), random warm-up",gp_tuned,10,54,False,min_image,,0.0,1.0,0.45,0.237038,779.524852,157.213658,15.535135
"GP (tuned), random warm-up",gp_tuned,10,55,False,min_image,,0.0,1.0,0.398805,0.226418,979.757037,152.178197,5.0
"GP (tuned), random warm-up",gp_tuned,10,56,False,blowup,,0.011344,1.0,0.435306,0.215621,965.308281,142.066823,12.092624
"GP (tuned), random warm-up",gp_tuned,10,57,False,min_image,,0.0,1.782691,0.418314,0.254051,1783.585117,119.525771,46.391826
"GP (tuned), random warm-up",gp_tuned,10,58,False,blowup,,0.004183,4.176258,0.32088,0.351829,4680.69778,114.260178,5.0
"GP (tuned), random warm-up",gp_tuned,10,59,False,blowup,,0.004229,4.790358,0.28,0.2,4451.989168,118.089299,137.549745
"GP (tuned), random warm-up",gp_tuned,10,60,False,blowup,,0.004398,3.545939,0.350918,0.211755,4376.487009,80.0,77.024713
"GP (tuned), random warm-up",gp_tuned,10,61,False,min_image,,0.0,1.0,0.28,0.2,400.0,175.0,5.0
"GP (tuned), random warm-up",gp_tuned,10,62,False,min_image,,0.0,1.879641,0.328194,0.243516,5759.078912,88.822443,84.622829
"GP (tuned), random warm-up",gp_tuned,10,63,False,blowup,,0.004354,2.359036,0.289668,0.252647,5947.231409,114.299271,104.894451
"GP (tuned), random warm-up",gp_tuned,10,64,False,min_image,,0.0,3.678355,0.336318,0.336062,5877.513789,89.136051,98.560335
"GP (tuned), random warm-up",gp_tuned,10,65,False,min_image,,0.0,4.293615,0.28,0.214479,6000.0,80.0,150.0
"GP (tuned), random warm-up",gp_tuned,10,66,False,min_image,,0.0,2.069449,0.433035,0.343301,6000.0,139.267886,75.798716
"GP (tuned), random warm-up",gp_tuned,10,67,False,min_image,,0.0,1.226412,0.431442,0.334212,2923.630353,110.028673,91.869544
"GP (tuned), random warm-up",gp_tuned,10,68,False,min_image,,0.0,4.002017,0.403937,0.241982,2921.941739,94.012986,64.232188
"GP (tuned), random warm-up",gp_tuned,10,69,False,blowup,,0.004072,3.307608,0.28,0.380804,967.565808,153.361493,133.784847
"GP (tuned), random warm-up",gp_tuned,10,70,False,min_image,,0.0,4.207802,0.423785,0.267249,2194.050508,118.254063,140.348464
"GP (tuned), random warm-up",gp_tuned,10,71,False,min_image,,0.0,1.0,0.301457,0.316267,1069.219614,80.0,99.359059
"GP (tuned), random warm-up",gp_tuned,10,72,False,min_image,,0.0,4.889134,0.302763,0.377332,5766.399586,80.0,150.0
"GP (tuned), random warm-up",gp_tuned,10,73,False,min_image,,0.0,1.0,0.415508,0.206802,1089.124186,85.252574,130.473389
"GP (tuned), random warm-up",gp_tuned,10,74,False,min_image,,0.0,3.581512,0.385704,0.204805,3167.712682,100.96062,126.279009
"GP (tuned), random warm-up",gp_tuned,10,75,False,min_image,,0.0,1.0,0.433923,0.23299,1709.219128,85.812748,147.4956
"GP (tuned), random warm-up",gp_tuned,10,76,False,min_image,,0.0,1.0,0.28,0.279322,2383.8871,109.951535,150.0
"GP (tuned), random warm-up",gp_tuned,10,77,False,min_image,,0.0,1.175555,0.359127,0.375687,2946.813071,119.858428,100.115763
"GP (tuned), random warm-up",gp_tuned,10,78,False,min_image,,0.0,1.926681,0.28,0.2,1834.585635,80.0,92.697646
"GP (tuned), random warm-up",gp_tuned,10,79,False,min_image,,0.0,2.948568,0.429916,0.211017,3044.455017,80.0,78.58425
"GP (tuned), random warm-up",gp_tuned,10,80,False,min_image,,0.0,1.637276,0.334513,0.218186,2192.36759,80.0,79.006921
"GP (tuned), random warm-up",gp_tuned,10,81,False,min_image,,0.0,8.0,0.45,0.2,6000.0,175.0,150.0
"GP (tuned), random warm-up",gp_tuned,10,82,False,min_image,,0.0,6.006119,0.445805,0.38884,950.876086,80.0,23.35781
"GP (tuned), random warm-up",gp_tuned,10,83,False,min_image,,0.0,7.475009,0.401098,0.346956,6000.0,80.0,83.622492
"GP (tuned), random warm-up",gp_tuned,10,84,True,,3.1875525218214826,0.078168,8.0,0.433625,0.260527,6000.0,105.053277,11.49784
"GP (tuned), random warm-up",gp_tuned,10,85,False,min_image,,0.0,1.0,0.28,0.296716,5967.239374,120.895451,150.0
"GP (tuned), random warm-up",gp_tuned,10,86,False,blowup,,0.004628,5.853059,0.307179,0.254513,953.226314,151.661594,26.267172
"GP (tuned), random warm-up",gp_tuned,10,87,False,blowup,,0.004197,5.425378,0.420632,0.278912,940.176808,141.186395,43.188746
"GP (tuned), random warm-up",gp_tuned,10,88,False,min_image,,0.0,1.0,0.28,0.4,6000.0,175.0,150.0
"GP (tuned), random warm-up",gp_tuned,10,89,False,min_image,,0.0,1.0,0.396944,0.212276,400.0,80.0,5.0
"GP (tuned), random warm-up",gp_tuned,10,90,True,,0.8694719282893523,0.079859,2.176685,0.289194,0.358225,3360.050597,110.069972,87.848289
"GP (tuned), random warm-up",gp_tuned,10,91,True,,0.9594281606478245,0.08317,2.054511,0.288801,0.327793,2725.506382,142.579583,145.106376
"GP (tuned), random warm-up",gp_tuned,10,92,False,blowup,,0.08028,7.805402,0.285606,0.211036,559.811249,92.975255,23.203335
"GP (tuned), random warm-up",gp_tuned,10,93,False,min_image,,0.0,1.0,0.34116,0.261091,4121.232537,132.43953,93.712172
"GP (tuned), random warm-up",gp_tuned,10,94,False,blowup,,0.005471,4.084682,0.425353,0.317444,930.146584,153.24361,66.408759
"GP (tuned), random warm-up",gp_tuned,10,95,False,min_image,,0.0,1.619141,0.352292,0.271079,2658.692058,136.639578,111.511162
"GP (tuned), random warm-up",gp_tuned,10,96,False,blowup,,0.093201,4.503241,0.291538,0.307914,522.827128,80.0,5.0
"GP (tuned), random warm-up",gp_tuned,10,97,True,,0.7735762536658427,0.118074,3.263001,0.288667,0.33305,3589.365415,147.147817,97.905995
"GP (tuned), random warm-up",gp_tuned,10,98,False,blowup,,0.006289,6.403667,0.28,0.267653,1526.267838,82.289292,5.0
"GP (tuned), random warm-up",gp_tuned,10,99,False,min_image,,0.0,1.156813,0.424769,0.2,400.0,89.926484,5.0
"GP (tuned), random warm-up",gp_tuned,10,100,False,blowup,,0.006608,7.841708,0.28,0.220259,2998.986982,91.241867,14.865391
"GP (tuned), random warm-up",gp_tuned,10,101,True,,1.2394487799542053,0.087157,1.89001,0.28,0.242788,1323.516535,171.602066,5.0
"GP (tuned), random warm-up",gp_tuned,10,102,False,blowup,,0.004202,6.160228,0.338292,0.291525,5462.360416,135.193271,114.893582
"GP (tuned), random warm-up",gp_tuned,10,103,False,min_image,,0.0,1.0,0.333407,0.311442,3602.422553,86.974171,75.350779
"GP (tuned), random warm-up",gp_tuned,10,104,False,min_image,,0.0,2.71232,0.423744,0.263122,5163.248705,130.59451,141.578547
"GP (tuned), random warm-up",gp_tuned,10,105,False,blowup,,0.004285,7.190898,0.28,0.313421,441.757017,96.255345,85.635805
"GP (tuned), random warm-up",gp_tuned,10,106,False,min_image,,0.0,5.623481,0.45,0.375432,1754.577387,142.756495,150.0
"GP (tuned), random warm-up",gp_tuned,10,107,False,blowup,,0.004125,4.767503,0.28,0.260229,905.393536,150.394563,130.882477
"GP (tuned), random warm-up",gp_tuned,10,108,False,min_image,,0.0,1.0,0.280876,0.366522,400.0,110.026334,150.0
"GP (tuned), random warm-up",gp_tuned,10,109,False,min_image,,0.0,1.0,0.337159,0.2,400.0,80.0,130.731962
"GP (tuned), random warm-up",gp_tuned,10,110,False,min_image,,0.0,4.009399,0.332622,0.395228,1135.875766,104.034784,60.829019
"GP (tuned), random warm-up",gp_tuned,10,111,False,blowup,,0.004099,4.33407,0.371721,0.298965,1944.573633,147.241683,63.905962
"GP (tuned), random warm-up",gp_tuned,10,112,False,blowup,,0.00429,8.0,0.28,0.3154,4374.257137,119.095881,144.472957
"GP (tuned), random warm-up",gp_tuned,10,113,False,min_image,,0.0,8.0,0.28,0.359145,4548.86464,80.0,150.0
"GP (tuned), random warm-up",gp_tuned,10,114,False,blowup,,0.006168,8.0,0.28,0.4,6000.0,80.0,150.0
"GP (tuned), random warm-up",gp_tuned,10,115,False,blowup,,0.006346,3.990081,0.28,0.208984,5743.145362,119.871382,110.093516
"GP (tuned), random warm-up",gp_tuned,10,116,False,blowup,,0.005788,1.0,0.358751,0.4,3771.506173,109.975271,150.0
"GP (tuned), random warm-up",gp_tuned,10,117,False,min_image,,0.0,8.0,0.28,0.2,4040.183569,130.899782,111.974256
"GP (tuned), random warm-up",gp_tuned,10,118,False,min_image,,0.0,1.0,0.28,0.4,400.0,132.197404,150.0
"GP (tuned), random warm-up",gp_tuned,10,119,False,min_image,,0.0,1.0,0.323272,0.310102,3890.00743,94.553894,65.951234
"GP (tuned), random warm-up",gp_tuned,10,120,False,min_image,,0.0,6.180206,0.45,0.263216,919.836396,107.482489,150.0
"GP (tuned), random warm-up",gp_tuned,10,121,False,blowup,,0.00428,5.065156,0.399301,0.219205,4832.041581,146.553502,100.737175
"GP (tuned), random warm-up",gp_tuned,10,122,False,min_image,,0.0,1.000947,0.28,0.27671,2159.261763,80.0,24.128574
"GP (tuned), random warm-up",gp_tuned,10,123,False,blowup,,0.004298,1.586335,0.283362,0.307449,2303.705822,155.689271,89.672442
"GP (tuned), random warm-up",gp_tuned,10,124,False,min_image,,0.0,1.576,0.287461,0.399331,3828.112597,131.674856,12.236321
"GP (tuned), random warm-up",gp_tuned,10,125,False,blowup,,0.004145,8.0,0.327489,0.3408,6000.0,145.894591,92.118621
"GP (tuned), random warm-up",gp_tuned,10,126,False,min_image,,0.0,3.624385,0.28,0.245905,2933.308552,138.054354,126.613962
"GP (tuned), random warm-up",gp_tuned,10,127,False,min_image,,0.0,4.374698,0.28,0.347245,2651.124674,90.937098,16.768041
"GP (tuned), random warm-up",gp_tuned,10,128,True,,2.7661097212451873,0.080484,1.773261,0.391701,0.298702,3125.608497,123.301287,15.042172
"GP (tuned), random warm-up",gp_tuned,10,129,False,blowup,,0.004514,7.005832,0.28,0.306696,1307.863027,140.521027,64.838802
"GP (tuned), random warm-up",gp_tuned,10,130,False,blowup,,0.004307,3.633118,0.426233,0.305336,3239.937422,169.462875,31.480702
"GP (tuned), random warm-up",gp_tuned,10,131,False,blowup,,0.004353,6.513858,0.395717,0.349142,3635.283211,172.509813,110.835611
"GP (tuned), random warm-up",gp_tuned,10,132,False,blowup,,0.004468,1.167147,0.414478,0.376678,4039.663174,162.965248,97.754475
"GP (tuned), random warm-up",gp_tuned,10,133,False,blowup,,0.004316,8.0,0.41845,0.4,3326.167653,175.0,150.0
"GP (tuned), random warm-up",gp_tuned,10,134,False,blowup,,0.004348,4.685536,0.391906,0.2,3235.491606,175.0,150.0
"GP (tuned), random warm-up",gp_tuned,10,135,False,blowup,,0.00433,1.428479,0.325231,0.379042,4814.189374,87.000196,123.650252
"GP (tuned), random warm-up",gp_tuned,10,136,False,blowup,,0.00442,6.078468,0.28,0.275962,1333.315775,175.0,150.0
"GP (tuned), random warm-up",gp_tuned,10,137,False,min_image,,0.0,1.0,0.280592,0.356281,400.0,80.0,91.135839
"GP (tuned), random warm-up",gp_tuned,10,138,False,min_image,,0.0,1.0,0.370779,0.2,400.0,80.0,69.132342
"GP (tuned), random warm-up",gp_tuned,10,139,False,min_image,,0.0,8.0,0.45,0.4,1505.658961,175.0,150.0
"GP (tuned), random warm-up",gp_tuned,10,140,False,min_image,,0.0,1.0,0.316515,0.4,745.165546,138.893944,150.0
"GP (tuned), random warm-up",gp_tuned,10,141,False,min_image,,0.0,1.46407,0.329918,0.230198,2774.546072,89.8147,85.768007
"GP (tuned), random warm-up",gp_tuned,10,142,True,,3.298214536558515,0.083678,2.053961,0.355281,0.359234,2147.788058,114.350491,144.377121
"GP (tuned), random warm-up",gp_tuned,10,143,False,blowup,,0.00427,7.3002,0.403439,0.337296,1801.449491,168.339226,9.65167
"GP (tuned), random warm-up",gp_tuned,10,144,False,min_image,,0.0,1.0,0.395349,0.2,3049.460303,80.0,84.362713
"GP (tuned), random warm-up",gp_tuned,10,145,True,,0.9956234542982234,0.078854,3.953057,0.28,0.334625,5224.135879,95.179259,150.0
"GP (tuned), random warm-up",gp_tuned,10,146,False,min_image,,0.0,8.0,0.431493,0.331945,3489.65785,175.0,150.0
"GP (tuned), random warm-up",gp_tuned,10,147,False,min_image,,0.0,1.0,0.326755,0.224534,651.074821,129.878939,5.0
"GP (tuned), random warm-up",gp_tuned,10,148,False,blowup,,0.004022,8.0,0.361855,0.372298,3424.235315,175.0,150.0
"GP (tuned), random warm-up",gp_tuned,10,149,False,min_image,,0.0,3.93813,0.4166,0.238803,3829.408309,80.0,150.0
"GP (tuned), random warm-up",gp_tuned,10,150,False,min_image,,0.0,8.0,0.416608,0.2,3688.000799,175.0,150.0
"GP (tuned), random warm-up",gp_tuned,11,1,False,blowup,,0.029756,1.478148,0.393002,0.238823,5587.184578,89.99164,37.728344
"GP (tuned), random warm-up",gp_tuned,11,2,False,min_image,,0.0,7.227957,0.40134,0.30358,4798.176843,135.828256,111.841251
"GP (tuned), random warm-up",gp_tuned,11,3,False,blowup,,0.004468,6.446722,0.284275,0.384256,2701.108756,98.021757,34.58136
"GP (tuned), random warm-up",gp_tuned,11,4,True,,1.9931948470433747,0.074795,4.381744,0.413163,0.208981,3879.180091,122.034887,135.161146
"GP (tuned), random warm-up",gp_tuned,11,5,True,,3.6429452328221066,0.075324,5.75235,0.362477,0.28543,2630.082836,84.085336,33.447224
"GP (tuned), random warm-up",gp_tuned,11,6,False,min_image,,0.0,7.466949,0.39518,0.397651,3029.988455,158.235933,12.348656
"GP (tuned), random warm-up",gp_tuned,11,7,True,,5.348649053425203,0.080358,5.658416,0.448963,0.264021,4818.495042,100.406341,142.910652
"GP (tuned), random warm-up",gp_tuned,11,8,True,,2.6204147098490336,0.083137,3.603414,0.306957,0.210886,4044.371329,83.818346,38.069478
"GP (tuned), random warm-up",gp_tuned,11,9,True,,0.9515999496382465,0.082206,2.923417,0.296348,0.39477,901.674677,107.593836,21.025905
"GP (tuned), random warm-up",gp_tuned,11,10,True,,0.9152567484016503,0.079802,3.998232,0.373327,0.279139,2692.280651,167.783148,112.360312
"GP (tuned), random warm-up",gp_tuned,11,11,False,min_image,,0.0,7.274721,0.380074,0.333376,4164.965971,140.084192,77.965006
"GP (tuned), random warm-up",gp_tuned,11,12,False,blowup,,0.004238,6.505391,0.282585,0.384351,2736.713862,98.987949,34.268546
"GP (tuned), random warm-up",gp_tuned,11,13,False,min_image,,0.0,3.295247,0.369301,0.361782,1617.187996,175.0,126.510997
"GP (tuned), random warm-up",gp_tuned,11,14,False,blowup,,0.00523,1.208117,0.355051,0.364022,2675.970878,175.0,77.464269
"GP (tuned), random warm-up",gp_tuned,11,15,False,min_image,,0.0,7.283587,0.39828,0.31038,4698.905897,138.591,106.242857
"GP (tuned), random warm-up",gp_tuned,11,16,True,,0.8543555199359786,0.073178,3.406199,0.346978,0.306095,1822.800198,175.0,94.138353
"GP (tuned), random warm-up",gp_tuned,11,17,True,,1.4103501775689338,0.071036,1.980626,0.28,0.4,400.0,116.699358,5.0
"GP (tuned), random warm-up",gp_tuned,11,18,False,min_image,,0.0,3.257768,0.377063,0.386563,1438.08192,175.0,134.549414
"GP (tuned), random warm-up",gp_tuned,11,19,False,blowup,,0.004545,1.371045,0.399719,0.240522,5702.239099,105.56074,51.323973
"GP (tuned), random warm-up",gp_tuned,11,20,False,min_image,,0.0,2.914101,0.328479,0.385956,608.529109,175.0,95.487344
"GP (tuned), random warm-up",gp_tuned,11,21,False,min_image,,0.0,3.739835,0.407423,0.361244,1066.018452,175.0,150.0
"GP (tuned), random warm-up",gp_tuned,11,22,False,blowup,,0.003864,6.45344,0.28,0.396453,2343.973275,98.740621,20.165526
"GP (tuned), random warm-up",gp_tuned,11,23,False,blowup,,0.004281,1.128238,0.364226,0.353402,3210.020847,173.801556,79.110773
"GP (tuned), random warm-up",gp_tuned,11,24,False,blowup,,0.005089,7.17166,0.382111,0.336648,590.706786,146.957396,137.325744
"GP (tuned), random warm-up",gp_tuned,11,25,False,min_image,,0.0,7.153735,0.379972,0.238412,4612.592997,114.495949,65.296173
"GP (tuned), random warm-up",gp_tuned,11,26,False,blowup,,0.003888,6.493288,0.285788,0.300653,3705.903397,80.0,51.01705
"GP (tuned), random warm-up",gp_tuned,11,27,False,blowup,,0.003654,1.379796,0.390708,0.393857,1957.950944,80.0,70.472399
"GP (tuned), random warm-up",gp_tuned,11,28,False,min_image,,0.0,7.658346,0.40902,0.4,6000.0,175.0,5.0
"GP (tuned), random warm-up",gp_tuned,11,29,False,blowup,,0.006661,1.25757,0.375353,0.284868,400.0,175.0,56.614111
"GP (tuned), random warm-up",gp_tuned,11,30,False,blowup,,0.017218,3.699705,0.396517,0.367933,615.229076,175.0,135.685548
"GP (tuned), random warm-up",gp_tuned,11,31,True,,4.448167700799848,0.062826,1.486092,0.41279,0.297916,4489.47812,80.0,56.979347
"GP (tuned), random warm-up",gp_tuned,11,32,False,blowup,,0.006351,1.0,0.326585,0.2,6000.0,80.0,150.0
"GP (tuned), random warm-up",gp_tuned,11,33,True,,2.347401255055476,0.065754,1.004632,0.344886,0.4,400.0,175.0,65.7271
"GP (tuned), random warm-up",gp_tuned,11,34,False,min_image,,0.0,4.510324,0.28,0.399744,3708.314385,175.0,15.825353
"GP (tuned), random warm-up",gp_tuned,11,35,False,blowup,,0.003652,6.801192,0.28495,0.300231,3780.382893,81.387221,39.545751
"GP (tuned), random warm-up",gp_tuned,11,36,False,min_image,,0.0,8.0,0.28,0.372508,6000.0,165.207792,5.0
"GP (tuned), random warm-up",gp_tuned,11,37,False,min_image,,0.0,3.357874,0.334191,0.384438,738.20024,174.943313,140.780332
"GP (tuned), random warm-up",gp_tuned,11,38,False,blowup,,0.003683,6.37076,0.28,0.387175,2608.711932,98.268782,23.73774
"GP (tuned), random warm-up",gp_tuned,11,39,False,min_image,,0.0,4.790277,0.294839,0.261386,3807.534448,175.0,12.783591
"GP (tuned), random warm-up",gp_tuned,11,40,False,blowup,,0.033005,6.945025,0.286507,0.34253,2951.767791,80.0,81.635107
"GP (tuned), random warm-up",gp_tuned,11,41,False,blowup,,0.003601,5.983181,0.291998,0.310818,3664.571028,80.0,58.329311
"GP (tuned), random warm-up",gp_tuned,11,42,False,blowup,,0.003338,2.355308,0.43248,0.311367,1585.09119,112.959009,133.647979
"GP (tuned), random warm-up",gp_tuned,11,43,False,blowup,,0.006451,7.869184,0.38787,0.324165,836.963267,145.086782,146.879545
"GP (tuned), random warm-up",gp_tuned,11,44,True,,1.4245891872626413,0.065395,3.791224,0.288954,0.394176,1073.66358,94.896209,23.114675
"GP (tuned), random warm-up",gp_tuned,11,45,True,,1.8167989697045455,0.065558,4.948198,0.301332,0.358406,3703.953742,80.0,88.785408
"GP (tuned), random warm-up",gp_tuned,11,46,False,blowup,,0.003402,2.261399,0.45,0.2874,1330.243305,124.69664,135.217998
"GP (tuned), random warm-up",gp_tuned,11,47,True,,1.1901540970532836,0.062329,1.141821,0.403275,0.2,657.608752,175.0,20.577524
"GP (tuned), random warm-up",gp_tuned,11,48,False,blowup,,0.006018,6.231547,0.28,0.356698,1637.305115,80.0,45.789725
"GP (tuned), random warm-up",gp_tuned,11,49,False,min_image,,0.0,8.0,0.28,0.347968,2195.987863,124.657527,110.790643
"GP (tuned), random warm-up",gp_tuned,11,50,False,blowup,,0.060577,7.163774,0.283495,0.342669,2856.732733,80.024541,142.589697
"GP (tuned), random warm-up",gp_tuned,11,51,False,min_image,,0.0,8.0,0.379761,0.4,400.0,155.08596,40.78888
"GP (tuned), random warm-up",gp_tuned,11,52,False,blowup,,0.003437,2.298506,0.434501,0.311457,1526.250339,114.562305,134.594474
"GP (tuned), random warm-up",gp_tuned,11,53,False,blowup,,0.003461,7.097152,0.350312,0.399454,3726.689834,136.854248,5.0
"GP (tuned), random warm-up",gp_tuned,11,54,False,blowup,,0.00363,5.605868,0.45,0.347892,3379.946895,96.199318,150.0
"GP (tuned), random warm-up",gp_tuned,11,55,False,blowup,,0.003452,3.582265,0.39971,0.2,1917.878181,121.207231,150.0
"GP (tuned), random warm-up",gp_tuned,11,56,True,,1.9059188388367578,0.067617,4.309021,0.284135,0.343341,2824.827855,80.252605,60.101407
"GP (tuned), random warm-up",gp_tuned,11,57,True,,2.5218091541906396,0.064177,1.801433,0.347837,0.334677,4382.315013,175.0,68.930944
"GP (tuned), random warm-up",gp_tuned,11,58,False,blowup,,0.003592,8.0,0.307141,0.235889,4097.818315,80.0,5.0
"GP (tuned), random warm-up",gp_tuned,11,59,False,blowup,,0.003336,8.0,0.399473,0.348621,2246.594702,123.131982,5.0
"GP (tuned), random warm-up",gp_tuned,11,60,True,,4.817572403219579,0.064805,8.0,0.327029,0.230846,4664.166697,80.0,5.0
"GP (tuned), random warm-up",gp_tuned,11,61,False,blowup,,0.007776,6.928048,0.284964,0.343622,2933.035073,80.688914,68.999212
"GP (tuned), random warm-up",gp_tuned,11,62,False,blowup,,0.008844,6.673447,0.282327,0.345227,2787.165165,82.574802,61.472427
"GP (tuned), random warm-up",gp_tuned,11,63,False,blowup,,0.003732,1.20383,0.375481,0.355843,2967.639074,175.0,78.009804
"GP (tuned), random warm-up",gp_tuned,11,64,True,,1.4192541011327904,0.068249,3.800677,0.410185,0.282418,1678.817115,175.0,90.676497
"GP (tuned), random warm-up",gp_tuned,11,65,False,blowup,,0.031685,2.754332,0.308347,0.312958,1383.318011,151.54062,46.953822
"GP (tuned), random warm-up",gp_tuned,11,66,False,min_image,,0.0,8.0,0.28,0.4,6000.0,175.0,5.0
"GP (tuned), random warm-up",gp_tuned,11,67,False,blowup,,0.003615,1.005304,0.33719,0.269974,2852.434707,80.0,26.61477
"GP (tuned), random warm-up",gp_tuned,11,68,True,,3.331883816481863,0.065272,6.995875,0.339998,0.347096,2833.140127,82.608564,111.533858
"GP (tuned), random warm-up",gp_tuned,11,69,False,min_image,,0.0,3.512453,0.28,0.231276,2888.740687,175.0,124.741995
"GP (tuned), random warm-up",gp_tuned,11,70,False,blowup,,0.003791,1.0,0.28,0.2,6000.0,175.0,80.394187
"GP (tuned), random warm-up",gp_tuned,11,71,False,min_image,,0.0,3.276857,0.28,0.279334,3000.62338,114.662315,17.934798
"GP (tuned), random warm-up",gp_tuned,11,72,False,min_image,,0.0,6.872121,0.28,0.4,6000.0,80.0,5.0
"GP (tuned), random warm-up",gp_tuned,11,73,False,min_image,,0.0,5.558357,0.294533,0.317965,783.941299,175.0,128.015744
"GP (tuned), random warm-up",gp_tuned,11,74,True,,19.86032255694919,0.061729,8.0,0.45,0.309745,400.0,175.0,150.0
"GP (tuned), random warm-up",gp_tuned,11,75,False,blowup,,0.003618,1.0,0.430751,0.2,2364.267021,133.24272,146.473629
"GP (tuned), random warm-up",gp_tuned,11,76,False,blowup,,0.003711,1.970496,0.449434,0.383397,1987.1056,117.77435,135.21187
"GP (tuned), random warm-up",gp_tuned,11,77,False,blowup,,0.003453,1.17403,0.362269,0.27441,2697.474341,172.042227,128.633806
"GP (tuned), random warm-up",gp_tuned,11,78,False,min_image,,0.0,8.0,0.365604,0.394038,400.0,175.0,150.0
"GP (tuned), random warm-up",gp_tuned,11,79,False,min_image,,0.0,5.965477,0.421975,0.4,5999.864693,80.0,150.0
"GP (tuned), random warm-up",gp_tuned,11,80,False,min_image,,0.0,3.204543,0.28,0.241935,3075.681809,174.850298,44.869208
"GP (tuned), random warm-up",gp_tuned,11,81,False,min_image,,0.0,3.360449,0.435858,0.4,400.0,80.0,150.0
"GP (tuned), random warm-up",gp_tuned,11,82,False,blowup,,0.003302,8.0,0.314824,0.4,1577.642155,133.636657,89.446023
"GP (tuned), random warm-up",gp_tuned,11,83,False,min_image,,0.0,1.0,0.360468,0.4,5323.768616,175.0,5.0
"GP (tuned), random warm-up",gp_tuned,11,84,False,blowup,,0.003373,3.756295,0.438809,0.4,2996.24643,89.410854,150.0
"GP (tuned), random warm-up",gp_tuned,11,85,False,min_image,,0.0,5.979897,0.346771,0.4,400.0,175.0,5.164864
"GP (tuned), random warm-up",gp_tuned,11,86,False,min_image,,0.0,1.0,0.376074,0.4,4119.940107,110.621748,150.0
"GP (tuned), random warm-up",gp_tuned,11,87,False,min_image,,0.0,3.352754,0.332253,0.4,400.0,175.0,5.0
"GP (tuned), random warm-up",gp_tuned,11,88,False,min_image,,0.0,6.003738,0.330875,0.4,2974.536561,170.176632,139.701893
"GP (tuned), random warm-up",gp_tuned,11,89,False,min_image,,0.0,3.744493,0.406624,0.385257,505.873065,175.0,150.0
"GP (tuned), random warm-up",gp_tuned,11,90,True,,8.557484581766028,0.063274,6.697703,0.37322,0.294702,4825.463805,175.0,150.0
"GP (tuned), random warm-up",gp_tuned,11,91,False,min_image,,0.0,3.637817,0.403935,0.36837,768.077065,173.94472,141.641428
"GP (tuned), random warm-up",gp_tuned,11,92,False,blowup,,0.003855,7.444678,0.384364,0.4,499.859491,120.827875,145.609678
"GP (tuned), random warm-up",gp_tuned,11,93,False,blowup,,0.051939,2.203226,0.434431,0.315574,1336.464574,109.175809,56.752674
"GP (tuned), random warm-up",gp_tuned,11,94,False,blowup,,0.003527,3.7859,0.393608,0.396313,650.356847,175.0,150.0
"GP (tuned), random warm-up",gp_tuned,11,95,False,blowup,,0.00416,1.3664,0.396253,0.271451,5614.269166,86.567115,73.553081
"GP (tuned), random warm-up",gp_tuned,11,96,False,min_image,,0.0,6.211289,0.28,0.368763,3080.031218,175.0,5.0
"GP (tuned), random warm-up",gp_tuned,11,97,False,min_image,,0.0,1.0,0.28,0.4,6000.0,175.0,150.0
"GP (tuned), random warm-up",gp_tuned,11,98,False,blowup,,0.005071,7.720338,0.383599,0.279838,477.602119,147.424789,98.111862
"GP (tuned), random warm-up",gp_tuned,11,99,False,blowup,,0.00477,7.338577,0.283549,0.344693,2833.41873,86.075911,53.165794
"GP (tuned), random warm-up",gp_tuned,11,100,False,min_image,,0.0,3.360415,0.372579,0.266042,2258.51138,175.0,149.744369
"GP (tuned), random warm-up",gp_tuned,11,101,False,blowup,,0.003477,7.933022,0.305864,0.221891,3992.242353,89.325051,12.881969
"GP (tuned), random warm-up",gp_tuned,11,102,False,blowup,,0.020779,6.717745,0.280281,0.35282,1716.132119,93.143225,109.437689
"GP (tuned), random warm-up",gp_tuned,11,103,False,min_image,,0.0,3.164906,0.305779,0.4,400.0,175.0,5.0
"GP (tuned), random warm-up",gp_tuned,11,104,False,min_image,,0.0,2.892086,0.309691,0.346416,1275.940997,142.254608,14.012259
"GP (tuned), random warm-up",gp_tuned,11,105,False,min_image,,0.0,4.078425,0.404383,0.342375,1513.309879,175.0,150.0
"GP (tuned), random warm-up",gp_tuned,11,106,False,min_image,,0.0,7.37052,0.381511,0.262503,4014.402476,114.683811,94.01761
"GP (tuned), random warm-up",gp_tuned,11,107,False,blowup,,0.00365,2.158285,0.430083,0.243154,1458.465848,125.225682,150.0
"GP (tuned), random warm-up",gp_tuned,11,108,False,min_image,,0.0,7.03136,0.377982,0.39193,4767.068529,163.509791,69.240701
"GP (tuned), random warm-up",gp_tuned,11,109,False,blowup,,0.003726,5.49935,0.44902,0.368642,3382.652933,106.18064,150.0
"GP (tuned), random warm-up",gp_tuned,11,110,True,,4.59970475908693,0.064182,1.0,0.365074,0.367847,2999.288213,101.34451,74.364757
"GP (tuned), random warm-up",gp_tuned,11,111,False,min_image,,0.0,1.0,0.28,0.2,2545.950017,80.0,5.0
"GP (tuned), random warm-up",gp_tuned,11,112,False,min_image,,0.0,8.0,0.287677,0.4,400.0,80.0,5.0
"GP (tuned), random warm-up",gp_tuned,11,113,False,blowup,,0.00448,7.306768,0.28173,0.288518,2695.019695,90.560113,11.026394
"GP (tuned), random warm-up",gp_tuned,11,114,False,blowup,,0.003576,2.996007,0.357807,0.4,3207.66251,175.0,18.255321
"GP (tuned), random warm-up",gp_tuned,11,115,False,blowup,,0.004387,1.0,0.324055,0.215893,3306.664823,163.480989,5.0
"GP (tuned), random warm-up",gp_tuned,11,116,False,blowup,,0.00532,1.0,0.28,0.2,6000.0,80.0,5.0
"GP (tuned), random warm-up",gp_tuned,11,117,False,min_image,,0.0,6.49131,0.317809,0.4,400.0,175.0,5.0
"GP (tuned), random warm-up",gp_tuned,11,118,False,min_image,,0.0,3.114688,0.32781,0.394919,662.979218,175.0,92.023178
"GP (tuned), random warm-up",gp_tuned,11,119,False,blowup,,0.008571,3.170591,0.28,0.283265,3028.709905,121.308568,13.60385
"GP (tuned), random warm-up",gp_tuned,11,120,False,min_image,,0.0,3.50578,0.323671,0.4,2419.261033,80.0,32.417293
"GP (tuned), random warm-up",gp_tuned,11,121,False,min_image,,0.0,8.0,0.415789,0.4,3886.642912,80.0,150.0
"GP (tuned), random warm-up",gp_tuned,11,122,False,min_image,,0.0,7.387557,0.384954,0.37529,3889.140528,134.619186,102.298982
"GP (tuned), random warm-up",gp_tuned,11,123,False,blowup,,0.009798,5.923585,0.381462,0.256117,2108.435667,175.0,145.974265
"GP (tuned), random warm-up",gp_tuned,11,124,False,min_image,,0.0,1.0,0.384794,0.208365,3522.824962,80.0,150.0
"GP (tuned), random warm-up",gp_tuned,11,125,True,,1.074247715241182,0.065923,3.324453,0.315242,0.218128,4025.948012,163.072416,86.86284
"GP (tuned), random warm-up",gp_tuned,11,126,True,,2.000042656558231,0.065942,5.722279,0.28,0.36521,2576.482844,175.0,8.778461
"GP (tuned), random warm-up",gp_tuned,11,127,True,,3.1938885455181425,0.062811,4.904849,0.45,0.2,6000.0,175.0,5.0
"GP (tuned), random warm-up",gp_tuned,11,128,True,,2.2603184580937286,0.06329,6.804652,0.361774,0.270967,5283.180692,175.0,57.235317
"GP (tuned), random warm-up",gp_tuned,11,129,True,,5.262244870607604,0.065834,3.001899,0.37701,0.396892,1082.167245,167.316603,135.106837
"GP (tuned), random warm-up",gp_tuned,11,130,False,min_image,,0.0,6.816446,0.369221,0.284434,576.848001,153.778364,107.666099
"GP (tuned), random warm-up",gp_tuned,11,131,False,min_image,,0.0,8.0,0.28,0.4,6000.0,142.372211,5.0
"GP (tuned), random warm-up",gp_tuned,11,132,False,blowup,,0.006222,2.61887,0.397794,0.204249,992.630299,175.0,107.844904
"GP (tuned), random warm-up",gp_tuned,11,133,True,,2.5049827506217643,0.068017,6.34517,0.28,0.381982,400.0,96.888605,37.71544
"GP (tuned), random warm-up",gp_tuned,11,134,False,min_image,,0.0,8.0,0.418951,0.4,6000.0,156.695513,5.0
"GP (tuned), random warm-up",gp_tuned,11,135,False,min_image,,0.0,7.58948,0.403943,0.2,6000.0,80.0,73.085683
"GP (tuned), random warm-up",gp_tuned,11,136,False,blowup,,0.003699,1.0,0.28,0.327392,1845.239637,175.0,150.0
"GP (tuned), random warm-up",gp_tuned,11,137,False,min_image,,0.0,1.0,0.28,0.4,3585.733762,80.0,5.0
"GP (tuned), random warm-up",gp_tuned,11,138,True,,2.03366189666105,0.065917,2.139477,0.28,0.359728,1382.10378,80.0,5.0
"GP (tuned), random warm-up",gp_tuned,11,139,False,blowup,,0.003528,6.55632,0.28,0.348558,3121.508261,175.0,94.199115
"GP (tuned), random warm-up",gp_tuned,11,140,False,min_image,,0.0,7.655553,0.381455,0.32853,625.228406,156.079511,138.548058
"GP (tuned), random warm-up",gp_tuned,11,141,False,blowup,,0.003468,1.0,0.45,0.352045,1691.781893,175.0,96.404054
"GP (tuned), random warm-up",gp_tuned,11,142,False,blowup,,0.010116,7.448723,0.381786,0.341953,861.042777,139.91388,42.595094
"GP (tuned), random warm-up",gp_tuned,11,143,False,blowup,,0.005958,7.164203,0.283285,0.319638,2005.948206,81.964155,97.886569
"GP (tuned), random warm-up",gp_tuned,11,144,False,blowup,,0.004058,1.0,0.362965,0.369735,3073.61661,175.0,67.568204
"GP (tuned), random warm-up",gp_tuned,11,145,False,blowup,,0.005217,8.0,0.28,0.382005,2955.103842,83.189588,132.334473
"GP (tuned), random warm-up",gp_tuned,11,146,False,blowup,,0.003959,7.318746,0.402975,0.210058,2067.550251,127.006349,36.726876
"GP (tuned), random warm-up",gp_tuned,11,147,False,blowup,,0.014437,4.323997,0.372566,0.384516,475.94176,127.320923,118.230849
"GP (tuned), random warm-up",gp_tuned,11,148,False,blowup,,0.005651,5.772886,0.28,0.315803,1642.276884,92.959914,43.390595
"GP (tuned), random warm-up",gp_tuned,11,149,False,min_image,,0.0,1.979294,0.390207,0.215026,3851.978495,81.943209,68.463071
"GP (tuned), random warm-up",gp_tuned,11,150,True,,1.553144912820243,0.065541,1.0,0.299131,0.350394,882.124934,108.998031,19.338759
