arm,tag,seed,step,stable,violations,loss,cost_usd,epsilon,sigma,bond_length_nm,bond_k,angle_deg,angle_k
GP (untuned),gp_untuned,0,1,False,blowup,,0.002293,5.149912,0.423525,0.371589,5144.609737,139.238551,60.735348
GP (untuned),gp_untuned,0,2,False,min_image,,0.0,4.343656,0.418069,0.295995,2599.594858,159.427483,53.922443
GP (untuned),gp_untuned,0,3,False,blowup,,0.002642,1.982455,0.427915,0.294722,4885.100211,129.445361,103.437532
GP (untuned),gp_untuned,0,4,True,,1.8802365147230462,0.043728,6.310309,0.298004,0.29472,1443.461123,150.007227,36.399801
GP (untuned),gp_untuned,0,5,True,,4.741899086096762,0.045401,2.55625,0.345703,0.38052,2919.719944,138.241028,135.840545
GP (untuned),gp_untuned,0,6,False,blowup,,0.002462,2.196367,0.340886,0.350137,3803.851745,110.879487,10.571687
GP (untuned),gp_untuned,0,7,False,blowup,,0.003031,5.445412,0.449201,0.31637,2720.464094,125.096263,95.408965
GP (untuned),gp_untuned,0,8,False,blowup,,0.002324,6.448418,0.441427,0.332505,476.001159,139.170379,102.680646
GP (untuned),gp_untuned,0,9,True,,0.8432199249913124,0.045739,1.390003,0.356697,0.203998,2873.581159,173.060739,57.119447
GP (untuned),gp_untuned,0,10,False,blowup,,0.002312,7.427648,0.31686,0.313038,5244.574343,128.352051,137.924828
GP (untuned),gp_untuned,0,11,True,,1.242856634054942,0.045132,1.0,0.322034,0.2,983.663947,175.0,12.242535
GP (untuned),gp_untuned,0,12,True,,0.8102067152829714,0.045827,1.384844,0.354738,0.209646,2584.847935,173.512607,55.391165
GP (untuned),gp_untuned,0,13,False,min_image,,0.0,5.38522,0.28,0.358825,6000.0,175.0,150.0
GP (untuned),gp_untuned,0,14,True,,0.9214705096728543,0.045412,1.187455,0.350226,0.210008,2152.047844,171.658527,53.917558
GP (untuned),gp_untuned,0,15,False,min_image,,0.0,4.267009,0.28,0.2,6000.0,94.078739,21.909893
GP (untuned),gp_untuned,0,16,True,,0.8619618741681512,0.045869,1.340974,0.352363,0.207946,2695.156152,175.0,56.822704
GP (untuned),gp_untuned,0,17,True,,0.8408488554453462,0.04573,1.639712,0.356727,0.211296,2240.254728,175.0,48.413156
GP (untuned),gp_untuned,0,18,True,,2.018530791122126,0.044396,4.987531,0.283464,0.264261,400.0,163.13069,20.324013
GP (untuned),gp_untuned,0,19,True,,1.1468723264568983,0.0464,2.07125,0.359933,0.208003,2581.836516,171.307186,48.282286
GP (untuned),gp_untuned,0,20,True,,1.7747345723747336,0.045902,1.0,0.331224,0.235144,799.292512,175.0,49.920766
GP (untuned),gp_untuned,0,21,True,,2.643235841860581,0.04308,3.875647,0.304599,0.2,400.0,163.551588,5.0
GP (untuned),gp_untuned,0,22,True,,1.2181184592481877,0.045842,1.0,0.348502,0.204275,2329.240428,175.0,57.499765
GP (untuned),gp_untuned,0,23,True,,2.4940136746006085,0.043957,6.829951,0.28,0.243619,400.0,156.605356,39.365904
GP (untuned),gp_untuned,0,24,True,,3.0201818948112833,0.043433,1.074666,0.429302,0.234097,1794.124185,146.131029,50.187077
GP (untuned),gp_untuned,0,25,True,,0.77389123965756,0.045281,1.440961,0.353949,0.212412,2180.227782,172.203407,47.782859
GP (untuned),gp_untuned,0,26,True,,1.0242091742390467,0.044971,1.417169,0.34323,0.217776,818.658625,171.899478,16.923873
GP (untuned),gp_untuned,0,27,True,,1.3826289364357154,0.045389,1.921787,0.306545,0.2,400.0,175.0,15.159432
GP (untuned),gp_untuned,0,28,True,,0.9580539617535053,0.044171,1.510446,0.348667,0.21135,2329.427889,170.738892,48.012962
GP (untuned),gp_untuned,0,29,False,min_image,,0.0,1.335196,0.362793,0.212181,2564.784972,172.74312,60.768414
GP (untuned),gp_untuned,0,30,False,blowup,,0.002426,1.0,0.415449,0.224519,4817.590974,174.75417,100.102407
GP (untuned),gp_untuned,0,31,False,blowup,,0.002606,3.835379,0.310545,0.214875,2707.101143,175.0,47.64739
GP (untuned),gp_untuned,0,32,True,,1.280630190709812,0.045662,1.0,0.354152,0.222228,1723.676008,175.0,50.230555
GP (untuned),gp_untuned,0,33,True,,1.034827902577972,0.044966,1.46011,0.409447,0.203235,2083.963513,123.623037,19.507102
GP (untuned),gp_untuned,0,34,False,blowup,,0.002976,1.392652,0.365727,0.366702,789.990332,175.0,84.533186
GP (untuned),gp_untuned,0,35,True,,1.2922723164538281,0.044494,1.425311,0.332309,0.2,1472.810208,175.0,31.947701
GP (untuned),gp_untuned,0,36,True,,2.155833491421218,0.045184,1.0,0.28,0.205578,1967.101763,175.0,70.345996
GP (untuned),gp_untuned,0,37,True,,1.355774069221552,0.046145,1.0,0.333666,0.201107,2940.93731,175.0,79.63837
GP (untuned),gp_untuned,0,38,True,,5.283693734659567,0.044388,4.286407,0.434523,0.211803,1868.92888,175.0,5.0
GP (untuned),gp_untuned,0,39,True,,0.7585497676016939,0.045997,1.384753,0.362333,0.204001,2704.074712,155.627656,54.561542
GP (untuned),gp_untuned,0,40,True,,0.9038869028857552,0.044856,1.824671,0.359885,0.219697,1286.746868,175.0,20.778715
GP (untuned),gp_untuned,0,41,True,,1.4648194306832574,0.046121,1.473725,0.291813,0.21518,2648.510221,175.0,82.605121
GP (untuned),gp_untuned,0,42,False,blowup,,0.007369,1.563228,0.313434,0.207604,469.047642,175.0,23.428158
GP (untuned),gp_untuned,0,43,False,blowup,,0.003392,1.345467,0.433352,0.202492,1568.06703,142.886598,136.047388
GP (untuned),gp_untuned,0,44,True,,0.9100500885162238,0.046413,1.326861,0.351704,0.202536,2377.100998,161.355931,51.907047
GP (untuned),gp_untuned,0,45,True,,0.7306608791765535,0.046359,1.338098,0.349852,0.20324,2999.029373,138.683797,51.733146
GP (untuned),gp_untuned,0,46,True,,1.1857580255173295,0.046674,1.257998,0.340039,0.206706,3745.58949,97.615907,56.977344
GP (untuned),gp_untuned,0,47,True,,0.8398502000413982,0.044859,1.330799,0.353276,0.207621,3397.882192,144.548394,43.451286
GP (untuned),gp_untuned,0,48,True,,0.9533632059082665,0.045693,1.057961,0.351918,0.211037,3734.39767,144.453232,19.144311
GP (untuned),gp_untuned,0,49,True,,0.9961878542849223,0.045356,1.161458,0.362343,0.214024,3044.882793,175.0,29.316382
GP (untuned),gp_untuned,0,50,True,,1.1565532337044573,0.046454,1.0,0.388769,0.2,2228.689355,167.611322,20.348638
GP (untuned),gp_untuned,0,51,True,,0.6666096572846862,0.046416,1.648867,0.383439,0.207869,2239.042711,175.0,43.896435
GP (untuned),gp_untuned,0,52,True,,1.0802137037992698,0.046078,1.989202,0.319463,0.222675,5499.632488,175.0,26.22682
GP (untuned),gp_untuned,0,53,True,,2.83230611095381,0.044351,6.248211,0.28,0.28514,2696.72309,154.763254,5.580377
GP (untuned),gp_untuned,0,54,False,blowup,,0.002921,1.066609,0.430076,0.2,763.017215,175.0,55.189902
GP (untuned),gp_untuned,0,55,False,blowup,,0.005311,6.245389,0.398642,0.205555,2782.83552,110.797631,136.212071
GP (untuned),gp_untuned,0,56,True,,0.8906217266880632,0.047342,1.384761,0.354315,0.20282,3675.86249,153.998927,106.133883
GP (untuned),gp_untuned,0,57,True,,1.2598437654945924,0.046236,1.752077,0.347088,0.209709,1594.371559,148.924368,6.59738
GP (untuned),gp_untuned,0,58,True,,1.076684200329259,0.047439,1.406253,0.354649,0.200901,2477.293859,171.963421,88.930083
GP (untuned),gp_untuned,0,59,True,,0.9053670312996625,0.045751,1.673779,0.339607,0.220902,4754.890228,155.353234,19.391376
GP (untuned),gp_untuned,0,60,True,,1.2070020519369122,0.046544,1.665909,0.397693,0.203564,2160.65965,156.763951,6.297499
GP (untuned),gp_untuned,0,61,True,,1.4661631547101663,0.046932,1.349846,0.395118,0.202709,5926.669693,93.065367,21.432184
GP (untuned),gp_untuned,0,62,True,,1.552010148955656,0.047488,1.660447,0.299158,0.218121,400.0,175.0,48.100512
GP (untuned),gp_untuned,0,63,False,blowup,,0.029744,1.204419,0.35654,0.210451,795.471845,131.850233,128.505273
GP (untuned),gp_untuned,0,64,True,,0.9275408813700248,0.047814,1.272249,0.347229,0.2,3086.55339,155.616446,58.638615
GP (untuned),gp_untuned,0,65,True,,1.3527104180396174,0.047123,1.0,0.403531,0.203187,1850.738149,161.103926,21.207369
GP (untuned),gp_untuned,0,66,False,blowup,,0.007715,4.016302,0.353672,0.2,2772.741364,138.161417,58.608087
GP (untuned),gp_untuned,0,67,False,blowup,,0.005823,1.524178,0.35678,0.20106,2988.323458,133.147962,57.913484
GP (untuned),gp_untuned,0,68,True,,1.2402334298644964,0.047664,1.673636,0.378311,0.203468,2294.235394,87.889947,45.880867
GP (untuned),gp_untuned,0,69,True,,2.357885903332865,0.046417,5.076782,0.28,0.377939,1162.760764,175.0,5.0
GP (untuned),gp_untuned,0,70,True,,1.0064723666941278,0.046416,1.56765,0.350965,0.212001,1059.063354,175.0,35.739894
GP (untuned),gp_untuned,0,71,True,,0.6749929233601135,0.046487,1.423243,0.347956,0.209851,6000.0,153.889488,38.168763
GP (untuned),gp_untuned,0,72,True,,0.6546935375095925,0.047017,1.555115,0.347975,0.218227,4172.905685,175.0,29.60295
GP (untuned),gp_untuned,0,73,True,,0.8687721221997816,0.047939,1.402286,0.354753,0.202464,3535.459822,171.102286,64.166965
GP (untuned),gp_untuned,0,74,True,,1.2945188362134523,0.046502,1.209875,0.347366,0.215731,4732.939499,93.850295,32.508595
GP (untuned),gp_untuned,0,75,True,,1.090966442654461,0.046885,1.592427,0.346439,0.206257,6000.0,174.049808,39.292795
GP (untuned),gp_untuned,0,76,True,,0.7630030791066184,0.047426,1.48429,0.34751,0.216433,4120.751458,175.0,32.247165
GP (untuned),gp_untuned,0,77,True,,1.2375838132606858,0.048535,1.405521,0.344157,0.2,5235.444777,175.0,102.926717
GP (untuned),gp_untuned,0,78,True,,0.9602631078015883,0.047516,1.482544,0.33789,0.22096,3973.594373,175.0,29.378829
GP (untuned),gp_untuned,0,79,True,,1.0205926038923785,0.048455,1.142824,0.356414,0.201898,4519.928276,175.0,51.819787
GP (untuned),gp_untuned,0,80,True,,0.6230409676828393,0.047557,1.467886,0.35881,0.213511,3015.310154,175.0,29.810098
GP (untuned),gp_untuned,0,81,True,,0.7680263428538322,0.047768,1.4648,0.3609,0.213393,4842.19358,175.0,29.487869
GP (untuned),gp_untuned,0,82,True,,1.1860039960420272,0.048035,1.397869,0.301475,0.2,996.977333,175.0,11.262345
GP (untuned),gp_untuned,0,83,True,,2.0981337248429472,0.047773,3.204425,0.285959,0.262124,1231.274437,175.0,5.0
GP (untuned),gp_untuned,0,84,False,blowup,,0.033617,1.496907,0.35391,0.223601,415.059631,175.0,29.42781
GP (untuned),gp_untuned,0,85,True,,1.5623087374288247,0.047834,1.498985,0.306917,0.2,1381.985702,95.12718,16.858249
GP (untuned),gp_untuned,0,86,True,,1.2623439290394283,0.049461,1.007821,0.318501,0.2,2754.258963,172.610937,67.327131
GP (untuned),gp_untuned,0,87,True,,0.9746885568396184,0.047187,1.56174,0.346408,0.202698,1739.288689,146.890278,13.694863
GP (untuned),gp_untuned,0,88,True,,1.0403065513546086,0.0488,1.466044,0.398801,0.2,2535.578372,167.349888,49.790028
GP (untuned),gp_untuned,0,89,True,,0.5961957680616363,0.049118,1.542875,0.374929,0.201791,2334.864788,150.758699,49.940715
GP (untuned),gp_untuned,0,90,True,,0.7514914595177623,0.048708,1.471016,0.364862,0.212496,4158.913798,157.557275,27.264892
GP (untuned),gp_untuned,0,91,True,,0.7009672293843316,0.048274,1.658747,0.374971,0.215412,1145.036641,122.120857,17.503167
GP (untuned),gp_untuned,0,92,True,,1.2741991610034025,0.048751,1.33058,0.356837,0.209472,1074.440149,106.657094,12.028216
GP (untuned),gp_untuned,0,93,True,,1.1528926929512573,0.048296,1.252077,0.348507,0.213412,6000.0,92.978438,37.222284
GP (untuned),gp_untuned,0,94,True,,1.3583067699621847,0.049636,1.349271,0.321898,0.2,2164.90993,172.530697,41.58111
GP (untuned),gp_untuned,0,95,True,,0.7619410317150594,0.04919,1.524174,0.377179,0.206071,2494.673856,175.0,51.533378
GP (untuned),gp_untuned,0,96,True,,2.6573343040557242,0.048463,1.600563,0.45,0.212582,2326.576131,167.462631,20.125539
GP (untuned),gp_untuned,0,97,True,,1.3589708483863638,0.049936,1.190564,0.359836,0.200571,2677.412123,82.787023,50.850666
GP (untuned),gp_untuned,0,98,True,,1.081535403726299,0.048732,1.18088,0.346638,0.212187,5885.009394,175.0,32.78398
GP (untuned),gp_untuned,0,99,True,,0.9069366245513805,0.048914,1.763784,0.352976,0.200792,2435.662585,152.113981,12.393784
GP (untuned),gp_untuned,0,100,True,,1.34902934302329,0.050322,1.0,0.370526,0.2,4735.026081,175.0,101.649149
GP (untuned),gp_untuned,0,101,True,,1.1688625575886233,0.049153,1.197035,0.368046,0.213364,3493.124666,175.0,48.423473
GP (untuned),gp_untuned,0,102,True,,1.3529644713839004,0.049935,1.706667,0.28,0.2,724.379465,162.496531,26.363028
GP (untuned),gp_untuned,0,103,True,,1.4217158235454068,0.049255,1.394136,0.354,0.2,4426.546417,144.563628,5.0
GP (untuned),gp_untuned,0,104,True,,0.7800896466786661,0.049814,1.606734,0.353582,0.230721,4262.5953,175.0,31.621147
GP (untuned),gp_untuned,0,105,True,,0.8877944867247408,0.049651,1.593036,0.360026,0.221878,4834.751411,175.0,63.02163
GP (untuned),gp_untuned,0,106,True,,1.2792213527807885,0.049935,1.738108,0.320558,0.21779,2108.156362,172.487409,5.0
GP (untuned),gp_untuned,0,107,True,,0.8764229548120991,0.05015,1.620126,0.366006,0.2,2456.359411,175.0,59.554218
GP (untuned),gp_untuned,0,108,True,,1.4728759823635242,0.051081,1.324664,0.324022,0.205055,2906.83469,96.657238,75.42789
GP (untuned),gp_untuned,0,109,True,,1.7134059134337367,0.049958,1.308407,0.362583,0.256039,5522.49753,175.0,31.675302
GP (untuned),gp_untuned,0,110,True,,1.2295013981437297,0.04869,1.571597,0.335152,0.2,3723.955927,150.579695,46.107305
GP (untuned),gp_untuned,0,111,True,,1.3594391397487373,0.050167,1.0,0.312672,0.2,400.0,175.0,5.0
GP (untuned),gp_untuned,0,112,True,,2.337949265951326,0.049511,2.624585,0.28,0.2,400.0,175.0,5.0
GP (untuned),gp_untuned,0,113,True,,1.57798131248507,0.050332,1.0,0.327398,0.2,1339.876623,131.248126,5.0
GP (untuned),gp_untuned,0,114,True,,1.288132678465009,0.049782,1.624389,0.343705,0.2,4361.738296,175.0,51.373012
GP (untuned),gp_untuned,0,115,True,,0.9632165158264795,0.049036,1.950234,0.361299,0.2,5852.070439,175.0,47.135769
GP (untuned),gp_untuned,0,116,True,,1.5500289055924603,0.050249,1.0,0.28,0.2,1809.290265,162.755695,5.0
GP (untuned),gp_untuned,0,117,True,,1.6413821035565168,0.048908,1.0,0.442711,0.2,843.791359,142.365156,5.0
GP (untuned),gp_untuned,0,118,True,,1.2130703908821832,0.04971,1.409074,0.366451,0.23974,3346.332225,168.904985,22.113156
GP (untuned),gp_untuned,0,119,True,,1.9025393223684504,0.049676,1.739879,0.363677,0.332411,1089.111421,175.0,10.380901
GP (untuned),gp_untuned,0,120,True,,0.9991395151872078,0.049284,1.757974,0.28,0.2,6000.0,145.025386,62.96632
GP (untuned),gp_untuned,0,121,True,,1.187767201895499,0.049095,1.800021,0.345765,0.2,2017.666797,175.0,24.386875
GP (untuned),gp_untuned,0,122,True,,0.6457103964451213,0.049003,1.538513,0.379,0.2,1322.787225,175.0,21.402187
GP (untuned),gp_untuned,0,123,True,,1.878635695585989,0.050256,1.0,0.28,0.2,400.0,175.0,5.0
GP (untuned),gp_untuned,0,124,True,,0.9963949897255409,0.049425,1.763671,0.34324,0.221507,4579.949834,163.105932,47.218103
GP (untuned),gp_untuned,0,125,True,,2.6272629896328907,0.050765,1.15255,0.317845,0.2,400.0,170.13705,89.810659
GP (untuned),gp_untuned,0,126,True,,1.002283572181553,0.048653,1.713085,0.342597,0.2,6000.0,175.0,7.337931
GP (untuned),gp_untuned,0,127,True,,2.164383499737294,0.048151,5.589174,0.28,0.4,722.020236,175.0,5.0
GP (untuned),gp_untuned,0,128,False,min_image,,0.0,8.0,0.45,0.2,400.0,175.0,5.0
GP (untuned),gp_untuned,0,129,True,,1.3305317655225943,0.050114,2.287203,0.282039,0.2,1204.072166,175.0,5.0
GP (untuned),gp_untuned,0,130,True,,1.2910994323945115,0.049203,1.0,0.316414,0.2,1843.300619,175.0,5.0
GP (untuned),gp_untuned,0,131,True,,1.5744325741715535,0.047982,1.965433,0.28,0.2,1575.599771,162.352121,5.0
GP (untuned),gp_untuned,0,132,True,,1.6891282323011965,0.04797,1.0,0.28,0.2,2213.204497,175.0,5.0
GP (untuned),gp_untuned,0,133,True,,3.1800100902126114,0.048102,1.0,0.45,0.2,1662.660005,175.0,5.0
GP (untuned),gp_untuned,0,134,True,,1.750914572472473,0.047148,1.0,0.28,0.2,3058.468956,175.0,5.0
GP (untuned),gp_untuned,0,135,True,,1.7868245782678747,0.048253,1.0,0.28,0.2,3338.958185,175.0,5.0
GP (untuned),gp_untuned,0,136,True,,1.4774480509916634,0.046758,1.0,0.28,0.2,5108.125677,175.0,5.0
GP (untuned),gp_untuned,0,137,True,,1.9077340040583926,0.047167,1.0,0.28,0.2,6000.0,175.0,5.0
GP (untuned),gp_untuned,0,138,True,,1.658875589699632,0.047494,1.0,0.28,0.4,3653.116736,175.0,5.0
GP (untuned),gp_untuned,0,139,True,,4.642137686780637,0.047557,3.664079,0.434731,0.2,1954.431093,175.0,5.0
GP (untuned),gp_untuned,0,140,True,,2.2646608961088264,0.047349,1.0,0.28,0.4,6000.0,80.0,150.0
GP (untuned),gp_untuned,0,141,True,,0.7453400148685173,0.049221,1.489841,0.361398,0.2,1329.871729,175.0,8.680839
GP (untuned),gp_untuned,0,142,True,,1.4012662140094194,0.05023,1.0,0.327588,0.2,6000.0,175.0,121.936205
GP (untuned),gp_untuned,0,143,True,,1.2965574254754821,0.05039,1.048093,0.380062,0.2,4140.772256,175.0,56.872985
GP (untuned),gp_untuned,0,144,True,,1.4075707402529676,0.049319,1.0,0.28,0.4,1350.949993,175.0,5.0
GP (untuned),gp_untuned,0,145,True,,0.7667693464654937,0.050211,1.377459,0.362059,0.2,2754.975511,175.0,53.296212
GP (untuned),gp_untuned,0,146,True,,1.2645785193982257,0.049805,1.358004,0.343307,0.201894,2899.397447,175.0,140.516817
GP (untuned),gp_untuned,0,147,True,,1.2393804318606085,0.049117,1.615814,0.346497,0.214869,5009.205239,175.0,5.0
GP (untuned),gp_untuned,0,148,True,,0.5171157972839021,0.049961,1.509802,0.360527,0.223469,2307.598606,175.0,10.710188
GP (untuned),gp_untuned,0,149,True,,1.2402050090049732,0.048537,1.032541,0.333544,0.2,2998.983952,175.0,5.0
GP (untuned),gp_untuned,0,150,True,,3.975958272639602,0.049429,1.464031,0.377245,0.298709,4131.269611,175.0,40.343682
GP (untuned),gp_untuned,1,1,False,min_image,,0.0,7.980294,0.438535,0.225625,5994.626886,102.428453,62.504205
GP (untuned),gp_untuned,1,2,False,blowup,,0.002363,6.924176,0.333256,0.30491,2883.336205,101.809835,82.490017
GP (untuned),gp_untuned,1,3,False,blowup,,0.002408,7.573895,0.412326,0.343194,4895.442022,88.816077,80.13212
GP (untuned),gp_untuned,1,4,True,,0.8209879614608687,0.043741,2.91135,0.290071,0.334106,3721.166902,143.807139,64.709242
GP (untuned),gp_untuned,1,5,False,blowup,,0.007258,6.483201,0.350132,0.206834,3894.567924,142.760394,48.281818
GP (untuned),gp_untuned,1,6,False,blowup,,0.002356,4.28467,0.296349,0.380674,1069.146621,129.855941,17.125336
GP (untuned),gp_untuned,1,7,False,blowup,,0.002334,5.090724,0.376205,0.322788,5756.599677,104.793003,38.497236
GP (untuned),gp_untuned,1,8,False,blowup,,0.002453,4.784204,0.410132,0.209069,1183.810267,155.278341,9.321197
GP (untuned),gp_untuned,1,9,False,blowup,,0.02813,7.244951,0.344189,0.307685,4052.87374,114.319797,87.796241
GP (untuned),gp_untuned,1,10,True,,3.7516819883402217,0.042804,5.534246,0.34017,0.352647,2396.577652,151.514894,132.794565
GP (untuned),gp_untuned,1,11,False,min_image,,0.0,1.0,0.302144,0.2,400.0,80.0,5.0
GP (untuned),gp_untuned,1,12,True,,0.8333556146328537,0.043478,2.851388,0.286491,0.336377,3643.490977,145.618885,65.477772
GP (untuned),gp_untuned,1,13,True,,0.8785072344566274,0.043552,2.85649,0.288509,0.340053,3772.652733,146.72914,67.462237
GP (untuned),gp_untuned,1,14,True,,3.0664079040720535,0.04621,8.0,0.316469,0.336451,5963.475724,80.0,150.0
GP (untuned),gp_untuned,1,15,True,,0.8815503397872442,0.043303,2.452955,0.292638,0.334566,3833.077899,150.878245,58.232669
GP (untuned),gp_untuned,1,16,True,,0.6934509251846911,0.043355,3.117021,0.28,0.337621,3069.441283,141.673036,68.693331
GP (untuned),gp_untuned,1,17,True,,0.6864732622400405,0.043292,3.1356,0.28,0.34398,1424.232078,140.304529,78.478001
GP (untuned),gp_untuned,1,18,True,,0.8889407998720742,0.045221,4.246702,0.309679,0.339835,4110.957729,128.195498,73.393677
GP (untuned),gp_untuned,1,19,True,,1.5314343527314305,0.046438,5.684429,0.28,0.339872,1366.283602,119.657124,27.839692
GP (untuned),gp_untuned,1,20,True,,1.6787920700948746,0.044599,4.821703,0.3146,0.352631,3300.447887,160.307023,142.95114
GP (untuned),gp_untuned,1,21,True,,0.7038665812469921,0.043475,2.707936,0.28,0.339566,1215.007754,132.843642,56.892354
GP (untuned),gp_untuned,1,22,True,,0.5221465258086874,0.043566,3.639562,0.281741,0.340326,2083.426351,138.366779,73.493686
GP (untuned),gp_untuned,1,23,True,,8.421063140028101,0.042821,5.14139,0.406891,0.340245,3423.344695,156.878167,72.024165
GP (untuned),gp_untuned,1,24,True,,0.6418145275694135,0.042846,3.308325,0.287056,0.339504,2601.658932,133.175623,94.492343
GP (untuned),gp_untuned,1,25,True,,0.8118591428519244,0.042983,4.373396,0.28,0.338313,3136.592544,115.10223,89.450394
GP (untuned),gp_untuned,1,26,True,,0.7555715757785885,0.043384,2.978015,0.288313,0.338275,2300.080943,144.832586,73.491187
GP (untuned),gp_untuned,1,27,True,,2.000145611261315,0.044089,3.715682,0.282824,0.339843,400.0,142.26091,5.0
GP (untuned),gp_untuned,1,28,True,,1.0360456579506445,0.043215,2.467621,0.288396,0.339992,1335.615799,158.031199,76.089743
GP (untuned),gp_untuned,1,29,True,,0.5080655559543803,0.043176,3.323823,0.28,0.338359,2039.232741,136.013548,55.530939
GP (untuned),gp_untuned,1,30,True,,0.8549255140482344,0.04335,5.507987,0.281561,0.338655,2363.306146,135.881586,65.642956
GP (untuned),gp_untuned,1,31,True,,0.6681556637135351,0.043943,3.383438,0.28,0.33814,2176.562143,161.674114,66.951645
GP (untuned),gp_untuned,1,32,True,,1.2558008424056815,0.043045,1.028538,0.28,0.338881,2229.333861,115.62884,78.962707
GP (untuned),gp_untuned,1,33,True,,0.42045061725323646,0.04424,3.534896,0.281787,0.339048,2169.820386,131.249581,67.812052
GP (untuned),gp_untuned,1,34,True,,0.49193411645344026,0.04594,3.545335,0.285212,0.339076,2379.055895,127.674014,67.577952
GP (untuned),gp_untuned,1,35,True,,0.4314318645614888,0.044044,3.600819,0.285154,0.337843,2338.840777,127.688325,69.072099
GP (untuned),gp_untuned,1,36,True,,0.4172541895361315,0.043987,3.60445,0.281649,0.339426,2277.193117,130.476468,67.787289
GP (untuned),gp_untuned,1,37,False,min_image,,0.0,3.305457,0.30665,0.352837,6000.0,175.0,78.97516
GP (untuned),gp_untuned,1,38,True,,2.0378777646520767,0.043283,4.250593,0.30484,0.330397,3890.577014,80.0,55.37246
GP (untuned),gp_untuned,1,39,True,,0.4514993706195327,0.04595,3.579997,0.283855,0.351993,2462.921933,124.685564,77.40741
GP (untuned),gp_untuned,1,40,True,,0.49793524002079104,0.045581,3.616566,0.285495,0.343227,2591.479151,121.648286,111.974408
GP (untuned),gp_untuned,1,41,True,,0.6594920185773444,0.044873,3.735759,0.280754,0.342374,2236.364366,127.86512,24.661888
GP (untuned),gp_untuned,1,42,True,,0.456269426827557,0.044501,3.507073,0.28,0.336307,2267.199504,131.415411,85.170139
GP (untuned),gp_untuned,1,43,True,,0.4897554158420592,0.045416,3.557559,0.281501,0.346642,2366.10176,129.469787,76.167145
GP (untuned),gp_untuned,1,44,True,,0.6994995991185029,0.046222,3.892248,0.290045,0.34875,2539.712566,118.019853,86.209334
GP (untuned),gp_untuned,1,45,True,,0.45475918208932675,0.046129,3.373104,0.28194,0.348521,2496.746896,132.724468,149.821917
GP (untuned),gp_untuned,1,46,True,,0.7308514845787478,0.043784,4.125721,0.306825,0.212328,3764.334222,124.188814,150.0
GP (untuned),gp_untuned,1,47,False,min_image,,0.0,1.799792,0.290218,0.3921,2778.939322,154.993234,150.0
GP (untuned),gp_untuned,1,48,True,,0.4941773115569268,0.045094,3.346951,0.283748,0.318075,2505.57079,121.346951,114.150048
GP (untuned),gp_untuned,1,49,True,,0.5446701906696371,0.046743,3.36584,0.28,0.338393,2427.100807,133.497655,64.145197
GP (untuned),gp_untuned,1,50,True,,0.8830895206932784,0.045185,3.697195,0.283745,0.346566,2479.587291,96.414464,77.105129
GP (untuned),gp_untuned,1,51,True,,0.5873392365385933,0.045054,3.452672,0.284347,0.316311,2602.496277,137.513309,108.096518
GP (untuned),gp_untuned,1,52,True,,0.5465583882004091,0.046811,3.232961,0.284826,0.341337,2175.810125,130.021746,107.093727
GP (untuned),gp_untuned,1,53,True,,1.7080015185724189,0.046203,3.01798,0.283542,0.350532,2749.243886,133.440934,5.0
GP (untuned),gp_untuned,1,54,True,,0.41210892239568286,0.046735,3.755256,0.280178,0.2962,2605.743842,125.689773,82.406968
GP (untuned),gp_untuned,1,55,True,,0.5348240580422794,0.04699,3.732025,0.280471,0.4,2672.020986,126.879543,119.081052
GP (untuned),gp_untuned,1,56,True,,0.4189318437160186,0.046633,3.498334,0.282063,0.310134,2500.137253,127.59892,150.0
GP (untuned),gp_untuned,1,57,True,,1.3692487758113734,0.044973,4.905869,0.28,0.2,2846.12522,151.571972,68.165689
GP (untuned),gp_untuned,1,58,True,,0.4894915228665063,0.046928,3.24581,0.283726,0.277208,2795.35722,124.287531,150.0
GP (untuned),gp_untuned,1,59,True,,0.5353387592695134,0.047691,3.893768,0.280008,0.378757,2405.390235,125.27278,71.23626
GP (untuned),gp_untuned,1,60,True,,0.4225591973916221,0.045951,3.697779,0.28,0.245307,2920.270543,126.987782,62.633955
GP (untuned),gp_untuned,1,61,True,,0.8824717299458319,0.044723,2.249701,0.293835,0.2,3328.048203,106.020822,116.433333
GP (untuned),gp_untuned,1,62,True,,0.8635149343752616,0.045918,3.747752,0.28,0.207307,2369.555487,126.919131,62.684347
GP (untuned),gp_untuned,1,63,True,,0.5197632843561529,0.046179,3.666858,0.28,0.372413,4166.230757,130.385458,54.028771
GP (untuned),gp_untuned,1,64,False,blowup,,0.039872,3.787434,0.28,0.211676,2434.243231,129.529677,150.0
GP (untuned),gp_untuned,1,65,True,,0.4478971649738247,0.046975,3.294257,0.283415,0.285478,2783.527016,120.315942,146.802233
GP (untuned),gp_untuned,1,66,True,,0.47418546942931816,0.047565,3.450875,0.28,0.355182,2484.697766,128.988693,98.820188
GP (untuned),gp_untuned,1,67,True,,0.5236500547960466,0.0461,3.608475,0.28,0.34054,2877.704969,136.065924,72.822813
GP (untuned),gp_untuned,1,68,True,,0.4499486028804039,0.046064,3.058527,0.28,0.220472,2373.796209,118.186273,56.80692
GP (untuned),gp_untuned,1,69,True,,0.44988846268616167,0.046154,3.049229,0.28,0.264773,2395.102055,124.220644,101.633253
GP (untuned),gp_untuned,1,70,True,,0.49375974154129165,0.047993,3.646443,0.28,0.365675,2428.631464,124.408014,76.097977
GP (untuned),gp_untuned,1,71,True,,0.6831991141832929,0.047647,3.356258,0.280139,0.343372,2533.158508,137.236216,150.0
GP (untuned),gp_untuned,1,72,True,,0.4567748906158479,0.047974,3.604023,0.280042,0.353234,2479.875867,125.070101,114.30833
GP (untuned),gp_untuned,1,73,True,,0.4726053462220416,0.047778,3.412809,0.282291,0.302895,2622.618771,126.447234,132.687181
GP (untuned),gp_untuned,1,74,True,,0.49065185940475486,0.046547,3.503259,0.28277,0.321287,1443.700182,119.641064,101.185368
GP (untuned),gp_untuned,1,75,True,,0.4659140174797829,0.047418,3.40746,0.284859,0.286198,2694.649239,122.211656,140.583316
GP (untuned),gp_untuned,1,76,True,,0.3923334456626966,0.046634,3.402342,0.28,0.238965,2916.79038,120.86528,66.962524
GP (untuned),gp_untuned,1,77,True,,0.6257707169755176,0.045881,2.986123,0.291004,0.220873,3601.122153,104.668402,150.0
GP (untuned),gp_untuned,1,78,True,,0.5513014457645131,0.047579,3.862368,0.287467,0.343064,2326.299506,130.717637,93.302519
GP (untuned),gp_untuned,1,79,True,,0.3664116348772484,0.047015,3.257868,0.28,0.238422,2957.43279,121.497345,55.481058
GP (untuned),gp_untuned,1,80,True,,0.4641197003198588,0.048191,3.567958,0.282048,0.350455,2814.153111,126.622109,150.0
GP (untuned),gp_untuned,1,81,True,,0.6509507120996951,0.048661,3.607845,0.28,0.329348,2204.880478,113.060026,150.0
GP (untuned),gp_untuned,1,82,True,,0.7242458883917253,0.048145,2.994396,0.286994,0.28913,3078.726832,139.0598,150.0
GP (untuned),gp_untuned,1,83,True,,0.732077726330576,0.048186,3.689447,0.28,0.285582,2381.343171,106.334753,137.269769
GP (untuned),gp_untuned,1,84,True,,0.424378311069756,0.047716,3.360931,0.28,0.23402,5820.265187,125.377987,47.815542
GP (untuned),gp_untuned,1,85,True,,0.5425633852537354,0.047121,3.675403,0.28,0.324734,5583.615339,135.033351,74.00473
GP (untuned),gp_untuned,1,86,True,,0.5555253237824326,0.049126,4.113101,0.28,0.345177,2454.818025,128.276985,150.0
GP (untuned),gp_untuned,1,87,True,,0.5122189153946054,0.047971,3.643768,0.28,0.342601,3097.068717,121.246794,58.206119
GP (untuned),gp_untuned,1,88,True,,0.41863280336704045,0.047536,2.634403,0.28,0.242505,2263.053203,124.500966,61.927547
GP (untuned),gp_untuned,1,89,True,,0.5994302625045015,0.049522,2.927178,0.28,0.306622,4531.470751,125.233098,81.358697
GP (untuned),gp_untuned,1,90,True,,0.3829424137339426,0.047959,3.346475,0.28,0.265996,1458.403729,125.98853,73.646671
GP (untuned),gp_untuned,1,91,True,,0.64157288905485,0.04885,4.126321,0.28,0.371257,1035.821808,134.327838,72.929049
GP (untuned),gp_untuned,1,92,True,,0.6547154357016052,0.049808,2.887647,0.28,0.386286,1750.678415,119.396618,100.335157
GP (untuned),gp_untuned,1,93,True,,0.5314866168577763,0.049586,3.71251,0.28,0.302405,5740.751621,128.526021,82.565437
GP (untuned),gp_untuned,1,94,True,,0.3625711045931897,0.048329,3.431818,0.28,0.279453,2047.455084,123.955125,97.857278
GP (untuned),gp_untuned,1,95,True,,0.38948475591442294,0.048276,3.309786,0.28,0.274556,2767.235611,123.925886,89.43531
GP (untuned),gp_untuned,1,96,True,,0.47733143716566023,0.048133,3.622744,0.287893,0.284454,1601.280556,120.344234,125.253522
GP (untuned),gp_untuned,1,97,True,,0.6679939457849675,0.047329,3.599717,0.28,0.222687,2107.423398,126.796174,150.0
GP (untuned),gp_untuned,1,98,True,,1.161477465274454,0.050208,5.886688,0.28,0.399889,2152.61639,130.473649,150.0
GP (untuned),gp_untuned,1,99,True,,0.5735959264389596,0.049737,2.371867,0.287226,0.4,5934.30097,128.11013,99.83641
GP (untuned),gp_untuned,1,100,True,,0.4647301189751381,0.048637,3.443558,0.28,0.280171,3316.725876,123.692143,88.248852
GP (untuned),gp_untuned,1,101,True,,0.6032604037908088,0.049817,4.031876,0.282782,0.295885,3304.917079,123.636087,150.0
GP (untuned),gp_untuned,1,102,True,,0.7044113153344165,0.049886,2.446111,0.28394,0.287891,2308.23658,120.956436,146.524905
GP (untuned),gp_untuned,1,103,True,,0.5034180811118751,0.048831,3.782156,0.28,0.259578,3833.153256,121.281958,82.722568
GP (untuned),gp_untuned,1,104,False,blowup,,0.007177,3.973839,0.28,0.287363,400.0,131.651837,102.600942
GP (untuned),gp_untuned,1,105,True,,0.843444247601805,0.049382,3.903485,0.286155,0.348433,4929.670612,108.741023,147.070939
GP (untuned),gp_untuned,1,106,True,,0.5187942877516443,0.048448,2.914439,0.28,0.240849,5838.785933,119.099158,35.115998
GP (untuned),gp_untuned,1,107,True,,0.37577614430398976,0.049043,3.31494,0.28,0.268052,1666.162656,124.156544,72.321831
GP (untuned),gp_untuned,1,108,True,,0.32696691156591745,0.048986,3.273102,0.28,0.263497,1540.620498,126.969183,88.27502
GP (untuned),gp_untuned,1,109,True,,0.5063584992483462,0.047878,2.947215,0.28,0.2207,5085.934858,130.864611,150.0
GP (untuned),gp_untuned,1,110,True,,0.463966368386216,0.050655,3.653237,0.28,0.300806,2884.887852,120.540101,54.821386
GP (untuned),gp_untuned,1,111,True,,0.6568508536283285,0.048774,3.24466,0.28,0.246125,1347.106501,128.275708,92.175692
GP (untuned),gp_untuned,1,112,True,,0.7395886894225616,0.050261,3.840316,0.287958,0.304497,5459.830663,118.011629,145.514687
GP (untuned),gp_untuned,1,113,True,,0.6362585432291972,0.049934,3.906124,0.28,0.346332,2220.483197,121.393936,150.0
GP (untuned),gp_untuned,1,114,True,,1.0165179217742633,0.050126,4.537397,0.28,0.304445,5504.726582,100.431589,45.849167
GP (untuned),gp_untuned,1,115,True,,0.6746634679732776,0.049097,2.932679,0.28,0.274829,2389.587285,117.796335,88.075326
GP (untuned),gp_untuned,1,116,True,,0.6337456590036155,0.048522,2.859481,0.28,0.248946,5270.073669,138.193249,97.557734
GP (untuned),gp_untuned,1,117,True,,0.8670586852997981,0.04803,2.013046,0.28,0.354641,6000.0,165.849206,52.198295
GP (untuned),gp_untuned,1,118,True,,0.6845191900226499,0.049842,2.992408,0.282898,0.4,4460.215826,133.079015,150.0
GP (untuned),gp_untuned,1,119,True,,0.7818799907512929,0.048632,4.4682,0.28,0.217307,6000.0,114.796959,82.775696
GP (untuned),gp_untuned,1,120,True,,2.0343757657652133,0.048962,2.849452,0.28,0.241818,6000.0,130.578418,5.0
GP (untuned),gp_untuned,1,121,True,,0.8887494906745348,0.048543,3.487592,0.28,0.23262,5603.701169,95.2191,99.019569
GP (untuned),gp_untuned,1,122,True,,0.5856862826918979,0.048536,3.463908,0.28,0.232422,5716.834433,133.408959,55.916946
GP (untuned),gp_untuned,1,123,True,,0.6736692266044795,0.048641,2.912431,0.28,0.242455,5827.349985,109.847047,59.946643
GP (untuned),gp_untuned,1,124,True,,0.562349871698936,0.048762,4.035995,0.28,0.315875,1972.982088,139.301026,71.909609
GP (untuned),gp_untuned,1,125,True,,0.6747448320206919,0.050003,4.135401,0.28,0.318552,5656.057913,127.736441,111.447812
GP (untuned),gp_untuned,1,126,True,,0.7640618289886905,0.049273,3.885396,0.28,0.4,5391.13342,141.934846,82.407855
GP (untuned),gp_untuned,1,127,True,,0.5282243504569698,0.049621,3.860563,0.28,0.376905,1787.139156,129.671397,78.692515
GP (untuned),gp_untuned,1,128,True,,1.0657860833269353,0.047611,2.211281,0.28,0.287261,5233.589478,149.984868,96.304004
GP (untuned),gp_untuned,1,129,True,,0.47443419496214784,0.050089,3.537209,0.28,0.303699,2845.888142,120.062866,87.492431
GP (untuned),gp_untuned,1,130,True,,0.6414791265121317,0.047579,2.820584,0.28,0.357499,5544.594797,130.866949,70.124979
GP (untuned),gp_untuned,1,131,True,,1.2237051255984663,0.049996,1.202209,0.305778,0.4,4990.176606,117.865202,123.130087
GP (untuned),gp_untuned,1,132,True,,0.686762647963546,0.047727,2.526385,0.28,0.200034,4308.115768,130.8955,150.0
GP (untuned),gp_untuned,1,133,True,,0.5167833479762511,0.048507,4.026501,0.28,0.235191,5476.244798,117.535935,47.195847
GP (untuned),gp_untuned,1,134,True,,1.1039981139816175,0.050459,5.040305,0.28,0.32263,2655.543628,161.451742,84.333713
GP (untuned),gp_untuned,1,135,True,,0.4099490828504087,0.048559,3.418874,0.28,0.266579,1698.436323,122.667981,74.470368
GP (untuned),gp_untuned,1,136,True,,0.8547896292569965,0.050294,4.586133,0.28,0.4,6000.0,130.39676,100.173419
GP (untuned),gp_untuned,1,137,True,,1.2741718830386386,0.049276,1.0,0.28,0.396797,6000.0,143.699769,120.66046
GP (untuned),gp_untuned,1,138,True,,0.7532240332739945,0.049554,3.809168,0.284041,0.4,6000.0,115.724548,66.166496
GP (untuned),gp_untuned,1,139,True,,0.8308322628825294,0.047749,2.742727,0.28,0.342897,3264.68431,149.790451,130.633895
GP (untuned),gp_untuned,1,140,True,,0.878427489681826,0.047786,4.586026,0.28,0.342736,6000.0,135.736423,31.286968
GP (untuned),gp_untuned,1,141,True,,1.791143895572735,0.046911,1.0,0.28,0.209639,6000.0,128.329665,132.725078
GP (untuned),gp_untuned,1,142,True,,0.6047945342816989,0.047391,4.151341,0.28,0.227913,4498.240096,129.451024,150.0
GP (untuned),gp_untuned,1,143,True,,0.5353691809317298,0.048157,3.941683,0.28,0.233672,5690.907165,125.789944,73.635191
GP (untuned),gp_untuned,1,144,True,,0.9643264012089668,0.047384,2.23585,0.302174,0.2,2279.00153,103.339569,150.0
GP (untuned),gp_untuned,1,145,True,,0.7888632832746884,0.049876,2.736788,0.28,0.293834,2811.241094,112.566156,135.577697
GP (untuned),gp_untuned,1,146,True,,0.7529041795586833,0.049112,5.03903,0.284677,0.35801,4125.860134,124.921045,95.906776
GP (untuned),gp_untuned,1,147,True,,0.6311086026007423,0.048398,2.904436,0.28,0.339421,5184.955199,130.256953,54.723993
GP (untuned),gp_untuned,1,148,True,,0.3528262710250207,0.048691,3.213289,0.28,0.252497,3485.149852,125.195001,91.712477
GP (untuned),gp_untuned,1,149,True,,1.0738633115639082,0.050368,4.909067,0.28,0.312115,2739.245378,121.200614,40.115492
GP (untuned),gp_untuned,1,150,True,,0.8918093647355704,0.05026,2.75898,0.283726,0.30099,3024.441093,102.566868,109.986105
GP (untuned),gp_untuned,2,1,False,blowup,,0.002345,2.295575,0.438362,0.389546,3114.594942,110.450962,27.391868
GP (untuned),gp_untuned,2,2,False,blowup,,0.003055,5.429164,0.419099,0.336605,3191.942552,135.745713,109.364364
GP (untuned),gp_untuned,2,3,True,,3.9133005380472143,0.042937,2.238892,0.444838,0.259404,2012.065369,91.038365,31.35042
GP (untuned),gp_untuned,2,4,False,blowup,,0.002569,6.372438,0.378142,0.233565,2457.839664,124.52399,99.868596
GP (untuned),gp_untuned,2,5,False,blowup,,0.00226,7.935964,0.300312,0.229713,5172.773789,128.404958,36.504139
GP (untuned),gp_untuned,2,6,False,blowup,,0.002321,6.664227,0.340125,0.293568,1935.370253,155.829037,123.05007
GP (untuned),gp_untuned,2,7,False,blowup,,0.002293,2.546987,0.406927,0.286308,5374.500996,169.413364,77.936777
GP (untuned),gp_untuned,2,8,False,blowup,,0.002579,7.722196,0.352424,0.264575,4666.807981,168.599714,108.1265
GP (untuned),gp_untuned,2,9,True,,6.1179447640552524,0.045768,5.015497,0.346969,0.385309,431.048749,149.207357,56.584276
GP (untuned),gp_untuned,2,10,False,blowup,,0.002311,3.543281,0.365545,0.353498,5521.063196,158.504961,64.703234
GP (untuned),gp_untuned,2,11,True,,4.276205559357476,0.04264,1.0,0.332455,0.4,1395.278669,80.0,150.0
GP (untuned),gp_untuned,2,12,True,,3.7296979601526203,0.042724,2.180502,0.443425,0.259229,1929.259874,90.177977,34.801902
GP (untuned),gp_untuned,2,13,True,,3.087478480505255,0.042489,2.222181,0.45,0.2,558.638555,80.0,5.0
GP (untuned),gp_untuned,2,14,False,blowup,,0.002303,1.0,0.342834,0.4,6000.0,80.34906,150.0
GP (untuned),gp_untuned,2,15,True,,1.9264805870356245,0.042685,1.862712,0.45,0.208971,738.457527,80.0,5.0
GP (untuned),gp_untuned,2,16,False,blowup,,0.002263,4.671412,0.45,0.308812,577.429499,114.975964,5.0
GP (untuned),gp_untuned,2,17,True,,0.7928244130145894,0.043826,4.940279,0.28,0.4,6000.0,125.462477,150.0
GP (untuned),gp_untuned,2,18,True,,4.3892118612520505,0.041624,4.499442,0.45,0.236388,400.0,80.0,5.0
GP (untuned),gp_untuned,2,19,True,,1.1573187976173795,0.04353,3.551226,0.28,0.4,4319.22696,172.143161,82.970098
GP (untuned),gp_untuned,2,20,True,,3.579356896689998,0.043518,8.0,0.28,0.4,400.0,175.0,5.0
GP (untuned),gp_untuned,2,21,True,,2.4627131252814505,0.042807,1.0,0.45,0.216058,451.241972,80.0,5.333303
GP (untuned),gp_untuned,2,22,True,,0.5931059626884687,0.044649,3.911677,0.28,0.4,5937.940046,126.193403,128.752673
GP (untuned),gp_untuned,2,23,True,,0.7146633754547913,0.044573,3.884826,0.28,0.4,6000.0,114.003132,150.0
GP (untuned),gp_untuned,2,24,True,,0.608884296820231,0.044355,4.063983,0.28,0.4,5990.493327,131.269428,121.753029
GP (untuned),gp_untuned,2,25,False,min_image,,0.0,5.966205,0.28,0.4,6000.0,80.0,150.0
GP (untuned),gp_untuned,2,26,True,,1.3622764949079218,0.044321,6.312944,0.28,0.4,5807.7466,116.379104,109.667347
GP (untuned),gp_untuned,2,27,True,,0.6715892671233286,0.043868,3.317094,0.28,0.4,5439.645993,127.687421,135.471531
GP (untuned),gp_untuned,2,28,True,,3.3102969960267945,0.042876,1.0,0.45,0.224046,1081.697413,80.0,9.724558
GP (untuned),gp_untuned,2,29,True,,3.399490835909065,0.043986,7.498733,0.335253,0.4,6000.0,128.309229,150.0
GP (untuned),gp_untuned,2,30,True,,0.8924750161226819,0.044066,3.776967,0.28,0.4,6000.0,122.260669,150.0
GP (untuned),gp_untuned,2,31,True,,0.8636955040379117,0.044033,3.031795,0.28,0.399999,3081.921745,146.733337,143.727943
GP (untuned),gp_untuned,2,32,True,,0.9050110127136292,0.044043,3.186022,0.28,0.4,5741.971637,162.486496,114.292885
GP (untuned),gp_untuned,2,33,True,,0.6461795609329568,0.044144,3.333114,0.280026,0.4,6000.0,118.698778,120.986173
GP (untuned),gp_untuned,2,34,True,,0.9883052054596162,0.044301,3.696218,0.28,0.4,5955.085487,92.99353,121.249849
GP (untuned),gp_untuned,2,35,True,,1.0792197654006752,0.04404,3.237239,0.28,0.354821,5904.275422,106.501023,43.243468
GP (untuned),gp_untuned,2,36,True,,0.9535182130727732,0.044073,3.751061,0.28,0.4,6000.0,175.0,129.301801
GP (untuned),gp_untuned,2,37,True,,0.8492509958498436,0.043968,4.028514,0.28,0.2,6000.0,112.257909,150.0
GP (untuned),gp_untuned,2,38,True,,1.5335970422734606,0.044603,1.0,0.28,0.4,4306.624117,161.688461,150.0
GP (untuned),gp_untuned,2,39,False,blowup,,0.0026,2.815218,0.28,0.4,5679.237384,142.435741,150.0
GP (untuned),gp_untuned,2,40,True,,0.6791605945084547,0.044635,3.546489,0.28,0.4,6000.0,121.865504,137.372822
GP (untuned),gp_untuned,2,41,True,,0.7022195098490283,0.044361,2.52907,0.28,0.378081,5022.453362,128.734242,144.664877
GP (untuned),gp_untuned,2,42,True,,0.5683520746293319,0.044331,2.003193,0.28,0.4,6000.0,129.427225,118.616095
GP (untuned),gp_untuned,2,43,True,,1.4038595715519009,0.044375,1.0,0.28,0.346553,5121.102446,111.73998,150.0
GP (untuned),gp_untuned,2,44,True,,0.7764337057430571,0.044535,2.799317,0.28,0.4,6000.0,134.110577,67.880398
GP (untuned),gp_untuned,2,45,True,,0.6973273227233743,0.04517,3.501298,0.28,0.351632,5467.695211,120.667287,36.293289
GP (untuned),gp_untuned,2,46,True,,0.7369976650737098,0.044659,4.055574,0.28,0.399533,6000.0,130.03958,27.771169
GP (untuned),gp_untuned,2,47,True,,1.8244552663932927,0.044695,1.773281,0.28,0.367007,6000.0,80.341414,70.240004
GP (untuned),gp_untuned,2,48,True,,1.115663830203828,0.044362,6.31443,0.28,0.314728,6000.0,136.917907,60.820431
GP (untuned),gp_untuned,2,49,True,,1.39133094430075,0.045559,2.678846,0.28,0.363766,5908.849209,175.0,5.0
GP (untuned),gp_untuned,2,50,True,,0.809465867751579,0.045073,4.210604,0.28,0.268928,6000.0,138.242389,149.280567
GP (untuned),gp_untuned,2,51,True,,1.911014142561002,0.044704,1.228005,0.305802,0.4,3637.544101,109.304695,5.0
GP (untuned),gp_untuned,2,52,True,,2.578365443052353,0.045435,7.406313,0.28,0.4,5440.822288,173.544189,5.971879
GP (untuned),gp_untuned,2,53,False,min_image,,0.0,1.0,0.45,0.320592,400.0,175.0,59.653655
GP (untuned),gp_untuned,2,54,True,,32.474510164420906,0.04422,1.0,0.45,0.355944,6000.0,80.0,90.826018
GP (untuned),gp_untuned,2,55,True,,1.411491423595832,0.04511,3.359258,0.28,0.216921,2166.397361,80.0,150.0
GP (untuned),gp_untuned,2,56,True,,0.7985855904536416,0.045016,5.432386,0.280209,0.4,5540.81636,127.159902,123.196523
GP (untuned),gp_untuned,2,57,True,,3.8834649864396638,0.043686,1.0,0.45,0.225486,1438.928929,80.0,8.009823
GP (untuned),gp_untuned,2,58,True,,1.1334507943826297,0.045349,3.006987,0.282096,0.350179,5475.991277,92.428132,136.30807
GP (untuned),gp_untuned,2,59,True,,0.6669665372868476,0.044981,3.983419,0.281283,0.4,5869.091212,131.285041,150.0
GP (untuned),gp_untuned,2,60,True,,1.014003188944092,0.04566,4.106122,0.290632,0.4,2710.356851,152.776392,150.0
GP (untuned),gp_untuned,2,61,False,blowup,,0.007292,1.985568,0.45,0.249652,400.0,80.0,91.808714
GP (untuned),gp_untuned,2,62,True,,2.289755737248249,0.044717,3.029845,0.436004,0.239379,400.0,93.777054,5.0
GP (untuned),gp_untuned,2,63,True,,1.2829888174156874,0.04517,1.001534,0.28,0.288059,6000.0,130.705338,31.495305
GP (untuned),gp_untuned,2,64,True,,1.019918461572767,0.046269,3.245298,0.28,0.4,6000.0,165.787241,55.011235
GP (untuned),gp_untuned,2,65,True,,1.1590045587609994,0.046472,4.343892,0.28,0.4,5221.013076,146.742163,150.0
GP (untuned),gp_untuned,2,66,True,,0.8825882234125088,0.045616,2.914571,0.28,0.4,6000.0,142.510513,150.0
GP (untuned),gp_untuned,2,67,True,,1.135278969616193,0.046122,1.4136,0.28,0.4,6000.0,169.062251,48.194613
GP (untuned),gp_untuned,2,68,True,,1.6830246818617343,0.045167,6.903171,0.300076,0.351119,6000.0,150.417334,150.0
GP (untuned),gp_untuned,2,69,True,,1.375744095927227,0.04634,5.7342,0.294574,0.4,6000.0,137.786807,60.668385
GP (untuned),gp_untuned,2,70,True,,0.7338967145558442,0.045884,4.94139,0.28,0.340271,6000.0,123.755388,80.273979
GP (untuned),gp_untuned,2,71,True,,2.7881606512111454,0.046176,5.39966,0.28,0.333995,6000.0,80.0,5.0
GP (untuned),gp_untuned,2,72,True,,3.5145617010057557,0.045383,3.593163,0.429318,0.2,909.99672,92.718437,5.0
GP (untuned),gp_untuned,2,73,False,min_image,,0.0,2.7536,0.45,0.389545,400.0,175.0,5.0
GP (untuned),gp_untuned,2,74,True,,1.4307189180828985,0.046292,1.377805,0.28,0.4,6000.0,91.228659,18.83287
GP (untuned),gp_untuned,2,75,True,,0.8461542548787007,0.047125,1.954624,0.28,0.4,6000.0,160.103313,56.064493
GP (untuned),gp_untuned,2,76,True,,1.629563768719157,0.046885,5.684423,0.296884,0.4,6000.0,169.397596,46.292042
GP (untuned),gp_untuned,2,77,True,,0.8905232238879055,0.047566,2.142763,0.28,0.4,5478.872022,137.687992,72.904001
GP (untuned),gp_untuned,2,78,False,min_image,,0.0,1.0,0.28,0.2,6000.0,80.0,5.0
GP (untuned),gp_untuned,2,79,True,,0.7145096774148814,0.046516,4.75192,0.28,0.268161,6000.0,111.739817,42.121805
GP (untuned),gp_untuned,2,80,True,,1.858782550396095,0.046637,2.513909,0.28,0.274263,6000.0,141.425225,5.0
GP (untuned),gp_untuned,2,81,True,,1.536139521894622,0.046725,5.860701,0.28,0.302206,6000.0,85.766309,81.350371
GP (untuned),gp_untuned,2,82,True,,1.0253650808868802,0.046819,3.001925,0.28,0.4,400.0,146.128139,112.229599
GP (untuned),gp_untuned,2,83,True,,0.630715026710919,0.047278,3.269119,0.28,0.31437,6000.0,135.137881,127.459433
GP (untuned),gp_untuned,2,84,True,,1.2191699300426784,0.047882,3.440171,0.28,0.368495,6000.0,154.645161,106.620512
GP (untuned),gp_untuned,2,85,True,,0.8444868080835802,0.047393,2.842132,0.28,0.4,5536.619961,141.564324,150.0
GP (untuned),gp_untuned,2,86,True,,0.6998846955931503,0.049522,4.047489,0.28,0.365775,5628.053752,138.456764,128.985714
GP (untuned),gp_untuned,2,87,True,,0.9585089767823562,0.047971,1.333679,0.28,0.4,6000.0,133.392653,65.591871
GP (untuned),gp_untuned,2,88,True,,0.9713052123020508,0.047684,2.109762,0.301433,0.4,400.0,165.353627,58.966807
GP (untuned),gp_untuned,2,89,True,,1.5167094716080396,0.047774,1.0,0.294552,0.362041,6000.0,175.0,62.220498
GP (untuned),gp_untuned,2,90,True,,1.7096661435925768,0.047444,5.022971,0.306629,0.39798,400.0,134.018725,101.778056
GP (untuned),gp_untuned,2,91,True,,1.2578504732938438,0.048016,4.046885,0.28,0.384322,400.0,119.474137,25.5025
GP (untuned),gp_untuned,2,92,True,,2.2454934669393727,0.048473,6.292218,0.28,0.4,400.0,169.81866,65.289493
GP (untuned),gp_untuned,2,93,True,,0.6199999260121893,0.047751,4.534106,0.28,0.227843,6000.0,135.415212,36.980711
GP (untuned),gp_untuned,2,94,True,,0.8416036354783113,0.047944,3.885854,0.28,0.355249,6000.0,120.904708,48.40284
GP (untuned),gp_untuned,2,95,True,,0.7214986250060775,0.047842,3.643179,0.28,0.2,6000.0,133.518718,97.707508
GP (untuned),gp_untuned,2,96,True,,0.8479164501122045,0.047925,4.864491,0.28,0.22617,6000.0,126.596792,28.979937
GP (untuned),gp_untuned,2,97,True,,1.245622993201405,0.048248,2.649525,0.321824,0.4,3544.78161,175.0,22.524043
GP (untuned),gp_untuned,2,98,False,blowup,,0.011382,5.182237,0.437281,0.213535,400.0,175.0,5.0
GP (untuned),gp_untuned,2,99,True,,0.7278042244033798,0.048279,2.785504,0.28,0.271098,6000.0,128.055282,79.823179
GP (untuned),gp_untuned,2,100,True,,0.6817187828011875,0.048035,3.993242,0.28,0.242933,4982.37697,132.218752,44.343709
GP (untuned),gp_untuned,2,101,True,,1.2579717161755286,0.048613,1.0,0.28,0.309869,6000.0,123.859917,72.522028
GP (untuned),gp_untuned,2,102,True,,6.105882952763387,0.047978,1.0,0.417011,0.369714,3629.639316,80.0,5.0
GP (untuned),gp_untuned,2,103,True,,0.7340503440171074,0.048616,3.067351,0.28,0.4,5802.12545,131.931263,118.218129
GP (untuned),gp_untuned,2,104,True,,1.06276671568905,0.048938,2.377251,0.326615,0.4,400.0,174.991609,20.734568
GP (untuned),gp_untuned,2,105,True,,0.7646292225030455,0.049351,3.147851,0.293021,0.4,6000.0,134.510056,55.516047
GP (untuned),gp_untuned,2,106,True,,2.2738363294308543,0.04817,1.0,0.421114,0.276825,400.0,80.0,5.0
GP (untuned),gp_untuned,2,107,True,,0.8293960333454503,0.048042,2.925237,0.28,0.207632,6000.0,120.864821,150.0
GP (untuned),gp_untuned,2,108,True,,0.832752463608863,0.048857,3.690129,0.28,0.396714,6000.0,132.346787,41.231621
GP (untuned),gp_untuned,2,109,True,,1.9351063999473084,0.048839,3.630477,0.28,0.311846,6000.0,143.20557,5.0
GP (untuned),gp_untuned,2,110,True,,0.48472130962374566,0.048091,3.573933,0.28,0.4,6000.0,123.222545,56.325903
GP (untuned),gp_untuned,2,111,True,,0.937521389523787,0.047941,2.859461,0.28,0.2,6000.0,136.337119,105.087868
GP (untuned),gp_untuned,2,112,True,,1.6932658879179345,0.04871,6.408084,0.28,0.386808,2312.934421,87.454043,150.0
GP (untuned),gp_untuned,2,113,True,,0.5359220845822213,0.04912,3.309002,0.324541,0.352347,6000.0,159.54205,83.04643
GP (untuned),gp_untuned,2,114,True,,0.889841437213574,0.049221,3.257898,0.321488,0.4,6000.0,154.965815,78.257979
GP (untuned),gp_untuned,2,115,True,,0.7585801938007481,0.049001,3.34978,0.328603,0.352185,6000.0,167.987651,85.937579
GP (untuned),gp_untuned,2,116,True,,0.8923365550001217,0.049491,4.007196,0.319704,0.395272,5724.254427,147.840844,115.165721
GP (untuned),gp_untuned,2,117,True,,1.0544537072617244,0.049432,4.231888,0.330227,0.4,6000.0,174.985283,39.555641
GP (untuned),gp_untuned,2,118,True,,1.5413501068772892,0.047282,1.0,0.28,0.2,6000.0,136.588761,150.0
GP (untuned),gp_untuned,2,119,True,,1.117758671823694,0.048827,2.503449,0.318876,0.4,6000.0,162.234908,127.663035
GP (untuned),gp_untuned,2,120,True,,0.6719022765996713,0.048743,3.616813,0.329602,0.328407,4512.587129,139.893833,72.05118
GP (untuned),gp_untuned,2,121,True,,0.7602745694659321,0.048205,4.505085,0.28,0.268523,6000.0,140.819036,143.766467
GP (untuned),gp_untuned,2,122,True,,1.2327516238598257,0.04916,2.988046,0.335215,0.375164,1280.189587,152.734189,81.627395
GP (untuned),gp_untuned,2,123,True,,1.1314381965297668,0.048312,3.987906,0.321341,0.254513,6000.0,149.792653,72.291289
GP (untuned),gp_untuned,2,124,True,,2.4926981449316226,0.048183,1.650446,0.28,0.4,1455.073016,129.356623,128.020971
GP (untuned),gp_untuned,2,125,True,,0.6255224137778631,0.048159,3.875394,0.28,0.309829,5236.531007,111.575347,49.488971
GP (untuned),gp_untuned,2,126,True,,2.1249689407469057,0.049463,3.035641,0.332046,0.4,5171.488046,155.997506,78.815275
GP (untuned),gp_untuned,2,127,True,,2.44633308478993,0.048807,4.09784,0.32992,0.337924,400.0,161.012429,64.699649
GP (untuned),gp_untuned,2,128,True,,1.928697747700441,0.049241,1.0,0.324409,0.392315,498.067739,137.390591,9.722894
GP (untuned),gp_untuned,2,129,True,,0.9270602592403233,0.047877,2.472175,0.28,0.4,1872.202241,153.874333,84.371373
GP (untuned),gp_untuned,2,130,True,,1.1037414334142444,0.048778,2.467543,0.319676,0.4,2845.404061,172.76149,78.909983
GP (untuned),gp_untuned,2,131,True,,1.5733338090624522,0.048115,1.089879,0.28,0.4,400.0,175.0,63.939866
GP (untuned),gp_untuned,2,132,True,,0.4524011833439586,0.047912,3.477594,0.28,0.4,6000.0,129.683309,55.408485
GP (untuned),gp_untuned,2,133,True,,2.3535539146064632,0.047984,2.962066,0.28,0.358523,6000.0,166.329338,150.0
GP (untuned),gp_untuned,2,134,True,,0.578819049329147,0.048222,3.322923,0.28,0.383625,3963.890737,124.067673,69.779187
GP (untuned),gp_untuned,2,135,True,,0.4071668438975299,0.047583,3.617596,0.28,0.329088,6000.0,132.59593,68.397
GP (untuned),gp_untuned,2,136,True,,2.023304623402388,0.047434,3.88827,0.28,0.348573,3122.085745,101.010383,6.130238
GP (untuned),gp_untuned,2,137,True,,1.4193517285515793,0.04953,2.299732,0.326127,0.4,400.0,175.0,5.0
GP (untuned),gp_untuned,2,138,True,,0.7279028283144457,0.048816,3.057602,0.28,0.4,3760.020465,134.90875,79.885892
GP (untuned),gp_untuned,2,139,False,min_image,,0.0,8.0,0.45,0.4,6000.0,80.0,150.0
GP (untuned),gp_untuned,2,140,True,,0.723778054796348,0.048776,2.006182,0.317633,0.309206,400.0,135.712412,106.455913
GP (untuned),gp_untuned,2,141,True,,0.5163954216749728,0.048622,2.760674,0.305181,0.4,2244.910596,134.00207,83.751306
GP (untuned),gp_untuned,2,142,True,,0.4751651062006435,0.048466,2.926812,0.304032,0.36586,3397.951695,129.716921,108.953854
GP (untuned),gp_untuned,2,143,True,,0.6342531722922947,0.04807,3.919469,0.28,0.341759,6000.0,113.378291,76.941194
GP (untuned),gp_untuned,2,144,True,,0.2994648766291228,0.048458,2.765471,0.304732,0.381683,2921.833382,128.257638,109.664039
GP (untuned),gp_untuned,2,145,True,,0.4591890903091958,0.048636,2.489462,0.308169,0.395855,2240.875604,124.479117,131.252837
GP (untuned),gp_untuned,2,146,True,,0.2777931121460195,0.048797,2.966234,0.306895,0.4,2871.381099,126.019001,146.286742
GP (untuned),gp_untuned,2,147,True,,0.45981630895583114,0.048608,2.95876,0.307197,0.342991,2895.850065,126.282493,150.0
GP (untuned),gp_untuned,2,148,True,,0.48439591647962993,0.048604,2.999615,0.30842,0.391138,2001.550518,111.611109,133.955057
GP (untuned),gp_untuned,2,149,True,,0.3070624691710054,0.04831,2.875182,0.308936,0.372961,2396.403718,131.019175,128.963447
GP (untuned),gp_untuned,2,150,True,,0.3787132828479499,0.048556,2.90598,0.30811,0.4,2872.887336,126.783257,126.872543
GP (untuned),gp_untuned,3,1,True,,2.762212235566312,0.042651,1.495074,0.422791,0.224266,3588.143434,121.520885,7.718461
GP (untuned),gp_untuned,3,2,False,min_image,,0.0,5.863766,0.304713,0.290634,1607.231247,113.620982,76.432209
GP (untuned),gp_untuned,3,3,False,blowup,,0.003651,3.816525,0.373971,0.261272,3685.071826,106.11741,70.918126
GP (untuned),gp_untuned,3,4,False,blowup,,0.003285,7.251456,0.402132,0.204123,1199.217044,110.904087,122.294735
GP (untuned),gp_untuned,3,5,False,blowup,,0.002435,6.50997,0.401306,0.204624,2168.296581,133.463159,113.482828
GP (untuned),gp_untuned,3,6,True,,15.073120025618763,0.044726,5.638804,0.428082,0.362246,2495.098497,87.144011,115.28388
GP (untuned),gp_untuned,3,7,False,blowup,,0.002479,4.121303,0.341598,0.303219,2961.060189,156.794412,50.861257
GP (untuned),gp_untuned,3,8,True,,2.267843819680471,0.042451,6.782897,0.368673,0.22852,2092.676226,156.667154,51.32678
GP (untuned),gp_untuned,3,9,False,blowup,,0.002415,4.539018,0.436065,0.241393,5584.103593,106.345689,30.529007
GP (untuned),gp_untuned,3,10,True,,0.6760224413835181,0.045705,1.813516,0.29462,0.333125,2245.59959,114.356809,81.286095
GP (untuned),gp_untuned,3,11,False,blowup,,0.002252,7.222486,0.28,0.2,400.0,175.0,5.0
GP (untuned),gp_untuned,3,12,True,,0.9506565607727719,0.045805,1.55155,0.291902,0.329961,1884.351518,109.918567,79.713655
GP (untuned),gp_untuned,3,13,True,,0.9281674074171453,0.045768,1.435594,0.281788,0.332641,2373.094319,117.996903,79.400162
GP (untuned),gp_untuned,3,14,True,,12.938711203406255,0.044538,8.0,0.45,0.334951,4104.218362,103.809,58.153186
GP (untuned),gp_untuned,3,15,True,,0.5000693023966152,0.045772,2.016048,0.30433,0.334955,2599.694783,118.059665,87.433905
GP (untuned),gp_untuned,3,16,False,blowup,,0.003154,2.476386,0.330816,0.339586,3868.222727,135.730051,106.235054
GP (untuned),gp_untuned,3,17,True,,0.7719535447825767,0.045722,2.187297,0.302375,0.291435,2498.699663,117.245502,54.070583
GP (untuned),gp_untuned,3,18,True,,0.6398958017882387,0.046696,1.933262,0.30292,0.357254,2660.278672,118.052993,103.598264
GP (untuned),gp_untuned,3,19,False,min_image,,0.0,1.808549,0.316673,0.239724,995.622561,116.385642,136.60122
GP (untuned),gp_untuned,3,20,True,,0.8578184267693102,0.046555,3.886871,0.303863,0.357613,2609.730698,131.100328,106.051754
GP (untuned),gp_untuned,3,21,True,,1.802670029520453,0.04669,1.0,0.297007,0.4,2682.899847,80.0,150.0
GP (untuned),gp_untuned,3,22,True,,0.8912784736870473,0.046051,1.612682,0.303649,0.357154,743.821536,116.679091,61.60931
GP (untuned),gp_untuned,3,23,True,,1.333439851095509,0.046054,1.571928,0.303276,0.329213,3412.224283,84.618355,39.409235
GP (untuned),gp_untuned,3,24,True,,0.9686465633405945,0.045333,2.050253,0.295876,0.258088,6000.0,136.794427,45.89429
GP (untuned),gp_untuned,3,25,True,,1.325042503770833,0.045232,1.094693,0.302804,0.279722,5889.780916,110.03695,83.820831
GP (untuned),gp_untuned,3,26,True,,0.8561536048163771,0.046348,3.395672,0.302236,0.399331,2021.089556,115.602081,84.485093
GP (untuned),gp_untuned,3,27,True,,0.7910894760075532,0.045853,1.510314,0.302188,0.334794,1763.992897,120.608894,83.848967
GP (untuned),gp_untuned,3,28,True,,0.5959780885091047,0.045678,2.177005,0.303916,0.333304,1918.294896,137.705169,95.4298
GP (untuned),gp_untuned,3,29,True,,0.9657164623894732,0.045289,2.192713,0.304017,0.24505,890.107696,115.95898,102.569647
GP (untuned),gp_untuned,3,30,False,blowup,,0.002645,2.512277,0.301348,0.351653,2728.12078,135.144608,149.011755
GP (untuned),gp_untuned,3,31,True,,0.6105456599722716,0.046083,3.157476,0.300496,0.393042,1904.956473,128.386877,95.604712
GP (untuned),gp_untuned,3,32,True,,1.3628219120635094,0.045256,4.259857,0.287257,0.4,4486.082323,80.0,129.686905
GP (untuned),gp_untuned,3,33,True,,1.259565633630831,0.044515,6.096571,0.298425,0.4,2076.134478,124.20478,53.294981
GP (untuned),gp_untuned,3,34,True,,0.5748804593646775,0.046379,2.765464,0.301162,0.4,716.967478,129.225555,93.764784
GP (untuned),gp_untuned,3,35,True,,5.31575377197295,0.043117,5.228468,0.387793,0.284957,5121.246286,150.759084,5.0
GP (untuned),gp_untuned,3,36,True,,1.2924296687485164,0.045053,5.434855,0.303011,0.4,1036.927291,129.656756,93.611927
GP (untuned),gp_untuned,3,37,True,,0.9022816833604497,0.046778,2.217716,0.30169,0.312565,760.852095,128.943003,94.230791
GP (untuned),gp_untuned,3,38,True,,0.959381112143141,0.0464,1.26095,0.298549,0.4,1618.248282,124.02523,54.255126
GP (untuned),gp_untuned,3,39,True,,1.8297602945531113,0.045655,7.581332,0.292428,0.329186,4512.59402,112.817791,47.928399
GP (untuned),gp_untuned,3,40,True,,0.5428384759799025,0.045982,1.985827,0.305992,0.359084,2344.651372,132.154303,47.435534
GP (untuned),gp_untuned,3,41,True,,1.6318068831383743,0.046563,7.130093,0.300799,0.369554,1587.604573,129.385514,92.97063
GP (untuned),gp_untuned,3,42,True,,1.315318630655779,0.04423,1.0,0.305577,0.4,4997.640915,130.194642,48.196243
GP (untuned),gp_untuned,3,43,False,min_image,,0.0,1.553118,0.305601,0.289211,1788.163247,130.880118,46.970201
GP (untuned),gp_untuned,3,44,True,,0.613201742056274,0.045578,1.702422,0.303582,0.288737,2980.980572,125.935149,49.962715
GP (untuned),gp_untuned,3,45,True,,1.2899201415378694,0.047326,1.0,0.299817,0.4,477.662439,129.56942,95.981181
GP (untuned),gp_untuned,3,46,False,blowup,,0.004045,1.0,0.30161,0.397324,3356.450328,129.117155,95.892984
GP (untuned),gp_untuned,3,47,True,,0.9093006801293761,0.046317,2.17799,0.302728,0.26393,2517.265698,119.339132,95.999669
GP (untuned),gp_untuned,3,48,True,,0.8461548464460481,0.046436,2.28894,0.303692,0.270786,2553.571477,118.527814,89.275936
GP (untuned),gp_untuned,3,49,True,,0.7538108174075262,0.047156,1.832671,0.302747,0.4,2577.69044,118.000737,96.538104
GP (untuned),gp_untuned,3,50,False,blowup,,0.003281,7.351467,0.305667,0.20843,1978.796443,131.534178,51.478088
GP (untuned),gp_untuned,3,51,True,,0.6018469946803828,0.046476,1.708245,0.304717,0.362347,2377.790592,129.566813,48.137041
GP (untuned),gp_untuned,3,52,True,,0.4892407500197706,0.047025,2.159613,0.302743,0.354202,2556.956277,117.110076,99.312334
GP (untuned),gp_untuned,3,53,True,,0.7759195623803905,0.046991,1.585952,0.304868,0.368933,2365.220315,131.66572,48.368282
GP (untuned),gp_untuned,3,54,True,,0.9119383846682216,0.046138,1.294386,0.300203,0.292908,2805.436884,118.641426,50.549363
GP (untuned),gp_untuned,3,55,False,blowup,,0.002627,2.451392,0.299034,0.341688,788.697227,128.50164,90.704141
GP (untuned),gp_untuned,3,56,True,,1.0511128916240793,0.046898,1.272191,0.306076,0.369073,2389.220958,131.363476,47.9719
GP (untuned),gp_untuned,3,57,True,,0.6252490131315508,0.0474,2.516086,0.297903,0.351249,803.215857,127.084768,89.748051
GP (untuned),gp_untuned,3,58,True,,0.7623173989283069,0.046321,2.06504,0.299615,0.294731,2839.247502,120.82528,47.60518
GP (untuned),gp_untuned,3,59,True,,1.0391311852592535,0.046384,1.0,0.288876,0.328739,2631.96095,128.738612,43.54408
GP (untuned),gp_untuned,3,60,True,,0.7464031981427197,0.046203,2.798984,0.282704,0.301178,5554.441066,108.648888,48.690812
GP (untuned),gp_untuned,3,61,True,,0.347634891303903,0.047201,2.789521,0.3037,0.4,2152.335384,130.458841,54.684793
GP (untuned),gp_untuned,3,62,True,,1.2298693769280193,0.047625,1.0,0.297794,0.375371,741.397607,116.1,79.964991
GP (untuned),gp_untuned,3,63,True,,0.4531424790805383,0.047379,2.948635,0.303678,0.4,2128.962412,133.412518,56.336261
GP (untuned),gp_untuned,3,64,True,,0.8522697176168627,0.046819,1.360377,0.316665,0.252094,3246.1495,117.505747,38.053151
GP (untuned),gp_untuned,3,65,True,,1.7077515355422284,0.046422,5.803394,0.28,0.368305,5088.940907,80.0,113.738846
GP (untuned),gp_untuned,3,66,True,,0.722804416757204,0.047849,2.733389,0.300294,0.368851,2482.01251,116.853501,98.761987
GP (untuned),gp_untuned,3,67,True,,0.29802897654954236,0.047476,2.723282,0.304069,0.399988,2170.910016,127.435078,53.811059
GP (untuned),gp_untuned,3,68,True,,1.0488814576753591,0.04592,2.297114,0.28,0.314834,4980.323398,110.866605,22.882167
GP (untuned),gp_untuned,3,69,True,,0.38163911054465416,0.04778,2.80336,0.304655,0.4,2207.165216,123.767688,54.880296
GP (untuned),gp_untuned,3,70,True,,0.3116090044364502,0.048788,2.717714,0.304917,0.4,2141.089786,125.3286,52.503969
GP (untuned),gp_untuned,3,71,True,,0.8235817972039352,0.050649,3.804464,0.294886,0.4,600.238095,132.046058,90.967401
GP (untuned),gp_untuned,3,72,False,blowup,,0.003207,4.442493,0.309627,0.4,2220.724249,139.803313,90.814575
GP (untuned),gp_untuned,3,73,True,,0.845300550550253,0.048134,2.051381,0.289629,0.324279,1691.67409,137.285193,87.202141
GP (untuned),gp_untuned,3,74,True,,1.9732616725574526,0.047766,3.557391,0.354097,0.347959,2192.712009,129.575126,104.064061
GP (untuned),gp_untuned,3,75,True,,0.7067480769724093,0.048244,3.530137,0.300219,0.349265,2199.938766,129.446397,104.276443
GP (untuned),gp_untuned,3,76,True,,0.7263068079594525,0.048345,2.867138,0.301138,0.324869,1794.325554,125.782639,96.405495
GP (untuned),gp_untuned,3,77,True,,1.0327428497872873,0.048137,4.250909,0.303893,0.398183,2074.063626,132.286483,53.743067
GP (untuned),gp_untuned,3,78,True,,0.9603428696964355,0.048836,4.229999,0.304309,0.384976,2287.974512,128.239028,96.477852
GP (untuned),gp_untuned,3,79,True,,0.8824894194379539,0.048178,1.975516,0.303306,0.216624,2517.307264,113.953303,101.860414
GP (untuned),gp_untuned,3,80,True,,0.6822592408994232,0.04851,2.114254,0.311178,0.300255,1746.993746,136.171885,91.191964
GP (untuned),gp_untuned,3,81,True,,0.45443296515492204,0.048099,2.848408,0.300118,0.207365,2226.70126,132.009673,48.972827
GP (untuned),gp_untuned,3,82,True,,0.7302050548107155,0.047568,5.055871,0.28,0.360577,1845.912285,122.64914,59.859436
GP (untuned),gp_untuned,3,83,True,,0.4734487398268786,0.048241,1.954773,0.291966,0.396287,5967.847241,134.815716,33.128099
GP (untuned),gp_untuned,3,84,True,,0.5669065225051848,0.048792,3.959142,0.28,0.245839,2246.374761,129.590633,106.072203
GP (untuned),gp_untuned,3,85,True,,0.662701942374287,0.048578,2.198652,0.314492,0.399056,2744.704289,130.787202,41.824838
GP (untuned),gp_untuned,3,86,True,,0.5550760973267466,0.049106,2.125132,0.299136,0.38303,1427.421945,136.90998,99.251051
GP (untuned),gp_untuned,3,87,False,blowup,,0.007749,6.751686,0.28,0.321181,1209.014427,127.230654,103.101797
GP (untuned),gp_untuned,3,88,True,,1.6969958763649413,0.049307,6.913169,0.308426,0.320615,1733.37467,129.04691,96.392918
GP (untuned),gp_untuned,3,89,False,blowup,,0.003524,4.158929,0.301631,0.358263,5952.444313,154.66577,98.569912
GP (untuned),gp_untuned,3,90,False,blowup,,0.004111,6.992283,0.310022,0.24759,1941.598267,126.663154,90.272214
GP (untuned),gp_untuned,3,91,True,,0.6557981954620151,0.049538,2.911401,0.296411,0.373386,1870.29772,126.025862,96.117236
GP (untuned),gp_untuned,3,92,True,,0.7345808735941045,0.048586,4.575958,0.28,0.4,1693.714397,123.371549,63.736302
GP (untuned),gp_untuned,3,93,True,,0.7594646855813737,0.049421,4.048243,0.305737,0.34678,2370.989,129.351287,96.993513
GP (untuned),gp_untuned,3,94,True,,0.9142352030611971,0.050026,4.377336,0.298879,0.377567,2164.344616,130.788726,100.618183
GP (untuned),gp_untuned,3,95,True,,0.5660085589363624,0.049845,3.816169,0.283683,0.376359,2536.436234,129.332,23.076762
GP (untuned),gp_untuned,3,96,True,,0.4853881587485378,0.04949,2.067267,0.290172,0.369783,5926.32314,134.632536,24.218224
GP (untuned),gp_untuned,3,97,False,blowup,,0.010861,2.647658,0.302782,0.260086,701.584045,129.867804,92.983955
GP (untuned),gp_untuned,3,98,True,,0.3808996729537719,0.049592,2.750402,0.28,0.245569,2342.772313,127.751895,106.080634
GP (untuned),gp_untuned,3,99,True,,0.6995487995378267,0.050344,4.480239,0.28,0.328917,2818.082704,128.565138,88.499214
GP (untuned),gp_untuned,3,100,True,,0.5334065611115572,0.049276,2.706467,0.294239,0.213251,2431.670568,131.905899,45.436744
GP (untuned),gp_untuned,3,101,True,,0.8506792304067992,0.052364,2.393327,0.295229,0.311568,1764.147371,132.361154,98.001388
GP (untuned),gp_untuned,3,102,True,,0.5631984862936745,0.051468,2.918501,0.299712,0.390327,1751.492846,126.960939,97.141614
GP (untuned),gp_untuned,3,103,False,blowup,,0.010339,4.020246,0.301664,0.348508,494.427667,125.515057,102.187645
GP (untuned),gp_untuned,3,104,True,,0.57203185145721,0.053111,2.344009,0.297766,0.366711,850.900816,127.429378,88.010251
GP (untuned),gp_untuned,3,105,True,,0.5725126377249219,0.051492,2.288244,0.295052,0.39438,878.472274,127.374631,88.051241
GP (untuned),gp_untuned,3,106,True,,1.0020792460676162,0.052257,1.749967,0.301383,0.262901,1002.981336,115.29529,92.185174
GP (untuned),gp_untuned,3,107,True,,0.5499453781822471,0.050342,3.218116,0.28,0.285291,2278.298348,130.847562,77.7182
GP (untuned),gp_untuned,3,108,True,,0.575985232266524,0.050935,2.266567,0.298978,0.352846,858.096319,127.646554,88.663557
GP (untuned),gp_untuned,3,109,True,,0.6297045921083246,0.049934,1.765077,0.289032,0.3742,6000.0,132.180745,23.34167
GP (untuned),gp_untuned,3,110,True,,0.43931516731967574,0.049682,2.347896,0.309403,0.390382,2632.515892,129.425572,24.504318
GP (untuned),gp_untuned,3,111,True,,0.5498539350963338,0.050093,2.077085,0.321738,0.327467,1896.946425,136.442814,78.300488
GP (untuned),gp_untuned,3,112,True,,1.6378374938958795,0.050689,6.875914,0.305214,0.352164,1882.236886,130.010959,96.267294
GP (untuned),gp_untuned,3,113,True,,0.6330293151497264,0.050634,4.127389,0.28,0.36407,2074.352512,129.487149,100.669794
GP (untuned),gp_untuned,3,114,True,,0.4970329439969267,0.050761,2.260764,0.299464,0.373872,1333.307439,134.396967,88.470895
GP (untuned),gp_untuned,3,115,True,,0.5901812796517258,0.049717,1.893622,0.280307,0.390375,5854.213459,133.268477,36.631857
GP (untuned),gp_untuned,3,116,True,,0.40712384147421615,0.049549,2.664921,0.298739,0.20122,2355.029706,131.681677,50.331811
GP (untuned),gp_untuned,3,117,True,,0.8855272541829733,0.04946,2.132612,0.303735,0.236477,1040.198931,113.517402,100.310021
GP (untuned),gp_untuned,3,118,True,,0.550730708404714,0.050612,2.865152,0.301816,0.4,1184.508632,132.662502,92.709505
GP (untuned),gp_untuned,3,119,True,,0.6414580508222198,0.050387,4.237749,0.288203,0.322074,2448.459672,127.652508,92.498805
GP (untuned),gp_untuned,3,120,True,,0.5616889972306128,0.049885,3.22088,0.292932,0.251937,2397.755926,129.437231,95.692082
GP (untuned),gp_untuned,3,121,True,,0.879963018569076,0.051482,3.165109,0.295261,0.4,646.717836,132.949441,89.715174
GP (untuned),gp_untuned,3,122,True,,0.4252928361389449,0.049878,2.580806,0.304992,0.364877,2318.713177,131.6328,48.461838
GP (untuned),gp_untuned,3,123,True,,0.5972764669595882,0.049664,2.689892,0.294774,0.296122,2512.405726,128.903254,73.893766
GP (untuned),gp_untuned,3,124,True,,0.6727673858867889,0.050915,2.816244,0.294828,0.4,940.789247,129.624156,84.605966
GP (untuned),gp_untuned,3,125,True,,1.059394453658818,0.04875,2.184696,0.28,0.309529,5666.622922,114.531933,36.234428
GP (untuned),gp_untuned,3,126,True,,0.43230913842949054,0.050418,2.162122,0.296815,0.4,1862.98516,119.610981,74.285264
GP (untuned),gp_untuned,3,127,True,,0.6964492856433201,0.051044,1.855818,0.296433,0.291533,3195.498131,123.400863,52.366501
GP (untuned),gp_untuned,3,128,True,,0.37291726212354875,0.047713,2.410741,0.301129,0.350803,2754.579141,129.090805,44.07529
GP (untuned),gp_untuned,3,129,True,,0.5352828188931881,0.051008,1.951373,0.303047,0.335084,901.09153,127.708383,89.314353
GP (untuned),gp_untuned,3,130,True,,0.5196303803576743,0.047666,1.877993,0.30538,0.288759,3096.747515,123.917733,49.061218
GP (untuned),gp_untuned,3,131,True,,1.051181933962735,0.048438,1.505594,0.310412,0.4,5387.457609,132.775547,25.540216
GP (untuned),gp_untuned,3,132,True,,0.4560150826696704,0.050047,2.378837,0.30577,0.341995,2116.827786,129.798634,85.78813
GP (untuned),gp_untuned,3,133,True,,0.2761851852153252,0.048361,2.706565,0.304642,0.397272,2116.8536,132.479934,53.813238
GP (untuned),gp_untuned,3,134,True,,0.3740189748995664,0.049978,2.276615,0.311557,0.368765,2469.088864,130.145799,46.98659
GP (untuned),gp_untuned,3,135,True,,1.5987351954693716,0.048338,7.144253,0.318318,0.328555,2012.027584,128.649012,87.168241
GP (untuned),gp_untuned,3,136,True,,0.6433580890807975,0.050633,2.50313,0.28,0.4,2529.717108,131.062393,36.016167
GP (untuned),gp_untuned,3,137,False,blowup,,0.037016,3.156781,0.298577,0.201942,2352.756362,132.471346,49.389141
GP (untuned),gp_untuned,3,138,True,,0.8492221967948442,0.050564,1.884452,0.288971,0.303441,3110.628333,120.274924,53.456667
GP (untuned),gp_untuned,3,139,True,,0.37317286183996157,0.049294,2.557219,0.297298,0.20161,2387.875207,131.515178,50.427947
GP (untuned),gp_untuned,3,140,True,,1.014996295618447,0.049762,1.788858,0.299652,0.235215,1097.582249,112.870312,106.242418
GP (untuned),gp_untuned,3,141,True,,0.46619350389738773,0.049851,2.368267,0.299468,0.383448,1856.970371,132.699248,77.421993
GP (untuned),gp_untuned,3,142,True,,0.27288110529802734,0.048583,2.644651,0.307074,0.397535,2137.480772,131.714387,49.810411
GP (untuned),gp_untuned,3,143,True,,0.6137050715163772,0.047638,2.141853,0.293901,0.322935,2976.806272,125.524757,36.181845
GP (untuned),gp_untuned,3,144,True,,1.2398450445854807,0.049857,2.256584,0.325793,0.4,2176.214873,133.746467,42.117743
GP (untuned),gp_untuned,3,145,True,,0.29387822930175134,0.048272,2.710372,0.303473,0.396615,2148.542719,131.349008,50.981021
GP (untuned),gp_untuned,3,146,True,,0.2362577508017724,0.048272,2.658753,0.306243,0.398678,2092.44774,132.327551,50.795553
GP (untuned),gp_untuned,3,147,True,,0.5640698686668417,0.047954,2.598412,0.31314,0.399291,2023.440361,132.71546,48.367431
GP (untuned),gp_untuned,3,148,True,,0.6927005392651095,0.049641,2.137895,0.286178,0.4,6000.0,135.062545,9.263416
GP (untuned),gp_untuned,3,149,True,,0.6511728304706362,0.047581,2.341803,0.28,0.349262,2898.626961,128.881658,30.465392
GP (untuned),gp_untuned,3,150,True,,0.561342416531749,0.050567,2.007241,0.29863,0.341174,890.127492,125.042478,94.574337
GP (untuned),gp_untuned,4,1,True,,2.4895344077763903,0.051539,7.30435,0.309358,0.371124,3810.599368,136.767839,25.512305
GP (untuned),gp_untuned,4,2,False,blowup,,0.002687,5.430742,0.280877,0.314471,2424.379527,137.392534,61.806098
GP (untuned),gp_untuned,4,3,False,blowup,,0.002562,5.5074,0.417881,0.203805,622.770026,169.775366,69.720634
GP (untuned),gp_untuned,4,4,True,,15.85646311663239,0.048253,7.061179,0.4234,0.385031,5273.716268,159.349387,42.840951
GP (untuned),gp_untuned,4,5,True,,0.855716284560447,0.04891,2.265044,0.33374,0.248208,2502.063231,140.103078,37.339716
GP (untuned),gp_untuned,4,6,True,,2.4708964082872282,0.048394,4.274252,0.34099,0.216634,1816.293832,84.503522,139.763965
GP (untuned),gp_untuned,4,7,False,blowup,,0.002992,1.529945,0.39655,0.389415,2167.771553,163.245847,106.234013
GP (untuned),gp_untuned,4,8,True,,5.3760852799187155,0.05052,6.927056,0.404685,0.339796,4149.255291,87.598028,11.473935
GP (untuned),gp_untuned,4,9,True,,0.7829891980013508,0.050866,1.702663,0.290923,0.38879,1312.081628,136.227997,142.801426
GP (untuned),gp_untuned,4,10,False,min_image,,0.0,3.149089,0.421635,0.385874,1122.037881,158.957866,119.079206
GP (untuned),gp_untuned,4,11,True,,1.419269872299414,0.048588,1.0,0.297997,0.217449,400.0,131.829111,113.969885
GP (untuned),gp_untuned,4,12,True,,1.0031229762889562,0.050285,1.37189,0.292755,0.333462,1229.78539,136.056,87.349381
GP (untuned),gp_untuned,4,13,True,,1.5584628247329844,0.050807,1.0,0.32133,0.4,400.0,135.82036,150.0
GP (untuned),gp_untuned,4,14,True,,1.8266314124487661,0.048028,1.0,0.331685,0.368053,400.0,114.393856,150.0
GP (untuned),gp_untuned,4,15,True,,1.2486216630900906,0.051001,1.0,0.289327,0.4,966.181365,136.345536,150.0
GP (untuned),gp_untuned,4,16,True,,1.199515015193413,0.047732,1.0,0.327433,0.2,2435.160321,139.679599,94.735524
GP (untuned),gp_untuned,4,17,True,,1.2955119171376681,0.048757,1.0,0.283674,0.31725,400.0,133.316006,150.0
GP (untuned),gp_untuned,4,18,False,blowup,,0.032514,1.000017,0.28,0.2,4088.699152,162.681079,60.070634
GP (untuned),gp_untuned,4,19,True,,1.1810257808347895,0.050237,1.0,0.293289,0.364472,400.0,124.185807,150.0
GP (untuned),gp_untuned,4,20,True,,0.6117783170562463,0.051056,2.540345,0.313066,0.31708,2022.735047,134.178565,46.65878
GP (untuned),gp_untuned,4,21,False,min_image,,0.0,2.347742,0.307799,0.4,1779.903584,131.722802,5.0
GP (untuned),gp_untuned,4,22,False,blowup,,0.002698,6.129719,0.285102,0.201223,2725.843436,86.66834,98.993081
GP (untuned),gp_untuned,4,23,False,blowup,,0.006753,1.002739,0.381624,0.2,2889.10944,96.467942,150.0
GP (untuned),gp_untuned,4,24,False,blowup,,0.012944,1.0,0.402001,0.2,2200.94351,80.0,149.825529
GP (untuned),gp_untuned,4,25,True,,2.0105170738755826,0.050152,5.951831,0.307796,0.236575,4342.128835,87.630912,145.637507
GP (untuned),gp_untuned,4,26,True,,1.001697645756826,0.050359,2.330365,0.284304,0.4,400.0,122.662318,85.918956
GP (untuned),gp_untuned,4,27,True,,2.7958927513746743,0.051771,8.0,0.324252,0.34357,2058.822901,107.828223,53.680292
GP (untuned),gp_untuned,4,28,True,,0.5730073512589688,0.05119,2.053686,0.312284,0.309051,2039.885871,138.411513,45.710593
GP (untuned),gp_untuned,4,29,True,,1.1989492004064481,0.049873,1.0,0.29634,0.327703,922.252037,136.126497,90.088257
GP (untuned),gp_untuned,4,30,True,,0.9088115639483596,0.05118,1.502959,0.311713,0.304277,2092.174498,140.398046,44.278556
GP (untuned),gp_untuned,4,31,True,,0.4603622133344667,0.0511,2.443724,0.312497,0.325989,1999.76553,124.410475,46.057214
GP (untuned),gp_untuned,4,32,True,,0.6751225947797019,0.051436,3.03028,0.31246,0.352261,1982.1345,116.611444,104.389271
GP (untuned),gp_untuned,4,33,True,,1.9641306034735855,0.050584,2.641664,0.312098,0.248617,5616.099024,141.701763,5.0
GP (untuned),gp_untuned,4,34,True,,0.8574616805385523,0.050799,3.209822,0.29417,0.309512,1031.243952,103.173918,96.777521
GP (untuned),gp_untuned,4,35,True,,3.5592673360680482,0.051304,8.0,0.314241,0.37267,2776.912645,119.272501,5.0
GP (untuned),gp_untuned,4,36,True,,0.4664848964687106,0.051158,2.485757,0.312003,0.326048,1897.164236,120.060486,53.552428
GP (untuned),gp_untuned,4,37,True,,0.5720978939974544,0.051436,2.443575,0.312088,0.358142,1465.69809,104.280554,49.997172
GP (untuned),gp_untuned,4,38,True,,0.9469733700080835,0.049143,2.589773,0.318383,0.233161,1652.404207,163.387459,68.916882
GP (untuned),gp_untuned,4,39,True,,0.9746033063556098,0.051331,2.559108,0.312204,0.34242,2151.041415,109.916258,15.39598
GP (untuned),gp_untuned,4,40,True,,1.1530057129006543,0.050303,2.404334,0.292415,0.289283,1798.171338,157.30186,144.865855
GP (untuned),gp_untuned,4,41,True,,1.0870486901661165,0.051067,2.632065,0.311919,0.306709,773.912709,152.607318,120.683594
GP (untuned),gp_untuned,4,42,True,,2.6425350101315916,0.049172,2.094761,0.28,0.4,400.0,170.512685,93.915091
GP (untuned),gp_untuned,4,43,True,,0.784316642082014,0.051343,2.536429,0.312636,0.319225,2415.675677,168.880802,56.032275
GP (untuned),gp_untuned,4,44,True,,1.2355339952180775,0.049404,2.030443,0.319046,0.28012,796.059746,96.4414,61.804117
GP (untuned),gp_untuned,4,45,True,,1.3490416144821986,0.051332,2.504893,0.311467,0.334047,882.179483,80.0,62.046336
GP (untuned),gp_untuned,4,46,True,,1.147505941666843,0.050303,2.756042,0.314165,0.2,1977.044247,175.0,150.0
GP (untuned),gp_untuned,4,47,True,,1.7228993762211495,0.049373,1.514338,0.324515,0.335144,3240.685508,80.0,137.344279
GP (untuned),gp_untuned,4,48,True,,0.926968782160652,0.050734,2.361767,0.312763,0.2,2015.468929,175.0,150.0
GP (untuned),gp_untuned,4,49,True,,1.215668372194358,0.050722,2.054003,0.282957,0.341241,400.0,175.0,76.952824
GP (untuned),gp_untuned,4,50,True,,2.1607414744204614,0.049833,1.594966,0.327178,0.4,1904.084075,175.0,49.750562
GP (untuned),gp_untuned,4,51,True,,2.1026587000227908,0.047957,1.0,0.319658,0.2,400.0,80.0,150.0
GP (untuned),gp_untuned,4,52,True,,1.5197560223594149,0.049521,3.043626,0.321684,0.2,2249.065038,80.0,90.07256
GP (untuned),gp_untuned,4,53,True,,2.097111146728517,0.051094,6.861788,0.320109,0.2,4924.20353,175.0,150.0
GP (untuned),gp_untuned,4,54,True,,1.2345790001258201,0.048933,1.191756,0.332892,0.2,2663.614044,175.0,5.0
GP (untuned),gp_untuned,4,55,True,,1.4506411057398108,0.047684,1.0,0.328626,0.2,4699.04639,161.884272,71.303375
GP (untuned),gp_untuned,4,56,True,,0.7576485771269462,0.051224,2.631371,0.31071,0.324226,2259.925033,138.03673,150.0
GP (untuned),gp_untuned,4,57,False,blowup,,0.008607,2.475262,0.284262,0.2,400.0,163.298496,54.256785
GP (untuned),gp_untuned,4,58,True,,0.6563955567052747,0.051294,2.868192,0.312894,0.331836,2864.022549,139.396252,42.440896
GP (untuned),gp_untuned,4,59,True,,3.1642667208654074,0.050709,1.0,0.28503,0.4,2013.581544,155.693322,88.589226
GP (untuned),gp_untuned,4,60,True,,1.0294683267218785,0.050918,2.897782,0.296653,0.353126,1908.340077,169.696404,118.557243
GP (untuned),gp_untuned,4,61,True,,0.8836960467189646,0.050978,2.140249,0.29127,0.358242,400.0,131.9226,150.0
GP (untuned),gp_untuned,4,62,False,blowup,,0.020214,2.648572,0.312702,0.337358,1932.489154,103.364429,45.174179
GP (untuned),gp_untuned,4,63,True,,1.4505358428926027,0.048917,1.175501,0.317275,0.231508,2066.836092,175.0,150.0
GP (untuned),gp_untuned,4,64,True,,1.446093950086106,0.050249,2.268931,0.282367,0.398283,918.875029,80.0,150.0
GP (untuned),gp_untuned,4,65,False,blowup,,0.010463,2.592516,0.322351,0.218638,1460.017436,98.155435,150.0
GP (untuned),gp_untuned,4,66,True,,0.3422578224473051,0.051319,2.433433,0.311705,0.337537,5258.516803,121.252089,62.262711
GP (untuned),gp_untuned,4,67,False,blowup,,0.01109,2.995213,0.307021,0.205284,411.569005,175.0,150.0
GP (untuned),gp_untuned,4,68,True,,0.9692535471104428,0.051204,1.243749,0.311879,0.342893,2558.553026,124.704478,76.77809
GP (untuned),gp_untuned,4,69,True,,0.9863163194713926,0.050311,3.080748,0.311712,0.2,2506.874811,175.0,150.0
GP (untuned),gp_untuned,4,70,True,,1.0400926938948745,0.050471,2.926833,0.311323,0.201343,2506.803664,175.0,150.0
GP (untuned),gp_untuned,4,71,True,,1.0292103211837944,0.050931,4.524683,0.309177,0.343069,1588.843051,123.80134,125.283337
GP (untuned),gp_untuned,4,72,True,,1.1010943958637323,0.051188,3.356762,0.304927,0.354985,1439.538775,167.609403,146.278274
GP (untuned),gp_untuned,4,73,True,,1.6223676910527338,0.048078,1.0,0.310322,0.228723,942.131837,98.711305,109.709901
GP (untuned),gp_untuned,4,74,True,,0.4561925245758593,0.051344,2.164184,0.305367,0.335204,5150.330442,122.299923,115.087604
GP (untuned),gp_untuned,4,75,True,,1.4084272622449305,0.04862,1.859856,0.322085,0.2,2654.572523,93.713904,48.713135
GP (untuned),gp_untuned,4,76,True,,1.389576891359402,0.051426,1.0,0.313687,0.323024,3728.247679,144.307742,100.48721
GP (untuned),gp_untuned,4,77,True,,1.5005268366877038,0.049739,1.329558,0.290461,0.234598,1362.434252,150.857656,93.588056
GP (untuned),gp_untuned,4,78,True,,0.7668304110240126,0.051176,2.936713,0.312651,0.340872,1759.432086,112.481154,139.952257
GP (untuned),gp_untuned,4,79,True,,0.9446037878895424,0.051204,3.124311,0.306658,0.338038,5416.604449,116.029249,19.660627
GP (untuned),gp_untuned,4,80,True,,2.483624016340825,0.051055,6.408203,0.298641,0.208536,3589.304087,94.266262,141.206999
GP (untuned),gp_untuned,4,81,True,,0.4225900382998819,0.053898,2.190678,0.308049,0.334533,5074.188191,123.849486,62.464778
GP (untuned),gp_untuned,4,82,True,,1.6110090074973225,0.051396,2.40639,0.310429,0.327062,1834.272472,130.656834,5.0
GP (untuned),gp_untuned,4,83,True,,1.0987654157473576,0.051175,3.342839,0.305367,0.330613,5314.174268,102.067835,46.290528
GP (untuned),gp_untuned,4,84,True,,0.7004078743011847,0.048982,3.031002,0.313785,0.356868,3383.194949,102.373402,119.868821
GP (untuned),gp_untuned,4,85,True,,1.1233398074434016,0.050736,1.779687,0.304595,0.323863,4154.39494,92.30431,131.39611
GP (untuned),gp_untuned,4,86,True,,0.8302790059274462,0.05165,3.193965,0.310845,0.334642,5524.792535,128.551994,43.965356
GP (untuned),gp_untuned,4,87,True,,0.5871988509606852,0.050185,2.750064,0.304635,0.210296,2217.177932,120.162015,141.908271
GP (untuned),gp_untuned,4,88,True,,1.9280779822103256,0.04908,1.0,0.306174,0.212922,5802.064071,175.0,131.237296
GP (untuned),gp_untuned,4,89,True,,1.4012430967629461,0.049919,1.326069,0.29988,0.213523,2202.992235,141.670206,131.039687
GP (untuned),gp_untuned,4,90,True,,1.421682274045517,0.052076,3.198304,0.301605,0.207308,1875.892631,175.0,124.610404
GP (untuned),gp_untuned,4,91,False,min_image,,0.0,1.518008,0.287048,0.354625,1019.876905,144.561709,90.924312
GP (untuned),gp_untuned,4,92,True,,0.8822378092116231,0.052006,3.36058,0.306931,0.33002,805.953426,137.108839,150.0
GP (untuned),gp_untuned,4,93,True,,1.3471362395763533,0.050409,2.172145,0.295574,0.256446,1197.566299,170.206168,150.0
GP (untuned),gp_untuned,4,94,True,,0.41471764209222195,0.052171,3.019112,0.315754,0.360834,4120.774504,123.182367,137.54535
GP (untuned),gp_untuned,4,95,True,,1.2058235083080833,0.051871,3.244118,0.322934,0.374641,5036.226113,139.403504,137.401214
GP (untuned),gp_untuned,4,96,True,,1.1513930949227835,0.049299,1.178302,0.292469,0.390777,1466.236445,143.342914,99.942592
GP (untuned),gp_untuned,4,97,True,,0.7153658599628041,0.05104,2.066906,0.311354,0.322821,5296.707828,170.447298,44.685091
GP (untuned),gp_untuned,4,98,True,,0.8631480769509283,0.050117,3.5611,0.313413,0.231884,4795.832519,112.990013,150.0
GP (untuned),gp_untuned,4,99,True,,0.8791568494393105,0.050315,2.491626,0.306438,0.2,2116.232148,175.0,150.0
GP (untuned),gp_untuned,4,100,True,,1.7520858282758944,0.051095,6.527396,0.312608,0.345514,4839.91286,130.445163,94.983012
GP (untuned),gp_untuned,4,101,True,,1.4335600447086585,0.051345,1.0,0.310677,0.343389,5105.759637,126.535646,140.138519
GP (untuned),gp_untuned,4,102,True,,0.6075802003633443,0.050878,2.628149,0.312537,0.325116,1984.539842,122.288132,76.362402
GP (untuned),gp_untuned,4,103,True,,1.8610503087805506,0.050622,1.0,0.301037,0.212319,2619.075988,175.0,150.0
GP (untuned),gp_untuned,4,104,True,,0.8243526198654418,0.050092,3.443026,0.302739,0.222861,2293.539709,117.040843,122.330359
GP (untuned),gp_untuned,4,105,True,,1.5530519516897585,0.049095,2.376072,0.305945,0.285141,400.0,175.0,96.09077
GP (untuned),gp_untuned,4,106,True,,1.5480821374181133,0.049485,1.0,0.297027,0.280082,481.480609,105.168838,138.02281
GP (untuned),gp_untuned,4,107,True,,1.473808428297245,0.050692,1.0,0.317996,0.352841,1529.588581,139.180733,150.0
GP (untuned),gp_untuned,4,108,True,,0.8523038206326198,0.051002,3.165311,0.312537,0.331268,4751.597568,132.862979,118.267223
GP (untuned),gp_untuned,4,109,True,,1.266788931399695,0.051391,4.100463,0.313037,0.282244,2184.870398,175.0,148.099331
GP (untuned),gp_untuned,4,110,True,,0.42680052839653354,0.051176,3.009215,0.316752,0.37007,4054.524275,117.897269,125.896972
GP (untuned),gp_untuned,4,111,True,,0.48327073355852307,0.048372,3.122523,0.317729,0.381195,3720.318742,110.844303,150.0
GP (untuned),gp_untuned,4,112,True,,0.6490751763560964,0.051153,2.3097,0.31308,0.348543,1425.89151,105.682496,78.414853
GP (untuned),gp_untuned,4,113,True,,0.734251928747608,0.050259,1.895258,0.294584,0.314786,1212.866077,128.980354,117.4289
GP (untuned),gp_untuned,4,114,True,,1.1785269392702784,0.05131,1.0,0.3078,0.323216,5162.296377,120.169967,72.458709
GP (untuned),gp_untuned,4,115,True,,0.5291556497740612,0.051131,2.827542,0.307619,0.345484,5108.589705,125.019673,78.999646
GP (untuned),gp_untuned,4,116,True,,0.5950960443876244,0.051013,3.145723,0.316356,0.355931,3789.040416,109.45466,100.746991
GP (untuned),gp_untuned,4,117,True,,0.8692362276906165,0.050669,3.096498,0.312036,0.361017,413.887693,128.761693,65.669306
GP (untuned),gp_untuned,4,118,True,,0.23875241046999113,0.050571,2.873239,0.312562,0.37579,4041.430777,125.031871,146.695328
GP (untuned),gp_untuned,4,119,True,,0.19781825727225358,0.050138,2.823245,0.311582,0.381386,4016.794508,127.413681,150.0
GP (untuned),gp_untuned,4,120,True,,0.22173389003069757,0.050021,2.738448,0.311727,0.387078,3977.41649,128.986512,150.0
GP (untuned),gp_untuned,4,121,True,,0.39273178715868723,0.049913,2.893665,0.31187,0.380979,3946.330642,136.358966,150.0
GP (untuned),gp_untuned,4,122,True,,0.7349751704436273,0.050014,2.676525,0.311319,0.386263,4097.441577,112.258491,150.0
GP (untuned),gp_untuned,4,123,True,,0.6806500730273313,0.049691,2.580759,0.313883,0.385416,3834.906989,150.239994,150.0
GP (untuned),gp_untuned,4,124,True,,1.4172825189815794,0.049164,3.830103,0.325261,0.2,5486.920916,100.915958,150.0
GP (untuned),gp_untuned,4,125,True,,0.5188818546488987,0.04785,3.088583,0.313046,0.395043,3326.968928,106.220778,150.0
GP (untuned),gp_untuned,4,126,True,,0.5294790743866463,0.050002,3.045582,0.309712,0.378934,3971.632104,135.448284,140.718032
GP (untuned),gp_untuned,4,127,True,,0.29919591973042825,0.049826,2.960654,0.316326,0.365797,3943.683505,127.229843,150.0
GP (untuned),gp_untuned,4,128,True,,0.430702210069801,0.047597,2.838523,0.319635,0.349694,3575.942741,115.564461,150.0
GP (untuned),gp_untuned,4,129,True,,0.9603310935186026,0.050577,2.407885,0.3121,0.226853,2229.588544,175.0,65.90525
GP (untuned),gp_untuned,4,130,True,,0.5373001643103418,0.047668,3.464237,0.322631,0.360388,3078.208631,102.912437,150.0
GP (untuned),gp_untuned,4,131,True,,0.6888428284897773,0.050514,3.150812,0.304033,0.3172,5442.278149,128.791776,121.747336
GP (untuned),gp_untuned,4,132,True,,0.45310074953360574,0.050721,2.952271,0.319927,0.32249,2581.064431,131.664987,68.511466
GP (untuned),gp_untuned,4,133,True,,0.418646634693963,0.049937,2.654096,0.315377,0.366907,4099.197296,129.864413,124.388848
GP (untuned),gp_untuned,4,134,False,blowup,,0.004431,2.385481,0.289174,0.390963,1016.748608,161.207871,150.0
GP (untuned),gp_untuned,4,135,True,,1.5833399348639825,0.050037,1.26835,0.315967,0.340696,1499.602607,95.877025,107.154689
GP (untuned),gp_untuned,4,136,True,,1.2193426408101677,0.049254,2.179237,0.286727,0.388238,400.0,105.283735,56.896342
GP (untuned),gp_untuned,4,137,True,,0.8085996841398181,0.050716,3.030155,0.315249,0.309093,2264.538577,129.317442,150.0
GP (untuned),gp_untuned,4,138,True,,0.7177217316901643,0.050037,1.464483,0.295447,0.325173,1307.159811,122.593907,65.463949
GP (untuned),gp_untuned,4,139,True,,1.1194291755480652,0.049062,1.044625,0.295258,0.386447,1751.678407,137.502051,116.176847
GP (untuned),gp_untuned,4,140,True,,0.7635166062752523,0.050244,3.108442,0.312913,0.32144,2449.33319,133.974736,61.69145
GP (untuned),gp_untuned,4,141,True,,1.051340958137221,0.0503,2.593517,0.304273,0.337534,1549.250122,168.388766,127.293935
GP (untuned),gp_untuned,4,142,False,blowup,,0.028088,3.920768,0.306605,0.200266,2654.156714,116.012155,109.501967
GP (untuned),gp_untuned,4,143,True,,0.577135349460409,0.049741,2.919241,0.302852,0.226165,2750.849031,118.812451,150.0
GP (untuned),gp_untuned,4,144,True,,0.6757491138740431,0.050735,1.675581,0.280117,0.376835,1465.754304,124.654589,150.0
GP (untuned),gp_untuned,4,145,True,,0.9755678791583904,0.048213,2.13003,0.328482,0.251383,1947.592274,153.327494,50.392301
GP (untuned),gp_untuned,4,146,True,,1.538454158596757,0.048318,2.030795,0.331033,0.214202,2078.503974,80.0,74.560832
GP (untuned),gp_untuned,4,147,True,,1.3561252836954398,0.04875,1.0,0.294091,0.389451,1521.218961,104.489172,125.767021
GP (untuned),gp_untuned,4,148,True,,0.7041732710891582,0.050033,3.087599,0.301303,0.233221,2348.270359,119.48412,141.252075
GP (untuned),gp_untuned,4,149,True,,1.0146960729483725,0.050137,2.399077,0.30662,0.204076,2799.014128,175.0,150.0
GP (untuned),gp_untuned,4,150,True,,1.4083952136693472,0.050247,1.160349,0.280762,0.320779,435.592555,168.944992,64.002486
GP (untuned),gp_untuned,5,1,False,min_image,,0.0,1.386261,0.421326,0.272747,5884.891995,88.532999,62.526808
GP (untuned),gp_untuned,5,2,True,,4.34177715373172,0.050618,6.657972,0.390408,0.363895,1758.22627,152.615398,21.08061
GP (untuned),gp_untuned,5,3,False,min_image,,0.0,4.665727,0.363663,0.346374,481.652206,88.869488,124.850366
GP (untuned),gp_untuned,5,4,False,blowup,,0.002723,4.92936,0.295393,0.399198,3073.449632,145.066983,127.289413
GP (untuned),gp_untuned,5,5,False,blowup,,0.002672,5.836518,0.418749,0.385129,432.116317,148.453159,101.723575
GP (untuned),gp_untuned,5,6,True,,3.546834043746747,0.048893,5.05805,0.290966,0.235449,2312.551682,137.826745,33.343869
GP (untuned),gp_untuned,5,7,False,blowup,,0.010982,4.320216,0.290576,0.255069,1665.534965,169.590086,59.704822
GP (untuned),gp_untuned,5,8,True,,6.570350026765715,0.050476,6.154203,0.437641,0.336847,2775.551952,133.80338,36.171987
GP (untuned),gp_untuned,5,9,False,blowup,,0.002556,5.505774,0.302821,0.235344,2185.660389,170.824617,37.854852
GP (untuned),gp_untuned,5,10,True,,1.4024010194431225,0.048019,6.679691,0.449053,0.270545,3110.737668,150.50236,59.052275
GP (untuned),gp_untuned,5,11,True,,1.8646048469067051,0.048225,6.539907,0.426973,0.266831,3170.930819,148.211444,56.375031
GP (untuned),gp_untuned,5,12,True,,20.98156946589216,0.048486,1.0,0.45,0.4,4048.754461,80.0,62.474069
GP (untuned),gp_untuned,5,13,True,,2.931591427545963,0.048206,6.815412,0.45,0.273949,2679.605923,140.782185,70.139895
GP (untuned),gp_untuned,5,14,False,min_image,,0.0,8.0,0.45,0.2,400.0,175.0,5.0
GP (untuned),gp_untuned,5,15,True,,1.9628404630751708,0.047217,6.69265,0.45,0.226191,4110.949612,161.285939,57.713073
GP (untuned),gp_untuned,5,16,True,,2.2502910298953935,0.049949,7.026902,0.28,0.4,400.0,105.876869,150.0
GP (untuned),gp_untuned,5,17,True,,1.753439137277561,0.049943,6.647003,0.28,0.4,2092.456214,124.189636,96.366044
GP (untuned),gp_untuned,5,18,False,min_image,,0.0,6.290644,0.449639,0.351522,6000.0,150.140838,5.0
GP (untuned),gp_untuned,5,19,True,,1.3792234151651064,0.048943,6.223308,0.291816,0.315189,3851.106064,153.829504,36.321747
GP (untuned),gp_untuned,5,20,True,,1.3232501269500758,0.049299,6.195743,0.282042,0.312153,3989.515057,155.619519,29.372576
GP (untuned),gp_untuned,5,21,True,,1.6243692491067085,0.049055,6.178026,0.282967,0.318086,4237.060805,162.106793,22.966588
GP (untuned),gp_untuned,5,22,True,,2.9851483262540177,0.048534,6.059443,0.37889,0.390959,400.0,80.0,131.757324
GP (untuned),gp_untuned,5,23,True,,2.1143185712810144,0.048606,6.385943,0.292028,0.256696,5401.117743,175.0,15.877624
GP (untuned),gp_untuned,5,24,True,,1.394066947925435,0.04927,6.22221,0.28,0.381787,3549.201065,161.015848,54.72452
GP (untuned),gp_untuned,5,25,True,,1.9496239926467018,0.04866,6.235388,0.401979,0.396123,411.04603,139.228434,104.402676
GP (untuned),gp_untuned,5,26,True,,4.022910549456434,0.048539,6.222657,0.355068,0.285428,5450.235572,152.61561,5.0
GP (untuned),gp_untuned,5,27,True,,1.31032441858139,0.049267,6.337593,0.28,0.322196,3256.763237,165.840475,45.94667
GP (untuned),gp_untuned,5,28,True,,5.220342589066408,0.048397,6.496253,0.45,0.327709,622.434251,88.86215,116.601558
GP (untuned),gp_untuned,5,29,True,,1.7193117533438163,0.048134,6.631771,0.45,0.242699,3667.717637,154.891023,56.446366
GP (untuned),gp_untuned,5,30,True,,2.0753803268162927,0.048456,6.141324,0.353559,0.4,462.122763,173.071469,99.267301
GP (untuned),gp_untuned,5,31,True,,1.326630458689153,0.049133,6.275703,0.28,0.346597,3462.250717,144.823451,57.195219
GP (untuned),gp_untuned,5,32,True,,5.106506501659145,0.047908,6.764448,0.448185,0.261861,1840.702821,175.0,48.688088
GP (untuned),gp_untuned,5,33,True,,2.33781922254921,0.046918,6.765528,0.43695,0.246958,3436.892185,92.270922,132.914448
GP (untuned),gp_untuned,5,34,True,,1.429115090899466,0.049412,6.303153,0.28,0.301355,3746.288797,144.206238,77.493079
GP (untuned),gp_untuned,5,35,True,,2.5586736979936244,0.048645,6.411967,0.288048,0.229463,3620.688583,175.0,15.488788
GP (untuned),gp_untuned,5,36,True,,1.5375772014374456,0.049987,6.139718,0.28,0.398438,3512.197622,122.831869,73.295667
GP (untuned),gp_untuned,5,37,True,,6.4541052002274055,0.04881,6.384068,0.42567,0.336623,3500.7574,164.743455,23.184838
GP (untuned),gp_untuned,5,38,True,,2.1522206432821607,0.047448,6.673129,0.426623,0.219145,5125.918938,112.052257,67.482976
GP (untuned),gp_untuned,5,39,True,,10.842910843914472,0.047633,6.660998,0.419589,0.315577,5805.450459,149.618577,64.331294
GP (untuned),gp_untuned,5,40,True,,1.3923858164362126,0.04999,6.144443,0.28,0.313341,3720.028393,135.286572,29.096577
GP (untuned),gp_untuned,5,41,True,,3.019268093803018,0.049336,5.864843,0.292648,0.252633,4673.479113,175.0,5.0
GP (untuned),gp_untuned,5,42,True,,3.539084210374802,0.049203,6.495222,0.45,0.263913,3389.8008,134.538976,11.566945
GP (untuned),gp_untuned,5,43,True,,4.216110888137856,0.048969,6.779828,0.428437,0.237146,3693.891117,136.395561,89.954427
GP (untuned),gp_untuned,5,44,True,,1.5945610314380707,0.049442,6.230023,0.28,0.315256,3634.083104,172.626389,20.550044
GP (untuned),gp_untuned,5,45,True,,1.3625657657373063,0.048045,6.622061,0.45,0.267621,3269.728191,161.904356,46.202293
GP (untuned),gp_untuned,5,46,True,,1.9396821484938906,0.049701,6.477438,0.28,0.362895,3282.027417,94.556154,30.200612
GP (untuned),gp_untuned,5,47,True,,3.4421282647921587,0.049079,6.540036,0.45,0.262123,3384.658423,101.39298,47.208678
GP (untuned),gp_untuned,5,48,True,,4.048976716691341,0.047626,6.555538,0.45,0.258673,3459.791701,156.49056,12.297865
GP (untuned),gp_untuned,5,49,True,,1.2223429154284111,0.049207,6.244032,0.28,0.307818,3833.166573,139.782449,40.54279
GP (untuned),gp_untuned,5,50,True,,1.0752918254286685,0.048005,6.767437,0.45,0.263705,3260.536499,150.695766,59.890895
GP (untuned),gp_untuned,5,51,True,,1.7341009424243063,0.049471,6.429521,0.28,0.311392,3825.189062,175.0,51.567166
GP (untuned),gp_untuned,5,52,True,,1.3179262231127593,0.049117,6.022579,0.28,0.303412,3731.99699,130.17025,47.413828
GP (untuned),gp_untuned,5,53,True,,1.6003452388615629,0.048861,6.567222,0.28,0.306772,3923.322807,126.64923,34.527777
GP (untuned),gp_untuned,5,54,True,,1.663077520731332,0.047931,6.871329,0.45,0.261284,3308.926205,130.030524,64.16985
GP (untuned),gp_untuned,5,55,True,,1.4908705762668966,0.04991,6.657226,0.28,0.4,2940.528138,142.588099,44.695367
GP (untuned),gp_untuned,5,56,True,,3.7589726101040766,0.047518,6.934274,0.382114,0.2,5484.487505,98.667761,64.574001
GP (untuned),gp_untuned,5,57,True,,1.7483517514632263,0.048928,6.200345,0.28,0.312679,3677.585896,105.617268,57.724321
GP (untuned),gp_untuned,5,58,True,,4.81010727602896,0.048154,7.447795,0.379075,0.4,400.0,122.100356,108.350063
GP (untuned),gp_untuned,5,59,True,,1.9736928485788223,0.049038,6.722958,0.45,0.261834,3331.947426,165.536542,60.18603
GP (untuned),gp_untuned,5,60,True,,1.4197982911084872,0.049831,6.057316,0.28,0.382936,2836.915866,153.995032,58.025345
GP (untuned),gp_untuned,5,61,True,,1.424680838120523,0.047807,6.762356,0.45,0.26218,3319.485486,157.325293,59.315428
GP (untuned),gp_untuned,5,62,True,,1.2898300588917997,0.048889,6.101577,0.28,0.306884,3596.431278,175.0,39.40307
GP (untuned),gp_untuned,5,63,True,,1.3588867541094858,0.047957,5.880144,0.28,0.298766,3180.29172,160.377072,89.909681
GP (untuned),gp_untuned,5,64,True,,2.100366370599081,0.047137,6.778929,0.45,0.265664,3255.678505,152.78491,57.749919
GP (untuned),gp_untuned,5,65,False,min_image,,0.0,7.89535,0.342628,0.333164,3571.112993,127.495286,76.731111
GP (untuned),gp_untuned,5,66,True,,1.800554250203346,0.051468,5.690689,0.28,0.4,400.0,118.754596,132.250063
GP (untuned),gp_untuned,5,67,True,,6.442030883839611,0.049646,6.725151,0.438972,0.201599,4092.213557,175.0,70.773465
GP (untuned),gp_untuned,5,68,True,,1.1435210570227863,0.047863,5.966199,0.28,0.273823,3834.702424,153.620628,57.521664
GP (untuned),gp_untuned,5,69,True,,2.6345768531433635,0.047901,6.686707,0.45,0.263335,3492.198977,169.269344,64.473405
GP (untuned),gp_untuned,5,70,True,,0.9940983423671913,0.048777,6.023402,0.28,0.300003,3259.701875,125.233064,140.662299
GP (untuned),gp_untuned,5,71,True,,1.6111030736924778,0.048663,7.571412,0.28843,0.2,5290.895565,116.895534,138.45672
GP (untuned),gp_untuned,5,72,True,,1.4014883483835625,0.048087,6.208669,0.28,0.298816,2288.745657,157.953204,60.173135
GP (untuned),gp_untuned,5,73,True,,1.8360567670375325,0.046813,7.814594,0.45,0.2,5202.641803,143.656313,91.569913
GP (untuned),gp_untuned,5,74,True,,1.1026755132301747,0.047299,6.841646,0.414453,0.256332,3479.755774,148.412785,97.413479
GP (untuned),gp_untuned,5,75,True,,3.053300443992231,0.048021,7.009966,0.340461,0.2,4328.096455,92.067292,82.748477
GP (untuned),gp_untuned,5,76,False,blowup,,0.002537,1.0,0.45,0.4,6000.0,164.487306,30.280727
GP (untuned),gp_untuned,5,77,False,blowup,,0.019137,7.77103,0.285019,0.2,5973.783694,148.921101,137.077452
GP (untuned),gp_untuned,5,78,True,,3.4274127890559765,0.048076,7.59551,0.3515,0.202156,4869.369965,84.402996,125.230533
GP (untuned),gp_untuned,5,79,True,,1.7076470477709418,0.048176,6.841615,0.45,0.252112,3239.739148,153.456867,67.058503
GP (untuned),gp_untuned,5,80,True,,2.9205034385126267,0.047025,6.68466,0.443722,0.257769,3808.673652,103.017446,98.924553
GP (untuned),gp_untuned,5,81,True,,2.1058580577104182,0.04943,7.804492,0.294774,0.2,5736.59782,108.909241,84.22442
GP (untuned),gp_untuned,5,82,True,,2.9623547963357684,0.048047,6.614168,0.45,0.2,2115.477952,112.01192,146.762226
GP (untuned),gp_untuned,5,83,True,,1.7607850091885313,0.046932,6.624457,0.45,0.274738,2126.086937,145.481643,118.121446
GP (untuned),gp_untuned,5,84,True,,3.8878116971454553,0.047024,6.873285,0.413521,0.220724,3312.091793,133.545881,95.152965
GP (untuned),gp_untuned,5,85,True,,1.658104984366571,0.047989,7.205413,0.301258,0.203477,4513.476966,128.021895,56.05069
GP (untuned),gp_untuned,5,86,True,,1.0586136559606178,0.048009,6.093122,0.28,0.292704,3675.766963,139.116739,137.361588
GP (untuned),gp_untuned,5,87,True,,1.4022754093779617,0.051391,6.066761,0.28,0.392884,2027.190597,127.106747,40.053625
GP (untuned),gp_untuned,5,88,True,,6.452322618962421,0.047758,8.0,0.45,0.2,6000.0,104.604735,32.572019
GP (untuned),gp_untuned,5,89,True,,5.82531316036898,0.049729,1.0,0.45,0.2,6000.0,92.273845,127.860379
GP (untuned),gp_untuned,5,90,True,,1.6621938642650775,0.048937,5.726081,0.28,0.317928,3205.396959,164.199901,102.820898
GP (untuned),gp_untuned,5,91,True,,2.034659633936665,0.047154,6.722007,0.42063,0.279715,2946.685229,162.624181,95.892884
GP (untuned),gp_untuned,5,92,True,,1.092030151114117,0.049236,6.295355,0.28,0.28905,3166.869763,138.635693,52.994331
GP (untuned),gp_untuned,5,93,True,,4.844390579239778,0.049296,8.0,0.45,0.22065,5074.399311,151.655015,63.405206
GP (untuned),gp_untuned,5,94,True,,1.1716327336609806,0.049545,5.923054,0.28,0.306391,2380.754308,157.362389,42.776904
GP (untuned),gp_untuned,5,95,True,,1.0637861011309082,0.049387,5.987583,0.28,0.289154,4745.94152,160.631913,25.298537
GP (untuned),gp_untuned,5,96,True,,1.477539801894795,0.048866,5.943902,0.28,0.4,3041.633214,151.729896,129.656692
GP (untuned),gp_untuned,5,97,True,,0.9783667284260229,0.048839,5.808299,0.28,0.285631,3899.821109,127.808109,52.211507
GP (untuned),gp_untuned,5,98,True,,1.223549267751997,0.051534,5.806362,0.28,0.4,2687.343625,143.00676,99.15743
GP (untuned),gp_untuned,5,99,True,,3.4527018868722084,0.050074,6.044071,0.325746,0.4,1608.256256,173.832102,130.936929
GP (untuned),gp_untuned,5,100,True,,1.7159317011712942,0.051876,5.686263,0.28,0.4,529.209617,103.27731,55.461065
GP (untuned),gp_untuned,5,101,True,,2.319744860040284,0.048279,7.192641,0.285175,0.215332,4610.086384,80.0,128.995422
GP (untuned),gp_untuned,5,102,True,,1.3669208271003797,0.051206,6.020882,0.28,0.287804,4221.726232,161.126417,65.470372
GP (untuned),gp_untuned,5,103,False,blowup,,0.002582,5.297356,0.428791,0.398164,1655.964746,90.392176,129.746897
GP (untuned),gp_untuned,5,104,True,,3.2292333685788632,0.046723,6.24822,0.45,0.221191,2188.651119,130.859238,141.641176
GP (untuned),gp_untuned,5,105,True,,1.3885967308268283,0.048146,6.039916,0.28,0.291008,3964.78679,108.191895,76.065751
GP (untuned),gp_untuned,5,106,True,,3.7328497409881494,0.047088,6.730709,0.45,0.256369,3577.709829,160.535504,106.655089
GP (untuned),gp_untuned,5,107,True,,2.323538224654995,0.048399,7.008751,0.28,0.2,3598.485318,97.815866,144.273827
GP (untuned),gp_untuned,5,108,True,,1.8952470406534048,0.048992,5.921796,0.28,0.288718,497.935147,130.002683,37.879418
GP (untuned),gp_untuned,5,109,True,,2.096188794161756,0.051016,1.0,0.28,0.2,6000.0,119.502266,67.014431
GP (untuned),gp_untuned,5,110,True,,1.4725781454178288,0.048056,5.975569,0.28,0.288964,4397.002811,163.268975,106.374299
GP (untuned),gp_untuned,5,111,True,,1.9030275676914579,0.049105,1.0,0.28,0.2,6000.0,163.081429,101.992246
GP (untuned),gp_untuned,5,112,False,min_image,,0.0,1.0,0.28,0.2,400.0,173.091205,53.340448
GP (untuned),gp_untuned,5,113,True,,1.819730892813375,0.048951,1.083757,0.28,0.2,6000.0,121.774322,133.895565
GP (untuned),gp_untuned,5,114,True,,1.0370092087154417,0.050626,5.884446,0.28,0.297394,3337.996154,124.669666,77.868983
GP (untuned),gp_untuned,5,115,False,min_image,,0.0,5.630279,0.28,0.4,3163.749284,106.248167,148.0505
GP (untuned),gp_untuned,5,116,True,,1.1732477475743217,0.050311,5.88971,0.28,0.394719,2438.860143,128.756637,88.890836
GP (untuned),gp_untuned,5,117,False,blowup,,0.013854,7.327197,0.28538,0.202193,5136.60403,112.189167,130.909934
GP (untuned),gp_untuned,5,118,True,,1.53402567486625,0.048027,6.819159,0.285172,0.217285,3716.042689,143.806196,120.12163
GP (untuned),gp_untuned,5,119,True,,3.368053648260182,0.047812,7.162275,0.449724,0.28901,3417.636423,105.232261,78.852008
GP (untuned),gp_untuned,5,120,True,,2.3529255825803754,0.047278,7.01152,0.395724,0.26125,3082.741826,161.936801,38.881397
GP (untuned),gp_untuned,5,121,True,,1.3155928359611817,0.049094,6.071898,0.28,0.396939,1597.812056,155.681119,81.394709
GP (untuned),gp_untuned,5,122,True,,1.3724435880608676,0.048398,6.17978,0.28,0.284418,2951.994247,120.338299,99.255582
GP (untuned),gp_untuned,5,123,True,,1.5400868386615754,0.049105,6.05533,0.28,0.395972,1607.733204,141.497393,80.30534
GP (untuned),gp_untuned,5,124,True,,1.5749367417038798,0.048035,6.186722,0.28,0.283441,2944.849441,146.879047,100.536956
GP (untuned),gp_untuned,5,125,True,,3.0702017494983314,0.047757,6.868894,0.45,0.255592,4069.906921,173.955247,100.837295
GP (untuned),gp_untuned,5,126,True,,1.3359396283755518,0.048774,6.017619,0.28,0.39484,1652.153951,161.548088,83.635107
GP (untuned),gp_untuned,5,127,True,,2.1918702692525307,0.048872,6.146422,0.28,0.283288,3390.714601,86.836705,63.9906
GP (untuned),gp_untuned,5,128,True,,2.0221234412668703,0.047731,6.214507,0.28,0.286578,2651.069446,174.013511,130.636315
GP (untuned),gp_untuned,5,129,True,,4.168170764332809,0.047288,4.629782,0.45,0.255373,3172.623066,86.161081,128.128711
GP (untuned),gp_untuned,5,130,True,,1.9494278216914733,0.051026,6.047501,0.28,0.276523,4347.510894,158.208239,87.899253
GP (untuned),gp_untuned,5,131,False,blowup,,0.030092,7.572315,0.29871,0.205682,4918.132962,159.435524,76.164069
GP (untuned),gp_untuned,5,132,True,,3.001117247518424,0.04936,6.829821,0.280949,0.226126,4214.101136,85.979401,75.688142
GP (untuned),gp_untuned,5,133,True,,5.886490207165292,0.048631,6.828332,0.427954,0.255849,2298.640504,151.336559,31.079625
GP (untuned),gp_untuned,5,134,True,,2.4036494306764404,0.051265,5.632849,0.28,0.399939,1017.029636,80.348286,9.687965
GP (untuned),gp_untuned,5,135,True,,6.266129785984356,0.048397,6.414474,0.448657,0.257659,5625.505186,169.015597,32.233256
GP (untuned),gp_untuned,5,136,True,,1.01265430340549,0.047978,5.861317,0.28,0.399306,2607.096377,129.50822,90.233906
GP (untuned),gp_untuned,5,137,True,,0.9806537552427842,0.048939,2.263929,0.290653,0.200028,3861.77427,111.415793,53.130795
GP (untuned),gp_untuned,5,138,False,min_image,,0.0,4.140233,0.28,0.4,1502.434867,147.559252,17.858537
GP (untuned),gp_untuned,5,139,True,,2.7890542432982595,0.04896,5.78338,0.280025,0.287809,4314.016343,90.097312,25.636302
GP (untuned),gp_untuned,5,140,True,,4.335398018624145,0.046593,6.833674,0.414709,0.281941,1954.784827,100.168629,102.070265
GP (untuned),gp_untuned,5,141,True,,1.2439785716623128,0.05014,6.129561,0.28,0.399615,2659.541553,144.71503,120.352181
GP (untuned),gp_untuned,5,142,True,,1.3659966833774373,0.04988,5.982257,0.28,0.397929,2483.151816,146.577191,138.494349
GP (untuned),gp_untuned,5,143,True,,1.1918015832073219,0.050753,5.95846,0.28,0.286182,2988.834634,99.625332,102.12848
GP (untuned),gp_untuned,5,144,True,,2.0464860438274086,0.047406,7.123303,0.350186,0.2,4093.406412,113.881958,139.582421
GP (untuned),gp_untuned,5,145,True,,0.9762146886730393,0.04994,2.187846,0.290646,0.36722,3995.335058,92.550306,67.461477
GP (untuned),gp_untuned,5,146,True,,1.5572623804438885,0.048254,7.460047,0.289142,0.348072,4961.625651,129.13544,148.205897
GP (untuned),gp_untuned,5,147,True,,0.7716353580054118,0.049957,2.176665,0.290654,0.342213,4043.100082,115.432757,37.867348
GP (untuned),gp_untuned,5,148,True,,1.9128246039460903,0.046625,6.845141,0.41472,0.229488,4360.777398,121.174181,100.121483
GP (untuned),gp_untuned,5,149,True,,0.9436221018307268,0.049673,2.08797,0.290682,0.219801,4237.870436,164.481505,30.173849
GP (untuned),gp_untuned,5,150,True,,1.6385597754326442,0.049561,2.144074,0.290511,0.304048,4450.97812,151.636587,95.659678
GP (untuned),gp_untuned,6,1,False,blowup,,0.002917,7.632333,0.315599,0.212851,2472.612654,173.577737,19.423395
GP (untuned),gp_untuned,6,2,False,blowup,,0.00268,6.776465,0.408352,0.277995,1742.957247,94.783434,110.027666
GP (untuned),gp_untuned,6,3,False,blowup,,0.003749,6.612046,0.357891,0.334767,1227.930281,113.924051,94.389108
GP (untuned),gp_untuned,6,4,False,blowup,,0.002734,2.562985,0.317041,0.365118,2977.351838,131.840775,119.203415
GP (untuned),gp_untuned,6,5,False,min_image,,0.0,7.173275,0.419673,0.261188,4574.100824,116.880829,73.10181
GP (untuned),gp_untuned,6,6,False,blowup,,0.0051,6.12531,0.321452,0.335933,733.641847,161.347377,76.223738
GP (untuned),gp_untuned,6,7,True,,1.473446702407463,0.051377,5.296663,0.322369,0.279145,3536.425584,132.804144,85.060785
GP (untuned),gp_untuned,6,8,False,blowup,,0.003097,4.35793,0.350737,0.250278,5699.023308,173.393541,85.018952
GP (untuned),gp_untuned,6,9,False,blowup,,0.006567,3.852552,0.328475,0.20017,2833.82628,135.796971,80.803353
GP (untuned),gp_untuned,6,10,False,blowup,,0.003844,6.456277,0.313433,0.296369,2507.345017,84.529842,50.860214
GP (untuned),gp_untuned,6,11,True,,1.5643064088451664,0.051095,5.410211,0.322722,0.27269,3550.015987,133.207976,83.121758
GP (untuned),gp_untuned,6,12,True,,1.3773132883836436,0.051194,5.15023,0.321923,0.287312,3522.660149,132.278033,87.531433
GP (untuned),gp_untuned,6,13,True,,1.4449324878333003,0.051412,4.976257,0.321393,0.297041,3507.195601,131.637799,90.472517
GP (untuned),gp_untuned,6,14,True,,1.3258046627707298,0.051681,4.868064,0.31749,0.320665,3551.141807,121.181448,95.671466
GP (untuned),gp_untuned,6,15,False,blowup,,0.003279,5.314162,0.334151,0.356321,3577.292879,114.226992,112.662559
GP (untuned),gp_untuned,6,16,True,,2.160333331748815,0.051049,6.96259,0.31904,0.261739,3555.827826,145.724519,93.684572
GP (untuned),gp_untuned,6,17,True,,1.2190956942704092,0.051218,4.538961,0.318728,0.240531,3550.753618,119.417253,102.386509
GP (untuned),gp_untuned,6,18,True,,1.2330081917576008,0.051292,4.314651,0.319128,0.296961,3566.604634,117.264337,113.275409
GP (untuned),gp_untuned,6,19,True,,1.3822729154918654,0.051754,4.336844,0.319176,0.310667,3548.319883,159.456941,68.510784
GP (untuned),gp_untuned,6,20,True,,1.5012526969008533,0.051511,4.446408,0.318997,0.294417,3568.429822,98.332679,96.183636
GP (untuned),gp_untuned,6,21,True,,1.1047073817255653,0.051053,4.268593,0.318892,0.231601,3565.937156,131.069913,132.619533
GP (untuned),gp_untuned,6,22,True,,0.8702063635902226,0.051174,3.878444,0.315333,0.266189,3734.760435,134.772608,49.07296
GP (untuned),gp_untuned,6,23,True,,0.8786461954176937,0.051134,3.614748,0.31213,0.224927,3892.232282,135.725119,27.72318
GP (untuned),gp_untuned,6,24,True,,3.1773614743211174,0.051024,3.475697,0.383594,0.265279,3800.975162,135.911521,8.024403
GP (untuned),gp_untuned,6,25,True,,0.864949593957082,0.051568,3.736373,0.310356,0.229152,3798.416321,135.213211,99.073348
GP (untuned),gp_untuned,6,26,False,blowup,,0.003094,3.339837,0.305513,0.365292,3770.352432,136.247116,85.254159
GP (untuned),gp_untuned,6,27,True,,0.7791249629852152,0.051605,3.436579,0.311096,0.265599,3790.896545,136.934075,105.161672
GP (untuned),gp_untuned,6,28,False,min_image,,0.0,4.944539,0.31651,0.301375,2759.757549,145.246631,119.009469
GP (untuned),gp_untuned,6,29,True,,0.8311974488272645,0.051029,3.859158,0.311004,0.205923,3822.950855,132.791957,88.633587
GP (untuned),gp_untuned,6,30,True,,1.8523730804535123,0.051254,1.288401,0.318619,0.206503,3584.582456,84.247766,26.945629
GP (untuned),gp_untuned,6,31,False,blowup,,0.002962,3.46751,0.314942,0.260859,3730.861894,173.424913,146.325783
GP (untuned),gp_untuned,6,32,True,,1.216146901870338,0.051369,2.898017,0.299843,0.262082,3761.46433,164.903942,58.105348
GP (untuned),gp_untuned,6,33,False,blowup,,0.002842,2.956008,0.321929,0.260977,3782.901285,106.959716,135.733117
GP (untuned),gp_untuned,6,34,True,,0.7440195496177094,0.05169,3.228222,0.301802,0.265701,3802.418771,138.808923,148.328482
GP (untuned),gp_untuned,6,35,True,,0.8971539291182206,0.051718,3.269253,0.300252,0.261699,3777.565398,160.438508,121.927624
GP (untuned),gp_untuned,6,36,False,min_image,,0.0,5.251359,0.281192,0.2,3998.224537,150.014665,129.014012
GP (untuned),gp_untuned,6,37,False,min_image,,0.0,5.473459,0.307178,0.310707,3687.390979,127.536301,21.152105
GP (untuned),gp_untuned,6,38,True,,0.7068111197224188,0.051853,2.91788,0.302129,0.267718,3838.469726,138.578239,133.04692
GP (untuned),gp_untuned,6,39,True,,0.6504873412908162,0.051812,2.759822,0.293359,0.259965,3742.011366,160.973076,19.871314
GP (untuned),gp_untuned,6,40,True,,0.567298117563113,0.051547,3.008297,0.297165,0.266102,3783.079219,122.0967,108.892418
GP (untuned),gp_untuned,6,41,True,,1.1184488258813539,0.051562,1.465139,0.301654,0.277597,3773.22302,168.296684,91.796864
GP (untuned),gp_untuned,6,42,True,,1.4214949928709721,0.051585,1.947218,0.307456,0.233899,3722.505363,93.540604,22.413947
GP (untuned),gp_untuned,6,43,False,blowup,,0.007092,5.712036,0.29983,0.2,4047.889735,174.652529,65.277867
GP (untuned),gp_untuned,6,44,True,,0.6753648946310313,0.051689,2.887108,0.30388,0.260768,3771.545312,132.766176,103.669784
GP (untuned),gp_untuned,6,45,True,,1.2023259257759342,0.05161,1.0,0.311821,0.246192,3512.640301,132.143311,130.554499
GP (untuned),gp_untuned,6,46,False,blowup,,0.002909,5.185504,0.28619,0.307003,3558.242238,167.637738,150.0
GP (untuned),gp_untuned,6,47,True,,0.7160895501453167,0.051662,2.930397,0.30261,0.254987,3789.476768,136.267813,145.644561
GP (untuned),gp_untuned,6,48,True,,0.9017591723514404,0.05144,3.34496,0.312093,0.243867,3743.688932,141.95014,97.796974
GP (untuned),gp_untuned,6,49,True,,1.4327783068745994,0.051749,2.583277,0.294874,0.260921,3741.374426,138.342726,7.744496
GP (untuned),gp_untuned,6,50,True,,0.7360700880961963,0.051606,3.181384,0.292959,0.257539,3761.298951,144.722202,51.849893
GP (untuned),gp_untuned,6,51,False,blowup,,0.002854,5.001288,0.319329,0.297894,3650.76066,167.93328,143.014289
GP (untuned),gp_untuned,6,52,False,blowup,,0.003847,4.871699,0.313177,0.252794,3744.480647,110.558421,21.298749
GP (untuned),gp_untuned,6,53,True,,1.6543681894878037,0.051263,7.351898,0.292348,0.25255,3919.770098,144.926157,122.003385
GP (untuned),gp_untuned,6,54,False,min_image,,0.0,1.290833,0.290976,0.268446,3874.052815,128.485036,113.174333
GP (untuned),gp_untuned,6,55,True,,0.8853056511627634,0.051687,3.488082,0.309854,0.253018,3777.048214,109.740107,130.962387
GP (untuned),gp_untuned,6,56,False,min_image,,0.0,4.940233,0.315771,0.306171,3510.47689,84.29016,38.198828
GP (untuned),gp_untuned,6,57,False,min_image,,0.0,5.61223,0.321532,0.246111,3504.108097,91.908243,65.248786
GP (untuned),gp_untuned,6,58,True,,1.0195900441455694,0.051467,4.144046,0.30946,0.24554,3838.204545,131.362872,51.092657
GP (untuned),gp_untuned,6,59,True,,0.7664574533011906,0.05148,3.551005,0.315238,0.253647,3744.816414,127.452796,125.571285
GP (untuned),gp_untuned,6,60,False,min_image,,0.0,4.192396,0.32962,0.274499,3553.421312,89.835063,63.191455
GP (untuned),gp_untuned,6,61,True,,0.6378843878679393,0.051546,2.167002,0.28342,0.2,3482.05467,142.667443,36.685479
GP (untuned),gp_untuned,6,62,True,,1.6126519947754987,0.051562,1.092694,0.281772,0.210619,3332.115015,119.383216,130.744731
GP (untuned),gp_untuned,6,63,True,,0.7004012472494847,0.051667,3.743873,0.28,0.243567,3577.364078,152.005234,47.552938
GP (untuned),gp_untuned,6,64,True,,1.3296797342732456,0.051087,2.250334,0.346089,0.2,3969.567545,151.932189,8.553987
GP (untuned),gp_untuned,6,65,True,,3.9926096555528128,0.050637,3.697754,0.439766,0.258208,3650.753047,128.01669,76.431488
GP (untuned),gp_untuned,6,66,True,,1.4407038240794559,0.051112,1.475406,0.329341,0.209744,3644.503613,96.271578,134.387024
GP (untuned),gp_untuned,6,67,True,,1.0830818345649345,0.05123,3.314432,0.28,0.2,3752.06873,95.816875,53.574925
GP (untuned),gp_untuned,6,68,False,blowup,,0.007469,7.752733,0.310137,0.252038,3572.17241,104.383897,61.773644
GP (untuned),gp_untuned,6,69,True,,0.6662530635115645,0.051621,2.874184,0.285831,0.249117,3738.856187,164.131787,21.216585
GP (untuned),gp_untuned,6,70,True,,1.2199560552036168,0.051417,1.048331,0.321929,0.238707,3416.506258,138.89532,132.352019
GP (untuned),gp_untuned,6,71,True,,0.7117511226543081,0.051285,2.017469,0.283313,0.207757,3536.982669,138.329145,36.90643
GP (untuned),gp_untuned,6,72,True,,0.5231203571075472,0.051316,3.51396,0.28,0.209789,3788.723486,120.321124,81.197728
GP (untuned),gp_untuned,6,73,True,,0.5824064030721159,0.051485,3.814188,0.293012,0.256301,3752.624783,140.760055,55.149827
GP (untuned),gp_untuned,6,74,True,,0.5331465842961478,0.051379,3.081624,0.297381,0.238383,3840.218652,116.311487,67.21222
GP (untuned),gp_untuned,6,75,True,,1.3921131150479817,0.051463,4.859442,0.322904,0.281107,3513.159353,115.788215,60.233628
GP (untuned),gp_untuned,6,76,True,,0.5355890666992579,0.050785,3.447864,0.306214,0.203608,3811.049565,124.556554,91.787221
GP (untuned),gp_untuned,6,77,True,,1.228206282301504,0.051226,1.833525,0.30264,0.262197,3670.478966,175.0,70.284456
GP (untuned),gp_untuned,6,78,True,,0.8802015148824623,0.051405,4.266184,0.296948,0.288441,3670.670762,136.994501,63.160656
GP (untuned),gp_untuned,6,79,True,,0.6112529978787807,0.051162,3.196154,0.298641,0.236316,3827.163932,121.26966,69.132094
GP (untuned),gp_untuned,6,80,True,,0.42989402432409785,0.051624,3.463657,0.28,0.261129,3754.416016,134.58155,70.441409
GP (untuned),gp_untuned,6,81,True,,0.5708454834197169,0.051578,3.411637,0.286331,0.249227,3723.926494,140.881055,76.745449
GP (untuned),gp_untuned,6,82,True,,0.6340776685108804,0.051321,4.229763,0.285892,0.252519,3594.235215,118.356336,109.650069
GP (untuned),gp_untuned,6,83,True,,0.7400824293418133,0.051681,3.879551,0.29049,0.271889,3544.568931,160.345639,45.501543
GP (untuned),gp_untuned,6,84,True,,0.42958004914565906,0.051416,3.507371,0.28,0.252197,3761.604177,121.487213,102.067935
GP (untuned),gp_untuned,6,85,True,,0.5907100027328464,0.051194,3.547061,0.296866,0.2,3812.807352,123.912728,87.039423
GP (untuned),gp_untuned,6,86,True,,0.4489802904685401,0.051493,3.313773,0.28,0.256032,3867.811898,121.896702,69.015909
GP (untuned),gp_untuned,6,87,True,,0.851991684544546,0.051457,2.110772,0.28,0.211953,3687.132698,100.949284,36.208885
GP (untuned),gp_untuned,6,88,True,,0.4650961634911592,0.051517,3.191052,0.28,0.24472,3905.59837,123.227667,72.93281
GP (untuned),gp_untuned,6,89,True,,0.7209119011171481,0.050921,3.476707,0.286272,0.216596,3817.523631,111.09538,85.378772
GP (untuned),gp_untuned,6,90,True,,0.6602478684935331,0.051498,2.414475,0.287639,0.249209,3613.051061,175.0,19.483428
GP (untuned),gp_untuned,6,91,True,,0.6807400084027538,0.05104,3.445063,0.297548,0.2,3751.853766,130.822957,82.723555
GP (untuned),gp_untuned,6,92,False,min_image,,0.0,3.145941,0.28,0.251303,3761.341178,146.673668,104.187312
GP (untuned),gp_untuned,6,93,True,,0.5489139339619674,0.051515,3.258411,0.297632,0.262605,3750.070332,121.455112,107.368782
GP (untuned),gp_untuned,6,94,True,,2.7346659454819204,0.050526,3.385053,0.311937,0.207367,2575.213952,128.045906,12.384533
GP (untuned),gp_untuned,6,95,True,,0.5655675891472101,0.050998,3.326851,0.302714,0.207421,4037.634403,120.484475,145.947287
GP (untuned),gp_untuned,6,96,True,,1.561047843382041,0.051368,1.30726,0.28191,0.2,3104.3522,109.909267,131.674136
GP (untuned),gp_untuned,6,97,True,,0.44625546925180193,0.051373,3.56092,0.280524,0.251837,3749.579342,120.06936,101.10113
GP (untuned),gp_untuned,6,98,True,,3.647147315886373,0.050675,4.416282,0.356316,0.295248,3448.346639,96.546541,16.619249
GP (untuned),gp_untuned,6,99,True,,1.0936797118621098,0.051535,4.671679,0.318901,0.288604,3681.918126,120.698622,84.571467
GP (untuned),gp_untuned,6,100,True,,0.9017067527352332,0.051575,3.202422,0.30547,0.254913,3843.102931,154.594096,120.094527
GP (untuned),gp_untuned,6,101,True,,0.6062381832765926,0.051855,4.105638,0.28,0.258592,3740.913248,137.398709,97.293778
GP (untuned),gp_untuned,6,102,False,blowup,,0.050842,7.71838,0.28,0.263785,3921.354633,129.017359,35.435765
GP (untuned),gp_untuned,6,103,True,,0.7699438777698199,0.052275,3.693637,0.285888,0.246861,3605.064778,153.102867,63.042289
GP (untuned),gp_untuned,6,104,True,,0.7828832000126664,0.051161,3.052937,0.305612,0.255438,3744.205898,109.977268,94.810436
GP (untuned),gp_untuned,6,105,True,,0.9391874336887883,0.051319,3.524995,0.314606,0.27283,3834.730925,148.27207,109.230926
GP (untuned),gp_untuned,6,106,False,blowup,,0.005262,3.252838,0.295244,0.250375,584.995425,145.272739,76.881107
GP (untuned),gp_untuned,6,107,True,,1.0809001331266304,0.051677,3.608324,0.326147,0.271633,4016.541178,148.749897,28.691511
GP (untuned),gp_untuned,6,108,True,,0.6898551423447894,0.051442,2.841422,0.29592,0.222986,3829.706417,113.061736,68.15884
GP (untuned),gp_untuned,6,109,True,,0.7949306951560641,0.051337,3.040894,0.313841,0.251306,3783.320575,112.264426,150.0
GP (untuned),gp_untuned,6,110,True,,1.0315782181764819,0.051426,2.237463,0.289452,0.234113,3782.821681,164.863172,44.182375
GP (untuned),gp_untuned,6,111,True,,0.9015670031386791,0.051643,3.437067,0.289034,0.288964,3623.387464,98.449598,138.113243
GP (untuned),gp_untuned,6,112,True,,0.8259206197392632,0.051794,3.41598,0.29699,0.271519,3703.255651,157.579558,60.221409
GP (untuned),gp_untuned,6,113,True,,0.8812551408524595,0.051767,3.482095,0.301516,0.2648,3655.287304,157.812797,100.257952
GP (untuned),gp_untuned,6,114,True,,0.5774309808566431,0.050975,3.421592,0.293167,0.2,4152.972464,123.533873,101.013898
GP (untuned),gp_untuned,6,115,True,,1.0111676770194007,0.051659,3.759668,0.308475,0.26499,3836.035933,149.101446,107.717982
GP (untuned),gp_untuned,6,116,True,,0.6132249237694355,0.051617,3.933612,0.291071,0.256152,3365.774962,121.505728,132.642273
GP (untuned),gp_untuned,6,117,True,,0.737592932031281,0.051374,2.18265,0.28,0.241531,3754.871393,132.996277,77.859048
GP (untuned),gp_untuned,6,118,True,,1.0639461398246604,0.050671,4.022117,0.323503,0.2,4642.420962,131.985854,61.896975
GP (untuned),gp_untuned,6,119,True,,1.001152568214106,0.051399,2.299305,0.293136,0.258277,3891.362803,162.455871,136.621292
GP (untuned),gp_untuned,6,120,True,,1.3655612004155824,0.051441,3.890303,0.325767,0.308472,3696.658615,136.4305,55.36098
GP (untuned),gp_untuned,6,121,True,,0.975475777257519,0.051185,3.302608,0.303559,0.265888,3753.220488,170.645861,126.160891
GP (untuned),gp_untuned,6,122,True,,0.8412877538757909,0.051272,3.438095,0.315717,0.255471,3807.259945,144.690419,51.901179
GP (untuned),gp_untuned,6,123,True,,0.8111858534455219,0.051551,1.930587,0.295944,0.231851,3778.630892,122.979711,45.816191
GP (untuned),gp_untuned,6,124,True,,0.6499787009303888,0.051258,2.28515,0.28,0.226654,3941.080461,149.466698,25.927742
GP (untuned),gp_untuned,6,125,True,,1.0679166461147165,0.051546,2.989785,0.320275,0.266102,3891.053785,161.712623,128.123285
GP (untuned),gp_untuned,6,126,True,,1.0712776988681483,0.050652,3.48926,0.346625,0.206882,3992.832061,122.217461,102.945314
GP (untuned),gp_untuned,6,127,True,,0.5264694029555849,0.051456,3.093365,0.28,0.249783,3755.339003,142.406085,83.244709
GP (untuned),gp_untuned,6,128,True,,0.38914215521544254,0.051426,3.078498,0.28,0.256718,3830.318535,122.041701,87.040147
GP (untuned),gp_untuned,6,129,True,,0.5819426170751628,0.050973,3.436308,0.28,0.2,3993.219258,116.546907,79.310074
GP (untuned),gp_untuned,6,130,True,,1.9526479898095217,0.050787,1.0,0.28,0.201977,3767.628263,106.460583,34.395498
GP (untuned),gp_untuned,6,131,True,,0.6191529217121757,0.051306,3.325571,0.300038,0.27574,3794.101815,131.95955,105.023296
GP (untuned),gp_untuned,6,132,True,,0.45464429365250153,0.05103,3.383112,0.28033,0.205414,3794.186091,123.711295,95.975302
GP (untuned),gp_untuned,6,133,True,,0.4247980270761356,0.051186,2.951181,0.28,0.225655,3605.53921,128.804299,101.180147
GP (untuned),gp_untuned,6,134,True,,0.54038157109093,0.050774,3.473237,0.28,0.2,3838.250071,120.754594,83.138062
GP (untuned),gp_untuned,6,135,True,,0.8108780739746629,0.050704,3.576961,0.290145,0.252524,3694.475931,146.104468,69.080317
GP (untuned),gp_untuned,6,136,True,,0.4795075391644614,0.050985,2.561438,0.28,0.244043,3539.856341,121.502064,112.178178
GP (untuned),gp_untuned,6,137,True,,0.49381458223129654,0.050803,3.522033,0.28,0.208334,3834.706078,125.710904,125.338596
GP (untuned),gp_untuned,6,138,True,,1.5813145223060918,0.051197,1.452608,0.291917,0.226937,3897.969439,98.332009,89.922665
GP (untuned),gp_untuned,6,139,False,blowup,,0.036027,3.460255,0.28,0.20629,3708.185733,127.195506,116.568006
GP (untuned),gp_untuned,6,140,True,,1.0748718465570435,0.050691,2.65438,0.31207,0.248512,3601.546968,93.805349,138.31826
GP (untuned),gp_untuned,6,141,True,,0.9616306476890429,0.050385,3.519725,0.301862,0.200267,3897.517495,174.364217,81.024576
GP (untuned),gp_untuned,6,142,True,,0.4022303424508578,0.05082,3.227849,0.296017,0.227413,3976.119952,123.201637,30.504386
GP (untuned),gp_untuned,6,143,True,,1.4254729036674207,0.050773,3.34203,0.327728,0.2,4728.405078,89.946767,66.457792
GP (untuned),gp_untuned,6,144,False,blowup,,0.048493,5.133828,0.28,0.306001,3939.432811,131.888441,87.685251
GP (untuned),gp_untuned,6,145,True,,1.3926527185746325,0.051464,4.645004,0.318615,0.3146,3452.16068,103.554617,51.586965
GP (untuned),gp_untuned,6,146,True,,0.7266577767307729,0.050765,3.465167,0.300403,0.226294,3930.68202,104.92102,128.363493
GP (untuned),gp_untuned,6,147,False,blowup,,0.03293,6.785294,0.367512,0.254028,3017.966294,148.053938,62.420455
GP (untuned),gp_untuned,6,148,True,,0.6361536505384311,0.050772,3.485792,0.288898,0.216312,3870.21014,111.35527,66.96508
GP (untuned),gp_untuned,6,149,True,,0.6707252831428617,0.050892,3.454347,0.280897,0.209883,3976.174567,111.320957,64.651644
GP (untuned),gp_untuned,6,150,True,,0.9878158389391661,0.0512,2.616936,0.301048,0.271742,4075.896342,173.606746,110.650373
GP (untuned),gp_untuned,7,1,True,,2.394985390918741,0.047864,2.591374,0.334225,0.395645,2951.275515,109.261213,43.261272
GP (untuned),gp_untuned,7,2,False,min_image,,0.0,4.694354,0.427696,0.266168,2600.476935,144.06139,102.486005
GP (untuned),gp_untuned,7,3,False,blowup,,0.002646,2.838086,0.40763,0.250979,5167.249683,96.535013,119.660709
GP (untuned),gp_untuned,7,4,True,,0.9924491345577566,0.049773,3.502327,0.31287,0.220095,3102.766654,138.30183,142.93101
GP (untuned),gp_untuned,7,5,False,blowup,,0.004327,7.705396,0.310528,0.228543,867.64536,131.987337,49.98034
GP (untuned),gp_untuned,7,6,False,blowup,,0.002556,3.931301,0.447658,0.358714,2322.508569,108.532212,78.073496
GP (untuned),gp_untuned,7,7,False,blowup,,0.003042,3.836393,0.393434,0.2879,4777.718876,145.039748,111.817797
GP (untuned),gp_untuned,7,8,False,blowup,,0.002726,5.543832,0.37476,0.373706,1204.316888,122.550913,100.588831
GP (untuned),gp_untuned,7,9,False,min_image,,0.0,1.277523,0.296252,0.359779,2653.375512,144.832935,77.778906
GP (untuned),gp_untuned,7,10,False,blowup,,0.003072,2.805682,0.36838,0.373621,2972.424344,90.450525,120.855312
GP (untuned),gp_untuned,7,11,True,,1.7343885691845198,0.04797,2.59431,0.309661,0.363922,6000.0,129.671268,5.0
GP (untuned),gp_untuned,7,12,True,,4.376785427561305,0.047907,8.0,0.319895,0.4,400.0,97.840858,5.0
GP (untuned),gp_untuned,7,13,True,,0.7537684670190961,0.049809,3.215917,0.312941,0.225577,3342.889479,141.460913,129.114434
GP (untuned),gp_untuned,7,14,True,,0.8163207425340483,0.049923,2.951824,0.312868,0.229418,3476.471209,143.375051,122.219571
GP (untuned),gp_untuned,7,15,True,,0.6419443236078565,0.049675,2.933368,0.308991,0.2,3399.728273,143.530407,131.629943
GP (untuned),gp_untuned,7,16,True,,0.7561016092084517,0.048539,3.320292,0.305661,0.2,3117.545953,144.024057,136.326563
GP (untuned),gp_untuned,7,17,True,,0.6885478795952331,0.048595,3.256842,0.3043,0.2,3390.512103,141.042889,143.096701
GP (untuned),gp_untuned,7,18,True,,0.7139226712099088,0.049394,2.217651,0.301334,0.2,3498.910577,145.657701,118.61685
GP (untuned),gp_untuned,7,19,False,min_image,,0.0,3.657936,0.309344,0.205295,6000.0,145.230748,16.492258
GP (untuned),gp_untuned,7,20,True,,1.7847286489032865,0.048106,1.0,0.296094,0.205958,6000.0,175.0,150.0
GP (untuned),gp_untuned,7,21,True,,1.5462424333040727,0.049436,1.0,0.291347,0.276412,5475.416441,151.332278,114.209243
GP (untuned),gp_untuned,7,22,True,,1.8632236437198977,0.047672,1.0,0.282983,0.2,6000.0,143.517037,150.0
GP (untuned),gp_untuned,7,23,False,blowup,,0.002537,1.0,0.324299,0.292543,6000.0,135.921989,95.538282
GP (untuned),gp_untuned,7,24,True,,0.6888066559132496,0.049772,2.719021,0.305151,0.216868,3472.427932,142.868381,127.622043
GP (untuned),gp_untuned,7,25,True,,0.7426389548885565,0.049828,2.681212,0.284375,0.2,3471.417999,153.841966,130.73314
GP (untuned),gp_untuned,7,26,True,,0.8575111142540219,0.049019,2.892879,0.352078,0.2,3484.442002,125.044139,128.400619
GP (untuned),gp_untuned,7,27,True,,0.5979999301039188,0.048683,2.551195,0.28,0.223643,2186.297044,133.677512,127.797234
GP (untuned),gp_untuned,7,28,True,,2.69501426772545,0.048138,2.211929,0.28,0.227403,846.22485,174.516612,128.397881
GP (untuned),gp_untuned,7,29,False,blowup,,0.018871,4.550697,0.281448,0.222139,2432.388012,129.263749,128.257934
GP (untuned),gp_untuned,7,30,True,,1.4075139623067083,0.049228,2.293394,0.28,0.393059,6000.0,175.0,5.0
GP (untuned),gp_untuned,7,31,True,,0.8474152915464199,0.048561,3.092267,0.28,0.2,2401.32079,175.0,150.0
GP (untuned),gp_untuned,7,32,True,,0.7444904063137467,0.05102,2.965569,0.289169,0.203027,3201.745871,150.687077,137.535984
GP (untuned),gp_untuned,7,33,True,,1.316476775397566,0.047873,2.107676,0.28,0.245084,2765.171551,171.544115,39.91029
GP (untuned),gp_untuned,7,34,True,,0.9863261953260234,0.047972,2.967751,0.352183,0.203218,3226.136736,167.079513,68.82027
GP (untuned),gp_untuned,7,35,True,,0.42881208641984636,0.048632,2.955511,0.28,0.203723,3378.652256,121.022386,142.799907
GP (untuned),gp_untuned,7,36,True,,1.4907270044703276,0.04777,2.09752,0.28,0.277167,5279.036899,165.191772,150.0
GP (untuned),gp_untuned,7,37,True,,0.45575735467419387,0.048265,2.966209,0.28,0.210543,3223.215919,130.44134,150.0
GP (untuned),gp_untuned,7,38,True,,0.6398787268932938,0.048223,2.521405,0.28,0.224675,3266.015175,128.445137,94.393261
GP (untuned),gp_untuned,7,39,True,,0.4631451086714923,0.049532,2.965722,0.28,0.204068,3102.604512,133.948389,150.0
GP (untuned),gp_untuned,7,40,True,,0.9280113940404242,0.048652,2.961402,0.28,0.204736,3197.789146,89.543373,136.246652
GP (untuned),gp_untuned,7,41,True,,0.7817620808691935,0.048627,2.677019,0.299073,0.217261,2900.557456,154.147523,125.676944
GP (untuned),gp_untuned,7,42,True,,0.6225220609954834,0.048315,2.929776,0.28,0.21327,3182.087768,107.031365,138.61348
GP (untuned),gp_untuned,7,43,True,,0.6229288904193953,0.048578,2.95835,0.28,0.204648,3397.056897,145.069934,150.0
GP (untuned),gp_untuned,7,44,True,,0.9962702853297821,0.048107,2.532505,0.310215,0.228573,3368.881111,156.614313,150.0
GP (untuned),gp_untuned,7,45,True,,1.8925840767688762,0.049785,2.352083,0.338405,0.221529,3212.476174,158.899184,5.0
GP (untuned),gp_untuned,7,46,True,,0.9496119209543128,0.047901,2.450242,0.321173,0.226195,2891.507634,141.101786,150.0
GP (untuned),gp_untuned,7,47,True,,0.5349785513007747,0.05003,3.130629,0.28,0.206907,3124.728187,114.777576,122.950886
GP (untuned),gp_untuned,7,48,True,,1.528728185332752,0.047912,2.568031,0.28,0.308289,3135.249317,134.449235,150.0
GP (untuned),gp_untuned,7,49,True,,3.4160796300193006,0.047644,2.381464,0.37414,0.312456,3904.470243,129.53463,5.0
GP (untuned),gp_untuned,7,50,True,,0.8673812522591923,0.048734,2.192637,0.28,0.2,3659.006757,175.0,150.0
GP (untuned),gp_untuned,7,51,True,,0.7383631580580613,0.048783,2.264697,0.28,0.200228,3378.732106,115.862542,150.0
GP (untuned),gp_untuned,7,52,True,,0.9262854247884053,0.048216,2.748825,0.28,0.23771,2536.1791,175.0,150.0
GP (untuned),gp_untuned,7,53,True,,0.9062437962002337,0.048202,2.342405,0.28,0.208653,2528.230574,98.08634,96.684252
GP (untuned),gp_untuned,7,54,True,,0.8308289987134917,0.048066,2.452294,0.285985,0.216204,2364.736311,106.868959,83.048702
GP (untuned),gp_untuned,7,55,True,,1.0811002443368016,0.04799,2.302932,0.28,0.4,6000.0,175.0,150.0
GP (untuned),gp_untuned,7,56,True,,0.5988280550775049,0.050501,3.174784,0.28,0.208222,2949.811124,136.719313,150.0
GP (untuned),gp_untuned,7,57,True,,0.9653384321959817,0.048408,2.263172,0.28,0.4,6000.0,97.817347,150.0
GP (untuned),gp_untuned,7,58,True,,0.7671569752217025,0.04883,2.372068,0.28,0.206526,2674.841044,145.819392,150.0
GP (untuned),gp_untuned,7,59,True,,2.1916326040588743,0.047502,1.0,0.28,0.2,3742.365731,169.153915,150.0
GP (untuned),gp_untuned,7,60,True,,1.9216192827813456,0.047991,1.216214,0.28,0.335395,6000.0,85.096942,150.0
GP (untuned),gp_untuned,7,61,True,,1.0304113160116333,0.04991,2.64985,0.28,0.4,6000.0,102.79876,150.0
GP (untuned),gp_untuned,7,62,True,,0.6313040726429874,0.048083,2.62383,0.28,0.4,3767.682506,125.609199,150.0
GP (untuned),gp_untuned,7,63,False,blowup,,0.002673,8.0,0.45,0.4,400.0,80.0,150.0
GP (untuned),gp_untuned,7,64,True,,1.2604221322732359,0.049373,3.228583,0.341029,0.2,2882.025472,93.476611,150.0
GP (untuned),gp_untuned,7,65,True,,2.727297011091346,0.047987,2.558353,0.28,0.4,4632.930237,175.0,150.0
GP (untuned),gp_untuned,7,66,True,,0.9396538719150754,0.048123,2.166049,0.28,0.3884,6000.0,158.278914,150.0
GP (untuned),gp_untuned,7,67,True,,0.61561545691602,0.048241,2.568407,0.28,0.213245,2319.106338,131.593907,150.0
GP (untuned),gp_untuned,7,68,True,,0.466882819039381,0.048051,3.079717,0.306719,0.2,3161.638869,127.727763,143.039609
GP (untuned),gp_untuned,7,69,True,,1.2836741331416421,0.049307,2.649792,0.28,0.4,3473.738608,92.64458,99.338527
GP (untuned),gp_untuned,7,70,True,,1.6826119158711517,0.050279,2.66185,0.28,0.4,2982.804006,138.827808,150.0
GP (untuned),gp_untuned,7,71,True,,0.6584117675043054,0.048476,2.189104,0.28,0.205962,3867.684174,136.580354,146.429264
GP (untuned),gp_untuned,7,72,True,,0.4681145110251934,0.049468,2.961374,0.28,0.200579,3330.996893,122.270773,150.0
GP (untuned),gp_untuned,7,73,True,,0.5784459070622318,0.048452,2.616827,0.28,0.207781,2118.414107,143.510093,150.0
GP (untuned),gp_untuned,7,74,True,,1.3355881286957114,0.047806,1.420677,0.28,0.298905,6000.0,169.351548,150.0
GP (untuned),gp_untuned,7,75,True,,0.5094689224033321,0.049309,3.083523,0.301939,0.2,3148.971381,129.203441,150.0
GP (untuned),gp_untuned,7,76,True,,0.4203419025422755,0.048132,3.00648,0.28,0.2,3099.483274,124.462079,80.390897
GP (untuned),gp_untuned,7,77,True,,0.8123813471424715,0.050143,2.216922,0.28,0.4,6000.0,129.728742,150.0
GP (untuned),gp_untuned,7,78,True,,1.6685733188967757,0.048313,3.0714,0.282391,0.208311,3115.331027,125.015467,11.672281
GP (untuned),gp_untuned,7,79,True,,0.3921414134438563,0.048338,2.974435,0.28,0.2,3139.322277,129.457516,108.349526
GP (untuned),gp_untuned,7,80,True,,0.6071293794882666,0.049954,2.143542,0.28,0.4,6000.0,124.800464,21.02943
GP (untuned),gp_untuned,7,81,True,,0.6711784155878945,0.049701,2.569496,0.28,0.2,2324.105409,143.36337,98.076573
GP (untuned),gp_untuned,7,82,True,,1.0471187796523254,0.047921,3.20871,0.355373,0.203059,2716.70849,144.801535,121.629402
GP (untuned),gp_untuned,7,83,True,,0.7370739068971157,0.047918,2.078029,0.28,0.365671,6000.0,129.28439,66.838725
GP (untuned),gp_untuned,7,84,True,,0.8771302341095195,0.048144,1.966715,0.28,0.2,4020.925192,143.117276,120.430163
GP (untuned),gp_untuned,7,85,True,,0.8378166660160221,0.048058,2.291175,0.28,0.214641,2072.252584,144.678609,117.848058
GP (untuned),gp_untuned,7,86,True,,0.8610252203452959,0.048014,1.873578,0.28,0.4,6000.0,164.146157,5.0
GP (untuned),gp_untuned,7,87,True,,1.569989027163412,0.047951,1.0,0.28,0.4,6000.0,175.0,5.0
GP (untuned),gp_untuned,7,88,True,,1.558063535754517,0.047832,1.113565,0.28,0.266863,6000.0,175.0,5.0
GP (untuned),gp_untuned,7,89,True,,1.5370402254251923,0.048109,2.38891,0.28,0.4,3972.083139,104.723888,150.0
GP (untuned),gp_untuned,7,90,False,min_image,,0.0,2.078879,0.28,0.378416,6000.0,145.395017,74.322598
GP (untuned),gp_untuned,7,91,True,,0.6101107945056798,0.048813,2.157718,0.28,0.393316,6000.0,119.431399,81.552807
GP (untuned),gp_untuned,7,92,True,,0.43508017753141853,0.048007,2.925969,0.28,0.2,3059.484282,132.788565,102.832567
GP (untuned),gp_untuned,7,93,True,,0.7666262873364137,0.049964,3.086062,0.28,0.21435,3200.474528,175.0,150.0
GP (untuned),gp_untuned,7,94,True,,0.8323779474689732,0.050755,2.987519,0.28,0.2,2762.217478,159.539907,150.0
GP (untuned),gp_untuned,7,95,True,,1.6592699409399836,0.049312,2.079605,0.28,0.4,6000.0,102.80582,5.0
GP (untuned),gp_untuned,7,96,True,,0.8299094146569486,0.049629,2.156211,0.28,0.39214,6000.0,139.67983,59.368485
GP (untuned),gp_untuned,7,97,True,,0.6684915137280478,0.048617,2.315035,0.28,0.4,6000.0,128.126861,118.312356
GP (untuned),gp_untuned,7,98,True,,0.5820793929139048,0.048122,2.875073,0.28,0.2,2858.479509,133.974343,111.535812
GP (untuned),gp_untuned,7,99,True,,1.2985470356225906,0.048303,1.899828,0.28,0.255616,6000.0,154.198333,97.769373
GP (untuned),gp_untuned,7,100,True,,0.5408936099889544,0.049435,3.13131,0.28,0.2,2805.151404,133.165425,140.851176
GP (untuned),gp_untuned,7,101,True,,0.9793903225355542,0.04815,2.829838,0.28,0.4,3191.05045,116.009804,150.0
GP (untuned),gp_untuned,7,102,True,,0.7126941695942506,0.04984,2.285677,0.28,0.2,3879.444636,135.823338,88.591076
GP (untuned),gp_untuned,7,103,True,,0.6421016122245241,0.047989,2.558965,0.28,0.2,3207.940309,139.214824,97.799132
GP (untuned),gp_untuned,7,104,True,,0.39014745248357535,0.04952,3.097469,0.28,0.224182,2970.339577,126.209572,148.225082
GP (untuned),gp_untuned,7,105,True,,0.39899846229572744,0.049768,3.087394,0.28,0.226452,3020.567358,127.054315,150.0
GP (untuned),gp_untuned,7,106,True,,0.6802429018328899,0.048963,2.473746,0.28,0.219237,2994.576984,132.806256,96.419226
GP (untuned),gp_untuned,7,107,True,,0.6323231490045725,0.047702,2.171223,0.28,0.382517,6000.0,119.506951,109.058733
GP (untuned),gp_untuned,7,108,True,,0.5809815961275344,0.050209,2.608851,0.28,0.2,3201.634355,140.610984,150.0
GP (untuned),gp_untuned,7,109,True,,0.953073767724405,0.047617,2.672637,0.28,0.4,2528.285543,105.766657,150.0
GP (untuned),gp_untuned,7,110,True,,0.4895642786187785,0.049879,3.128058,0.28,0.211009,3097.707482,132.764738,150.0
GP (untuned),gp_untuned,7,111,True,,0.5463889820386743,0.049933,2.216769,0.28,0.2,2673.673507,125.766735,119.568259
GP (untuned),gp_untuned,7,112,True,,0.8583797653866427,0.050086,1.70763,0.28,0.2,3607.804711,138.742153,134.363595
GP (untuned),gp_untuned,7,113,True,,0.6126814863775918,0.048115,2.748976,0.28,0.2,4520.75135,137.717895,94.800698
GP (untuned),gp_untuned,7,114,False,min_image,,0.0,2.625744,0.28,0.2,2458.904539,131.201486,150.0
GP (untuned),gp_untuned,7,115,True,,0.938345932217929,0.051708,3.026132,0.286528,0.351269,3763.669561,158.907714,135.243637
GP (untuned),gp_untuned,7,116,True,,0.44280624201710167,0.048629,2.949774,0.28,0.2,4324.220599,132.536497,145.466813
GP (untuned),gp_untuned,7,117,True,,0.8652316120344676,0.050749,3.050762,0.28,0.2,4201.355453,161.968428,133.212645
GP (untuned),gp_untuned,7,118,False,blowup,,0.004861,2.8236,0.300555,0.2,400.0,156.108957,150.0
GP (untuned),gp_untuned,7,119,True,,0.8571547586804776,0.050632,3.020325,0.284016,0.201916,3305.114196,163.628221,138.925466
GP (untuned),gp_untuned,7,120,False,blowup,,0.003089,2.505844,0.28,0.359083,4370.744178,159.34866,150.0
GP (untuned),gp_untuned,7,121,True,,1.660925299036447,0.04895,3.045466,0.42751,0.204357,2919.863724,104.634458,150.0
GP (untuned),gp_untuned,7,122,True,,0.8611566212326617,0.049203,2.61364,0.341362,0.202641,2750.103474,140.048773,132.929558
GP (untuned),gp_untuned,7,123,True,,0.5470884686275738,0.048329,2.824492,0.28,0.2,3224.838873,110.893495,150.0
GP (untuned),gp_untuned,7,124,True,,0.4704125280808203,0.048155,2.585745,0.28,0.2,4393.397485,119.698346,150.0
GP (untuned),gp_untuned,7,125,True,,0.8713765766203686,0.050932,3.05431,0.28,0.316499,3875.881814,153.613037,150.0
GP (untuned),gp_untuned,7,126,True,,0.8195712164534518,0.049998,3.035213,0.28,0.2,2884.901033,161.692061,150.0
GP (untuned),gp_untuned,7,127,True,,0.8818971283008848,0.047824,2.322238,0.28,0.2,5554.421833,175.0,150.0
GP (untuned),gp_untuned,7,128,True,,0.9498145507021453,0.050848,3.045722,0.28,0.205304,3614.934612,92.311981,150.0
GP (untuned),gp_untuned,7,129,True,,1.157809701852629,0.049949,1.530434,0.28,0.2,4031.499316,141.521267,150.0
GP (untuned),gp_untuned,7,130,True,,1.142792036167086,0.049762,1.965483,0.28,0.388984,6000.0,152.679201,150.0
GP (untuned),gp_untuned,7,131,True,,1.0705509458003657,0.050838,3.078308,0.28,0.4,3875.142779,103.184306,150.0
GP (untuned),gp_untuned,7,132,True,,1.1724862718853195,0.047833,2.302239,0.28,0.2,4942.426894,174.434496,150.0
GP (untuned),gp_untuned,7,133,True,,1.1193058543474115,0.04769,1.76585,0.28,0.4,1985.639509,156.490938,150.0
GP (untuned),gp_untuned,7,134,True,,0.639573942856348,0.047873,2.719981,0.28,0.2,3308.48078,137.156391,150.0
GP (untuned),gp_untuned,7,135,True,,0.7202062490634137,0.049417,2.605709,0.28,0.201857,2703.304651,156.072769,150.0
GP (untuned),gp_untuned,7,136,True,,0.7180638684965186,0.049994,2.728006,0.28,0.23365,2905.045463,102.170117,132.241577
GP (untuned),gp_untuned,7,137,True,,0.6720582498872706,0.047843,2.746722,0.28,0.2,2642.254497,154.591899,150.0
GP (untuned),gp_untuned,7,138,True,,0.4720014277262846,0.050897,2.804277,0.28,0.231941,3953.89626,137.181066,57.970323
GP (untuned),gp_untuned,7,139,True,,0.5185190774587893,0.050969,2.782042,0.28,0.249122,3883.301827,124.319547,150.0
GP (untuned),gp_untuned,7,140,True,,0.7961170622897614,0.048505,2.443192,0.28,0.2,2250.600051,104.034025,150.0
GP (untuned),gp_untuned,7,141,True,,0.8723570826926174,0.050826,2.451765,0.28,0.200559,3936.284353,148.365004,150.0
GP (untuned),gp_untuned,7,142,True,,0.4891520522871053,0.051032,3.085255,0.28,0.266627,3876.813118,118.042159,150.0
GP (untuned),gp_untuned,7,143,True,,1.3863288256159731,0.047242,2.253133,0.28,0.289381,6000.0,86.988914,150.0
GP (untuned),gp_untuned,7,144,True,,0.7606310398759264,0.048686,2.372714,0.28,0.237703,2472.832841,148.463053,150.0
GP (untuned),gp_untuned,7,145,False,min_image,,0.0,3.169468,0.28,0.263463,3841.707711,138.943169,77.346866
GP (untuned),gp_untuned,7,146,True,,0.746920874868941,0.050707,3.091061,0.282377,0.275315,3954.875723,105.319383,146.518148
GP (untuned),gp_untuned,7,147,True,,0.9424279553806761,0.05087,2.682221,0.295286,0.236757,4019.841592,169.281117,95.9732
GP (untuned),gp_untuned,7,148,True,,0.8796406143763257,0.050895,2.834729,0.28,0.242262,4046.250318,102.951156,150.0
GP (untuned),gp_untuned,7,149,True,,0.43410265716331886,0.048582,2.928822,0.298161,0.2,3380.58522,124.985429,139.222932
GP (untuned),gp_untuned,7,150,True,,0.5254523685969386,0.050924,2.745793,0.28,0.224139,3953.093746,116.191015,57.474888
GP (untuned),gp_untuned,8,1,False,blowup,,0.026715,1.077801,0.320705,0.275503,4972.183178,120.123326,93.744833
GP (untuned),gp_untuned,8,2,True,,3.0482583699481993,0.051267,7.485069,0.304909,0.340306,2654.993272,157.735268,8.085791
GP (untuned),gp_untuned,8,3,False,min_image,,0.0,1.376675,0.325429,0.258428,4188.512617,108.558712,31.491905
GP (untuned),gp_untuned,8,4,False,blowup,,0.00866,4.595394,0.394507,0.224342,2262.774291,106.073199,87.700008
GP (untuned),gp_untuned,8,5,True,,0.8233974169529314,0.050812,1.796672,0.393098,0.212751,3083.955875,141.633212,25.011712
GP (untuned),gp_untuned,8,6,True,,0.8117229474205118,0.050758,2.584875,0.376889,0.252251,1412.548352,115.549666,73.833516
GP (untuned),gp_untuned,8,7,True,,1.250408485470786,0.050349,6.058674,0.355144,0.309697,3909.144107,127.474906,111.952367
GP (untuned),gp_untuned,8,8,False,min_image,,0.0,4.082044,0.282279,0.205183,1918.576706,154.407103,141.695874
GP (untuned),gp_untuned,8,9,False,min_image,,0.0,6.227122,0.364247,0.223504,4782.804113,83.093745,20.488621
GP (untuned),gp_untuned,8,10,False,blowup,,0.002793,4.298665,0.359578,0.362932,1752.96094,139.353384,81.513994
GP (untuned),gp_untuned,8,11,True,,4.3901724211801865,0.050216,5.178427,0.389244,0.282165,5377.105549,145.701297,88.507539
GP (untuned),gp_untuned,8,12,True,,0.784517584272009,0.051104,1.740849,0.39623,0.205271,3013.492458,115.579551,51.892142
GP (untuned),gp_untuned,8,13,True,,1.6210214798900093,0.051097,3.209404,0.378009,0.267188,1400.528605,102.30875,102.459661
GP (untuned),gp_untuned,8,14,True,,0.6010900930235301,0.050873,2.402927,0.377057,0.245435,1416.401415,119.828112,64.015104
GP (untuned),gp_untuned,8,15,True,,1.6478624347050674,0.051189,2.186961,0.378211,0.26796,2729.798519,122.444911,58.22876
GP (untuned),gp_untuned,8,16,False,blowup,,0.021003,2.178675,0.377461,0.2279,1209.697606,101.369069,96.776869
GP (untuned),gp_untuned,8,17,True,,0.8657548840271511,0.051227,2.381387,0.377708,0.247776,1161.818241,160.293763,31.523002
GP (untuned),gp_untuned,8,18,False,blowup,,0.002726,2.396991,0.37668,0.23624,765.680166,144.778678,112.946641
GP (untuned),gp_untuned,8,19,False,blowup,,0.002767,8.0,0.428128,0.4,1963.403993,136.830246,5.0
GP (untuned),gp_untuned,8,20,True,,0.6315595452440625,0.05119,2.280229,0.373744,0.238056,1401.757969,132.234713,48.01619
GP (untuned),gp_untuned,8,21,True,,0.3609285747202307,0.050839,2.431716,0.376101,0.27459,1015.279361,122.494154,101.147655
GP (untuned),gp_untuned,8,22,True,,2.920334973410968,0.048434,2.452537,0.373862,0.289007,2001.85414,158.465465,147.296327
GP (untuned),gp_untuned,8,23,True,,1.3971280408235014,0.050693,2.451846,0.375851,0.273715,733.591333,95.780711,91.889045
GP (untuned),gp_untuned,8,24,True,,2.812633131360231,0.051318,2.454136,0.376082,0.394718,854.650552,130.008445,75.236257
GP (untuned),gp_untuned,8,25,False,min_image,,0.0,2.687536,0.376402,0.2,1606.980548,143.820535,37.808391
GP (untuned),gp_untuned,8,26,False,min_image,,0.0,2.57869,0.421895,0.250282,400.0,175.0,45.967567
GP (untuned),gp_untuned,8,27,False,blowup,,0.012897,6.450692,0.296691,0.230113,400.0,162.133258,48.209923
GP (untuned),gp_untuned,8,28,True,,1.129351950249061,0.051248,1.26198,0.362568,0.241798,3109.206248,131.342162,123.725089
GP (untuned),gp_untuned,8,29,True,,1.495402978499196,0.047682,3.634829,0.35369,0.214783,1652.626843,142.316436,50.697494
GP (untuned),gp_untuned,8,30,True,,2.3997783029138087,0.051199,7.091451,0.287938,0.298499,1308.707881,128.550327,38.788766
GP (untuned),gp_untuned,8,31,True,,1.4582515464750125,0.051683,1.0,0.313143,0.240749,1328.579398,172.654943,18.813356
GP (untuned),gp_untuned,8,32,False,blowup,,0.006461,1.0,0.281285,0.219573,3022.66802,94.269411,40.851863
GP (untuned),gp_untuned,8,33,True,,0.6891084999900315,0.051441,2.22813,0.320758,0.32184,991.615479,149.600408,59.555456
GP (untuned),gp_untuned,8,34,False,blowup,,0.010609,2.590833,0.423474,0.200863,1024.412109,172.499474,82.097626
GP (untuned),gp_untuned,8,35,True,,0.6419826466486814,0.050167,2.415383,0.397604,0.277135,1075.536426,111.651741,52.402971
GP (untuned),gp_untuned,8,36,True,,4.86073759783877,0.050957,1.421487,0.368433,0.292719,1859.239373,145.07947,150.0
GP (untuned),gp_untuned,8,37,True,,0.684488726624261,0.050824,2.414781,0.357698,0.273446,1544.814649,94.362734,133.618624
GP (untuned),gp_untuned,8,38,True,,2.9180238665010156,0.051053,2.67423,0.357413,0.318418,4408.031106,172.603319,62.495071
GP (untuned),gp_untuned,8,39,True,,4.026908867636802,0.050598,2.470969,0.371429,0.273771,429.669751,93.998574,118.9223
GP (untuned),gp_untuned,8,40,True,,1.331951562020728,0.04784,2.244661,0.28,0.248458,1393.922199,134.048828,77.815332
GP (untuned),gp_untuned,8,41,True,,0.6288325721925345,0.05102,2.076622,0.351064,0.246656,1377.013675,135.082971,53.980928
GP (untuned),gp_untuned,8,42,True,,2.5738933190446516,0.050056,7.479807,0.401666,0.318446,3551.556414,113.687521,123.1726
GP (untuned),gp_untuned,8,43,True,,1.079475267628793,0.051019,1.95055,0.354331,0.274043,1005.655645,169.918748,113.205946
GP (untuned),gp_untuned,8,44,True,,3.3526018301050553,0.050464,4.754057,0.376739,0.274844,1031.375593,80.0,114.950638
GP (untuned),gp_untuned,8,45,True,,1.3896228138233258,0.047687,2.36663,0.404718,0.235258,1929.276115,97.652102,83.510383
GP (untuned),gp_untuned,8,46,True,,0.9382555781547784,0.050447,2.279866,0.359255,0.242151,1488.011701,106.483727,43.877817
GP (untuned),gp_untuned,8,47,True,,1.1962127939752638,0.051307,2.717243,0.322162,0.272753,1092.667983,106.295072,82.666515
GP (untuned),gp_untuned,8,48,True,,0.5127897778682902,0.05023,2.278917,0.396765,0.275421,1008.657973,125.836759,138.161211
GP (untuned),gp_untuned,8,49,True,,1.096877066197915,0.050621,1.673574,0.378861,0.279777,963.864568,118.451304,90.441278
GP (untuned),gp_untuned,8,50,False,blowup,,0.020912,2.621427,0.419981,0.316679,820.323471,136.511741,143.341064
GP (untuned),gp_untuned,8,51,False,min_image,,0.0,1.983227,0.372989,0.244983,1402.287973,90.200982,23.129358
GP (untuned),gp_untuned,8,52,True,,1.6683699470515294,0.050616,1.27079,0.382269,0.239728,1433.502647,161.733282,62.636973
GP (untuned),gp_untuned,8,53,True,,1.1271120987255656,0.05168,2.639657,0.28,0.330542,1157.724104,101.786191,17.468484
GP (untuned),gp_untuned,8,54,True,,3.862212181356971,0.050573,1.358263,0.437744,0.21509,3057.650698,163.779114,97.734081
GP (untuned),gp_untuned,8,55,True,,0.5205884872490746,0.050937,2.127931,0.369875,0.241533,1335.92501,139.973072,22.690893
GP (untuned),gp_untuned,8,56,True,,1.3702813185172624,0.051292,3.141631,0.34103,0.256262,2262.000509,166.925587,62.458874
GP (untuned),gp_untuned,8,57,True,,0.7874914646921872,0.050632,2.414781,0.378878,0.274034,1061.833746,103.647779,48.966111
GP (untuned),gp_untuned,8,58,True,,0.499799559244703,0.051158,1.926374,0.354136,0.245677,1444.485973,131.907546,26.753572
GP (untuned),gp_untuned,8,59,True,,1.003996525183684,0.050397,2.150078,0.413321,0.244544,1399.869346,133.346657,15.345738
GP (untuned),gp_untuned,8,60,True,,0.5641862532577592,0.050318,2.287438,0.387392,0.273228,1176.350986,121.389355,23.04901
GP (untuned),gp_untuned,8,61,True,,1.3973682434981896,0.051688,1.108795,0.28,0.323843,1194.837548,175.0,26.728334
GP (untuned),gp_untuned,8,62,True,,0.27958089205645603,0.050749,2.480375,0.36747,0.276149,1065.700792,127.378475,96.814769
GP (untuned),gp_untuned,8,63,True,,1.1239342486866917,0.050415,2.20295,0.397545,0.274216,1366.448625,125.41992,142.542006
GP (untuned),gp_untuned,8,64,True,,0.799230444006859,0.051663,2.328797,0.28,0.244437,1404.104034,119.781229,87.364685
GP (untuned),gp_untuned,8,65,True,,1.2328566536182874,0.050797,1.52608,0.373203,0.2805,1031.910988,137.049801,36.239788
GP (untuned),gp_untuned,8,66,True,,0.9048384211024847,0.051354,2.660324,0.296919,0.319591,1081.053887,150.912123,17.498801
GP (untuned),gp_untuned,8,67,True,,0.6390483379156479,0.050582,2.697747,0.369889,0.276193,1236.436114,162.659653,39.843148
GP (untuned),gp_untuned,8,68,True,,0.7160550391421631,0.050883,2.934874,0.357203,0.272165,1201.512748,127.929911,137.380876
GP (untuned),gp_untuned,8,69,True,,1.622115029568452,0.051394,2.513023,0.310652,0.269202,1617.158036,92.538945,24.385522
GP (untuned),gp_untuned,8,70,True,,1.4929089417184878,0.050587,1.801394,0.403188,0.245616,1692.335671,80.035586,135.577427
GP (untuned),gp_untuned,8,71,True,,0.9730239595404282,0.05105,2.824482,0.371544,0.243032,1841.921982,147.109269,22.184001
GP (untuned),gp_untuned,8,72,False,blowup,,0.010013,3.901221,0.377423,0.299051,848.352591,87.009676,110.855009
GP (untuned),gp_untuned,8,73,True,,1.3621240218423671,0.050568,2.508835,0.370032,0.339663,901.95006,113.878427,118.358473
GP (untuned),gp_untuned,8,74,True,,1.4624166304201496,0.050162,2.129371,0.396,0.273795,1247.0237,97.787802,25.008085
GP (untuned),gp_untuned,8,75,True,,1.1291308804450388,0.051227,2.415129,0.28,0.333174,772.806098,141.758918,98.437801
GP (untuned),gp_untuned,8,76,True,,1.864598464887996,0.050647,1.256453,0.282896,0.248835,2379.556025,80.0,134.866397
GP (untuned),gp_untuned,8,77,True,,0.7051228189588803,0.051405,2.189941,0.309101,0.326871,1006.733364,143.814508,143.273667
GP (untuned),gp_untuned,8,78,True,,1.08215537754428,0.051412,2.095773,0.313019,0.247253,1587.887659,108.904693,25.487523
GP (untuned),gp_untuned,8,79,False,min_image,,0.0,1.658106,0.406081,0.20698,3129.197298,133.580613,121.86961
GP (untuned),gp_untuned,8,80,True,,2.0823457007547383,0.050327,1.0,0.28,0.22891,2373.525388,146.721996,73.398849
GP (untuned),gp_untuned,8,81,True,,1.6056311210317076,0.05067,2.71099,0.322116,0.27981,1073.915967,83.28428,150.0
GP (untuned),gp_untuned,8,82,True,,0.8208483238876808,0.050961,2.223723,0.349088,0.3193,1027.146013,142.117204,16.814398
GP (untuned),gp_untuned,8,83,True,,1.4349738790016109,0.051468,2.195369,0.321962,0.347553,1077.040445,145.856983,98.992993
GP (untuned),gp_untuned,8,84,True,,0.6683277652431253,0.051272,2.145721,0.320044,0.318696,1071.36278,150.307406,51.713574
GP (untuned),gp_untuned,8,85,True,,1.055868848962497,0.050669,1.873509,0.372634,0.272301,1301.777615,148.274318,69.833137
GP (untuned),gp_untuned,8,86,True,,0.5097154360381266,0.051674,1.839739,0.369293,0.214922,3062.776447,153.18578,78.460697
GP (untuned),gp_untuned,8,87,True,,0.44415600037642644,0.052028,1.94034,0.312254,0.327239,1268.114965,125.417411,94.462309
GP (untuned),gp_untuned,8,88,True,,1.1051116941140184,0.05126,1.778354,0.307336,0.245032,1506.348709,114.366165,93.127785
GP (untuned),gp_untuned,8,89,True,,0.45112116273000524,0.051223,2.004972,0.376046,0.217999,3052.182077,109.905427,75.320519
GP (untuned),gp_untuned,8,90,True,,1.253258679175216,0.051463,1.937399,0.328448,0.218851,3034.637895,94.814856,101.475198
GP (untuned),gp_untuned,8,91,False,blowup,,0.013889,2.493853,0.445319,0.280678,1177.337838,142.418742,118.846991
GP (untuned),gp_untuned,8,92,True,,1.3597774742835222,0.05129,1.807031,0.390147,0.231494,2997.973909,115.619155,50.960857
GP (untuned),gp_untuned,8,93,False,blowup,,0.002762,2.032068,0.371751,0.392545,3028.157061,109.778372,20.047742
GP (untuned),gp_untuned,8,94,True,,0.6279642362018957,0.051088,1.94995,0.364703,0.213314,2996.462815,135.252924,115.628081
GP (untuned),gp_untuned,8,95,True,,0.6591524443632159,0.051115,2.092508,0.375286,0.24229,1610.425703,164.40247,83.336056
GP (untuned),gp_untuned,8,96,False,blowup,,0.00972,2.516321,0.374481,0.276822,1035.897935,159.877562,134.479879
GP (untuned),gp_untuned,8,97,True,,1.1093919638778442,0.051357,2.426573,0.350674,0.205934,2876.368049,175.0,40.811944
GP (untuned),gp_untuned,8,98,True,,3.774433166513485,0.050598,1.0,0.364837,0.349497,1411.963465,173.750562,22.057904
GP (untuned),gp_untuned,8,99,True,,0.932531299640561,0.050902,2.713499,0.325905,0.262036,1494.932099,151.721621,40.662367
GP (untuned),gp_untuned,8,100,True,,1.7294863704829893,0.051597,4.055884,0.28,0.32505,1159.882531,160.89784,144.960292
GP (untuned),gp_untuned,8,101,True,,1.5241162974039257,0.050717,1.849611,0.322296,0.251684,2766.358496,81.418226,61.951675
GP (untuned),gp_untuned,8,102,True,,0.9640361781004093,0.050632,1.13486,0.328618,0.212427,2217.43219,131.073074,139.538255
GP (untuned),gp_untuned,8,103,True,,1.2202127782825487,0.050358,1.0,0.339364,0.22069,695.2653,149.152594,106.218059
GP (untuned),gp_untuned,8,104,True,,0.410542980512377,0.050024,2.026147,0.389309,0.242998,1402.682807,117.092185,73.109457
GP (untuned),gp_untuned,8,105,True,,0.9874446811654405,0.050638,2.404558,0.333779,0.279957,1307.588672,175.0,92.446703
GP (untuned),gp_untuned,8,106,True,,0.920310483168338,0.050933,1.960748,0.33968,0.2,2892.459808,150.553943,43.511531
GP (untuned),gp_untuned,8,107,True,,0.622742240885826,0.0506,2.66011,0.353513,0.28209,2417.065842,115.882861,134.168423
GP (untuned),gp_untuned,8,108,True,,0.6294971555747287,0.050618,2.018558,0.362352,0.240659,2692.855497,102.133737,114.441737
GP (untuned),gp_untuned,8,109,False,min_image,,0.0,5.175859,0.331491,0.2,2097.583946,146.785144,118.934361
GP (untuned),gp_untuned,8,110,True,,0.49901069095310474,0.050874,2.156981,0.37313,0.234042,1514.192578,130.550394,56.157082
GP (untuned),gp_untuned,8,111,True,,0.5182456588780291,0.050945,2.578156,0.350866,0.27638,2350.149189,160.898285,103.851005
GP (untuned),gp_untuned,8,112,True,,0.5088453251135869,0.050423,2.427186,0.371431,0.249951,1474.575299,133.445653,131.480926
GP (untuned),gp_untuned,8,113,True,,0.6131322194308668,0.051091,2.01847,0.380737,0.203898,3175.19811,150.822627,82.997847
GP (untuned),gp_untuned,8,114,True,,0.5947333606146987,0.050916,1.933031,0.347058,0.238875,1915.677094,121.298074,127.670232
GP (untuned),gp_untuned,8,115,True,,1.6159403258560758,0.051115,1.0,0.343924,0.209806,3035.895668,93.033818,8.328871
GP (untuned),gp_untuned,8,116,True,,0.6004427915323831,0.050131,2.330433,0.385789,0.27481,1159.613013,114.235513,24.532357
GP (untuned),gp_untuned,8,117,True,,1.9097573590472348,0.050367,1.561687,0.374871,0.25611,3882.491547,120.684135,121.472409
GP (untuned),gp_untuned,8,118,True,,1.1029977109245792,0.050888,1.976841,0.357901,0.204627,2912.900367,150.257837,128.551039
GP (untuned),gp_untuned,8,119,True,,0.7200840271537836,0.051439,2.502569,0.306352,0.307109,1302.192384,131.868107,31.591196
GP (untuned),gp_untuned,8,120,True,,0.6640554738477592,0.051064,1.927049,0.307403,0.312901,1380.094709,160.072953,31.31242
GP (untuned),gp_untuned,8,121,True,,1.100885970030565,0.051321,1.605744,0.360029,0.226715,3039.409422,87.800768,45.043422
GP (untuned),gp_untuned,8,122,True,,1.3272668795578244,0.050827,1.07154,0.353747,0.221137,2556.431716,96.682724,35.835054
GP (untuned),gp_untuned,8,123,True,,0.9352438409082526,0.050607,3.548334,0.350338,0.295436,2572.07237,96.089008,109.179914
GP (untuned),gp_untuned,8,124,True,,1.12101221715141,0.050104,2.071899,0.384509,0.275504,1316.315355,108.478421,90.17977
GP (untuned),gp_untuned,8,125,True,,1.2170062440030163,0.050216,3.078256,0.3781,0.268942,1040.387933,120.203246,61.592604
GP (untuned),gp_untuned,8,126,True,,1.0877863064761593,0.050733,1.294844,0.366089,0.250651,1623.942198,132.040722,58.974882
GP (untuned),gp_untuned,8,127,True,,1.8444599352568878,0.050686,3.747118,0.368874,0.2,3345.305326,148.688247,73.950395
GP (untuned),gp_untuned,8,128,True,,1.087519502423307,0.050358,1.785003,0.36376,0.269283,1575.861998,120.557996,13.594955
GP (untuned),gp_untuned,8,129,True,,0.6770592910332293,0.051034,1.77488,0.34632,0.270081,1081.470435,171.137454,17.197981
GP (untuned),gp_untuned,8,130,True,,0.5453268355184123,0.050613,1.59611,0.359975,0.21047,2444.492312,136.400891,47.997334
GP (untuned),gp_untuned,8,131,True,,1.122280811267291,0.050613,1.557851,0.352991,0.276349,1897.719626,127.071217,138.500674
GP (untuned),gp_untuned,8,132,True,,1.7114804661822822,0.05068,3.588573,0.344993,0.267567,2599.818312,95.7256,96.155369
GP (untuned),gp_untuned,8,133,True,,1.1225196501658659,0.050887,1.242548,0.33777,0.280747,1487.510061,166.663645,26.392481
GP (untuned),gp_untuned,8,134,True,,1.6072350430297218,0.050791,1.441084,0.361521,0.279226,2689.04502,138.384973,21.309352
GP (untuned),gp_untuned,8,135,False,blowup,,0.017865,3.225056,0.361264,0.281866,400.0,122.84772,112.48844
GP (untuned),gp_untuned,8,136,True,,1.4737893880981343,0.050612,2.180018,0.349339,0.23147,1474.189675,94.10714,143.42433
GP (untuned),gp_untuned,8,137,True,,0.9381659209574198,0.050018,2.501775,0.379282,0.250104,1451.130478,104.95598,66.191577
GP (untuned),gp_untuned,8,138,True,,1.0383656659946838,0.05079,1.977921,0.307754,0.269591,1625.159395,149.647324,34.220554
GP (untuned),gp_untuned,8,139,True,,0.7656578135280638,0.050082,1.816606,0.378353,0.252575,1287.741355,115.340786,134.396974
GP (untuned),gp_untuned,8,140,True,,0.6886711125679795,0.050037,2.125515,0.344641,0.2,2571.681838,125.771309,62.12844
GP (untuned),gp_untuned,8,141,True,,1.0065633341767781,0.050705,1.789528,0.32119,0.252867,2553.702792,142.314709,147.202341
GP (untuned),gp_untuned,8,142,True,,0.8945056069311917,0.050715,2.189965,0.361705,0.26468,1398.802117,103.298561,24.918853
GP (untuned),gp_untuned,8,143,True,,1.3338020755727273,0.050215,2.643573,0.360395,0.230635,2357.150408,166.332896,144.656753
GP (untuned),gp_untuned,8,144,True,,0.7258900885735187,0.050539,2.021206,0.352464,0.278994,1429.315544,160.809703,26.731518
GP (untuned),gp_untuned,8,145,True,,1.1798876516916577,0.050387,1.382527,0.321546,0.276678,922.040575,105.420028,138.797004
GP (untuned),gp_untuned,8,146,True,,1.146329744004125,0.050234,1.960866,0.386844,0.278776,1152.782702,159.457412,30.207232
GP (untuned),gp_untuned,8,147,True,,0.45064209602340155,0.050815,2.045949,0.327223,0.289427,1616.819969,116.418359,83.805268
GP (untuned),gp_untuned,8,148,True,,0.5287895229535423,0.050252,2.053823,0.384243,0.239791,1339.907851,162.822606,77.304854
GP (untuned),gp_untuned,8,149,True,,1.2660624936911544,0.050218,1.67203,0.367065,0.261195,1354.415966,81.988746,143.67349
GP (untuned),gp_untuned,8,150,True,,2.664113253207161,0.049911,3.076112,0.379396,0.254946,1475.005344,127.22819,10.797704
GP (untuned),gp_untuned,9,1,True,,2.070075710949582,0.048289,3.551227,0.364852,0.201509,2170.856124,81.265591,132.197075
GP (untuned),gp_untuned,9,2,False,min_image,,0.0,4.462582,0.333671,0.27479,4514.085026,171.950888,106.724525
GP (untuned),gp_untuned,9,3,False,blowup,,0.002564,4.87139,0.440362,0.32591,3563.270365,140.758982,115.927667
GP (untuned),gp_untuned,9,4,False,blowup,,0.002739,1.555212,0.291504,0.298196,1573.014242,167.896228,147.18853
GP (untuned),gp_untuned,9,5,False,min_image,,0.0,1.3269,0.378644,0.214902,1296.392204,121.31443,91.095806
GP (untuned),gp_untuned,9,6,True,,4.010785622802742,0.048569,7.508165,0.346773,0.257868,2173.813923,173.754966,11.213493
GP (untuned),gp_untuned,9,7,False,blowup,,0.002627,5.716,0.320733,0.235492,1118.795121,86.658128,97.158061
GP (untuned),gp_untuned,9,8,True,,4.566385364797762,0.048454,6.454479,0.361038,0.214244,5458.291807,156.402993,5.661758
GP (untuned),gp_untuned,9,9,True,,1.1303846572796994,0.050918,4.84208,0.286251,0.363446,3300.503402,129.353826,126.271
GP (untuned),gp_untuned,9,10,False,min_image,,0.0,1.944494,0.304954,0.210873,3517.940819,171.4785,108.897283
GP (untuned),gp_untuned,9,11,True,,1.0378333751260627,0.050881,4.709853,0.297445,0.35879,3516.966974,119.004595,132.058386
GP (untuned),gp_untuned,9,12,True,,1.6087867937098186,0.050737,4.467938,0.311242,0.351642,3792.280559,104.289855,138.195935
GP (untuned),gp_untuned,9,13,True,,34.82527945747019,0.050205,2.77825,0.45,0.4,400.0,175.0,5.0
GP (untuned),gp_untuned,9,14,False,blowup,,0.002538,8.0,0.28,0.4,6000.0,80.0,5.0
GP (untuned),gp_untuned,9,15,True,,0.8358269361371404,0.050966,4.80149,0.291498,0.359089,3449.283404,123.70867,131.353049
GP (untuned),gp_untuned,9,16,True,,1.1473855308151022,0.05092,5.012786,0.28,0.357159,3248.099697,138.43093,132.063593
GP (untuned),gp_untuned,9,17,True,,0.9142637722170636,0.051001,4.913632,0.290618,0.34051,3655.768269,122.587385,145.377851
GP (untuned),gp_untuned,9,18,True,,1.008316598874282,0.05102,5.043598,0.280722,0.347819,3526.799357,120.220381,145.25493
GP (untuned),gp_untuned,9,19,True,,1.2168945989712405,0.050721,5.021417,0.291945,0.358254,3515.919065,103.729372,130.281658
GP (untuned),gp_untuned,9,20,True,,0.8646571535470359,0.050732,5.619188,0.280162,0.317243,3487.336848,129.708094,140.933003
GP (untuned),gp_untuned,9,21,True,,1.1293083768194376,0.050994,5.436669,0.28,0.302002,3483.92147,165.058592,150.0
GP (untuned),gp_untuned,9,22,False,blowup,,0.002936,4.685224,0.292493,0.32319,3441.91064,165.39943,136.725198
GP (untuned),gp_untuned,9,23,True,,1.6438662834897586,0.05061,5.467493,0.306391,0.34875,3098.897744,139.230596,138.802825
GP (untuned),gp_untuned,9,24,True,,0.9114417068802565,0.051486,4.429447,0.28,0.349738,3633.616217,144.504679,150.0
GP (untuned),gp_untuned,9,25,True,,1.2938075563010958,0.051038,4.483058,0.28,0.355326,3162.787517,172.647009,131.203611
GP (untuned),gp_untuned,9,26,True,,2.0753084797159813,0.049715,6.775813,0.290964,0.311304,3842.241467,80.0,138.015944
GP (untuned),gp_untuned,9,27,True,,1.5441044171542446,0.050095,6.890214,0.301338,0.297821,3495.180683,111.095051,91.841482
GP (untuned),gp_untuned,9,28,True,,1.1802580946761554,0.050855,5.967208,0.28,0.337268,3540.308257,138.729451,150.0
GP (untuned),gp_untuned,9,29,True,,0.786853938839394,0.050755,3.068824,0.28,0.302849,2342.46574,109.473119,137.013177
GP (untuned),gp_untuned,9,30,True,,0.862755362100057,0.051264,4.353535,0.28,0.356128,4630.053057,117.310274,137.956968
GP (untuned),gp_untuned,9,31,True,,1.6725083002630114,0.050488,2.38063,0.285357,0.292503,2764.945138,80.0,141.500767
GP (untuned),gp_untuned,9,32,True,,1.2278136192825762,0.05106,5.520025,0.28,0.361598,1619.407431,99.106654,128.865282
GP (untuned),gp_untuned,9,33,True,,0.8265996456118466,0.049979,4.171866,0.287143,0.200586,5212.187927,120.511627,150.0
GP (untuned),gp_untuned,9,34,True,,1.7136686936881758,0.050646,1.0,0.286984,0.324207,5035.135611,93.110276,150.0
GP (untuned),gp_untuned,9,35,True,,1.0498469481265758,0.050322,2.223235,0.28,0.270748,2903.571864,117.58448,144.72978
GP (untuned),gp_untuned,9,36,True,,1.5293276134641263,0.0505,2.784422,0.28,0.27543,948.082257,80.0,142.841981
GP (untuned),gp_untuned,9,37,True,,1.1844607890684777,0.050778,5.505897,0.28,0.268319,6000.0,111.16116,147.737882
GP (untuned),gp_untuned,9,38,True,,1.8704068370637332,0.05053,2.007653,0.35142,0.4,400.0,80.0,41.800208
GP (untuned),gp_untuned,9,39,True,,0.8300965486934764,0.050918,4.469276,0.28,0.307577,2158.042524,150.862843,106.326414
GP (untuned),gp_untuned,9,40,True,,0.8237899485263422,0.050868,4.499734,0.28,0.314835,2452.065592,142.469755,133.709811
GP (untuned),gp_untuned,9,41,True,,0.7874926289868827,0.050968,3.988826,0.28,0.338401,1674.76699,138.342402,72.51482
GP (untuned),gp_untuned,9,42,False,min_image,,0.0,1.0,0.28,0.2,400.0,80.0,5.0
GP (untuned),gp_untuned,9,43,True,,0.6171096152953589,0.050857,3.903986,0.28,0.320916,5936.493907,137.273717,141.871414
GP (untuned),gp_untuned,9,44,True,,0.6922041779689719,0.050586,3.912886,0.28,0.26652,6000.0,130.104446,150.0
GP (untuned),gp_untuned,9,45,True,,0.9914921992450162,0.050955,2.658328,0.28,0.346342,3191.954873,156.126428,150.0
GP (untuned),gp_untuned,9,46,True,,2.8487475089698227,0.047946,1.0,0.427947,0.2,6000.0,80.0,5.0
GP (untuned),gp_untuned,9,47,True,,1.5560990525608056,0.049457,1.0,0.28,0.294614,6000.0,109.940561,117.980645
GP (untuned),gp_untuned,9,48,True,,2.279279052060946,0.04941,8.0,0.28,0.4,6000.0,80.0,150.0
GP (untuned),gp_untuned,9,49,True,,3.8540999796929767,0.050244,8.0,0.28,0.274943,400.0,128.821259,5.0
GP (untuned),gp_untuned,9,50,True,,1.0579234012762544,0.05085,4.644728,0.28,0.215881,6000.0,147.800177,123.746393
GP (untuned),gp_untuned,9,51,True,,0.6944240097792461,0.050618,3.485162,0.28,0.366967,4666.157971,139.828755,117.475952
GP (untuned),gp_untuned,9,52,True,,0.6667590595478781,0.052096,4.005545,0.28,0.346674,2167.623898,135.83471,150.0
GP (untuned),gp_untuned,9,53,True,,1.1776786122780758,0.048427,3.455472,0.28,0.333475,4985.761923,80.0,150.0
GP (untuned),gp_untuned,9,54,True,,1.2079391312109058,0.051455,1.0,0.284632,0.304721,4054.470308,137.623782,136.645269
GP (untuned),gp_untuned,9,55,True,,1.726599514478147,0.051064,1.02202,0.28,0.4,4079.354582,80.0,150.0
GP (untuned),gp_untuned,9,56,False,blowup,,0.002649,7.320961,0.28,0.281511,2930.533743,127.70679,142.508629
GP (untuned),gp_untuned,9,57,True,,0.573426778169126,0.04998,3.771849,0.28,0.27573,3072.304799,125.963504,150.0
GP (untuned),gp_untuned,9,58,True,,2.3419653677962233,0.049056,4.946348,0.375996,0.4,5215.234636,80.0,150.0
GP (untuned),gp_untuned,9,59,True,,3.4971621166263414,0.051008,8.0,0.28,0.252341,4616.004716,80.0,150.0
GP (untuned),gp_untuned,9,60,True,,2.1348994779327084,0.051412,1.0,0.28,0.211932,6000.0,80.0,150.0
GP (untuned),gp_untuned,9,61,True,,1.6639019282957035,0.052164,2.951884,0.28,0.4,5201.308391,165.942636,150.0
GP (untuned),gp_untuned,9,62,True,,1.641229797853178,0.051281,5.703633,0.28,0.4,4590.515666,80.0,150.0
GP (untuned),gp_untuned,9,63,True,,0.6412533839809288,0.050521,4.219407,0.281676,0.247063,4074.055366,130.676198,150.0
GP (untuned),gp_untuned,9,64,True,,1.1448928672295913,0.049527,3.35008,0.28,0.4,1575.630143,167.061835,150.0
GP (untuned),gp_untuned,9,65,True,,2.1319666377484507,0.04835,3.023943,0.383456,0.357366,5553.543162,80.0,5.0
GP (untuned),gp_untuned,9,66,True,,1.6638663135801433,0.048933,3.972937,0.28,0.4,6000.0,80.0,150.0
GP (untuned),gp_untuned,9,67,False,min_image,,0.0,1.0,0.28,0.267762,6000.0,122.423319,142.286502
GP (untuned),gp_untuned,9,68,True,,1.1119699816533337,0.050384,4.469691,0.28,0.353744,5544.913143,168.584211,150.0
GP (untuned),gp_untuned,9,69,True,,1.942483448803575,0.04869,7.388311,0.28,0.291703,3529.992093,80.0,150.0
GP (untuned),gp_untuned,9,70,True,,1.248723050872977,0.051828,3.421546,0.28,0.388955,3946.677067,80.0,150.0
GP (untuned),gp_untuned,9,71,True,,0.7971139368120539,0.048506,4.170797,0.28,0.277928,3245.671864,169.11066,150.0
GP (untuned),gp_untuned,9,72,True,,1.0387721617556174,0.049498,3.117684,0.28,0.335292,3191.319042,168.989394,150.0
GP (untuned),gp_untuned,9,73,True,,1.9226521002429326,0.048488,1.0,0.28,0.323493,2582.139411,80.0,150.0
GP (untuned),gp_untuned,9,74,True,,1.2667098842755156,0.048691,4.380557,0.28,0.389712,3874.638349,80.0,150.0
GP (untuned),gp_untuned,9,75,True,,0.8714481131311635,0.048031,3.481726,0.28,0.258994,1482.47298,175.0,150.0
GP (untuned),gp_untuned,9,76,True,,0.5619321629154034,0.04844,4.24145,0.28,0.345601,2179.473112,133.500525,150.0
GP (untuned),gp_untuned,9,77,False,blowup,,0.002662,1.0,0.45,0.211335,400.0,175.0,148.020684
GP (untuned),gp_untuned,9,78,True,,1.221508896525954,0.048057,1.0,0.28,0.284194,1883.632096,117.735871,100.917657
GP (untuned),gp_untuned,9,79,False,blowup,,0.013267,7.57345,0.28,0.4,400.0,80.0,150.0
GP (untuned),gp_untuned,9,80,True,,1.2704284284777554,0.04947,2.720501,0.28,0.28318,3078.368712,80.0,150.0
GP (untuned),gp_untuned,9,81,False,blowup,,0.012554,7.260044,0.28,0.209921,5368.512433,80.0,148.453607
GP (untuned),gp_untuned,9,82,True,,0.7004109760365652,0.051468,3.748177,0.28,0.216205,2756.85541,141.020359,149.678988
GP (untuned),gp_untuned,9,83,True,,0.631910145251785,0.050446,3.620219,0.28,0.265259,4586.650771,134.960001,149.39649
GP (untuned),gp_untuned,9,84,True,,1.394309297240128,0.052418,3.975982,0.28,0.21941,3975.098353,80.0,150.0
GP (untuned),gp_untuned,9,85,True,,1.7721001243325425,0.0488,6.314935,0.28,0.264971,3620.618208,80.0,150.0
GP (untuned),gp_untuned,9,86,True,,2.2793677558636496,0.052052,7.565349,0.28,0.4,4226.024848,80.0,150.0
GP (untuned),gp_untuned,9,87,True,,0.9916208129289005,0.048601,5.601751,0.28,0.340967,2537.516447,143.729622,150.0
GP (untuned),gp_untuned,9,88,True,,0.8183992610316173,0.048363,3.807055,0.28,0.4,2158.897,145.254574,122.13656
GP (untuned),gp_untuned,9,89,True,,0.6991094608651396,0.047996,2.796355,0.28,0.330387,3100.288821,126.335446,68.306819
GP (untuned),gp_untuned,9,90,True,,1.164550208752725,0.048929,1.001287,0.28,0.368381,2354.639308,128.26913,150.0
GP (untuned),gp_untuned,9,91,False,min_image,,0.0,5.985973,0.296024,0.364426,1273.999259,80.0,105.394009
GP (untuned),gp_untuned,9,92,True,,0.5953462913232378,0.048484,2.010157,0.28,0.389237,3314.235895,134.533579,36.825413
GP (untuned),gp_untuned,9,93,True,,1.9553577920104293,0.049355,1.0,0.282874,0.274279,5330.592012,80.0,150.0
GP (untuned),gp_untuned,9,94,True,,0.5671877518055609,0.050749,3.694516,0.28,0.366611,2254.243842,120.904396,150.0
GP (untuned),gp_untuned,9,95,True,,1.1955843133711148,0.048767,3.372101,0.28,0.4,3957.40806,82.249583,150.0
GP (untuned),gp_untuned,9,96,False,min_image,,0.0,4.234779,0.28,0.385916,5842.661301,138.486594,150.0
GP (untuned),gp_untuned,9,97,True,,0.8046889377628585,0.05205,4.030721,0.28,0.355006,2977.708426,148.83478,94.679946
GP (untuned),gp_untuned,9,98,True,,1.5397079560109481,0.050132,1.91544,0.28,0.26659,4913.668108,162.377557,150.0
GP (untuned),gp_untuned,9,99,True,,1.3060997063792044,0.048745,1.0,0.28,0.328796,2067.243586,126.104104,135.07116
GP (untuned),gp_untuned,9,100,True,,0.7620706550871531,0.051162,4.052147,0.28,0.289434,5332.173871,113.354977,150.0
GP (untuned),gp_untuned,9,101,True,,0.8306830088480902,0.050985,4.140833,0.28,0.259534,5149.334136,108.36166,150.0
GP (untuned),gp_untuned,9,102,True,,2.498841496907418,0.048376,5.683984,0.28,0.2,6000.0,80.0,111.488034
GP (untuned),gp_untuned,9,103,True,,0.688949120417763,0.048808,3.043342,0.280249,0.201436,3180.649597,109.984569,94.704879
GP (untuned),gp_untuned,9,104,True,,0.8515687164564176,0.051041,2.267685,0.28,0.200495,1718.564008,107.463778,150.0
GP (untuned),gp_untuned,9,105,True,,0.8170389283664479,0.05005,4.252189,0.281049,0.319633,5756.638239,114.808802,144.78322
GP (untuned),gp_untuned,9,106,True,,0.9508025806879601,0.04893,2.958837,0.280489,0.227379,2223.859183,86.46052,81.897739
GP (untuned),gp_untuned,9,107,True,,1.1925401386686658,0.047956,1.608973,0.28,0.29828,6000.0,104.560905,150.0
GP (untuned),gp_untuned,9,108,True,,0.7937596872885967,0.048823,3.21228,0.28,0.21451,2868.951115,175.0,74.16928
GP (untuned),gp_untuned,9,109,True,,0.7499474842027536,0.051124,3.207066,0.28,0.359408,3802.772247,143.184564,150.0
GP (untuned),gp_untuned,9,110,True,,2.0603117953932344,0.048036,2.326905,0.28,0.257278,6000.0,80.0,5.0
GP (untuned),gp_untuned,9,111,True,,1.4551017152068737,0.049212,4.437572,0.284446,0.329466,1448.930745,145.182368,150.0
GP (untuned),gp_untuned,9,112,True,,1.581356321851709,0.050597,2.262179,0.28,0.327206,1308.707263,82.434643,114.444842
GP (untuned),gp_untuned,9,113,True,,1.1599739691680977,0.049806,4.717098,0.289024,0.265654,5308.520431,153.974766,145.464624
GP (untuned),gp_untuned,9,114,True,,1.0800600317030116,0.048036,5.144942,0.28,0.258782,3173.215392,95.484435,150.0
GP (untuned),gp_untuned,9,115,True,,3.836240116675427,0.049595,2.40708,0.351319,0.367805,4488.632053,165.3858,132.388114
GP (untuned),gp_untuned,9,116,True,,1.1406887773246426,0.047973,2.11536,0.28,0.336665,2597.443158,97.47486,85.767963
GP (untuned),gp_untuned,9,117,True,,2.0563040793486502,0.049243,5.414611,0.281159,0.2,4598.265397,175.0,150.0
GP (untuned),gp_untuned,9,118,True,,1.2403008589202797,0.048803,2.631295,0.28,0.368413,400.0,175.0,150.0
GP (untuned),gp_untuned,9,119,True,,1.30094517947879,0.050396,5.197527,0.28,0.355765,4386.056425,175.0,150.0
GP (untuned),gp_untuned,9,120,True,,1.0664305783436678,0.051306,2.442729,0.28,0.4,1419.548203,175.0,150.0
GP (untuned),gp_untuned,9,121,True,,1.0079031253932986,0.048102,2.18005,0.28,0.318405,2950.133706,143.704161,72.928937
GP (untuned),gp_untuned,9,122,True,,0.7760851938966602,0.04783,2.965764,0.317758,0.4,400.0,175.0,134.692541
GP (untuned),gp_untuned,9,123,True,,1.8611421777925445,0.047736,1.0,0.303403,0.2,4053.846963,175.0,150.0
GP (untuned),gp_untuned,9,124,True,,0.9183047351432504,0.048279,4.397636,0.28,0.4,1066.356861,175.0,71.958622
GP (untuned),gp_untuned,9,125,True,,0.8982575299714779,0.04831,3.569414,0.282787,0.316567,5553.719737,159.028043,150.0
GP (untuned),gp_untuned,9,126,True,,1.3433115653545213,0.047509,3.065981,0.342392,0.341277,1403.032327,175.0,136.167211
GP (untuned),gp_untuned,9,127,True,,1.1839722932636214,0.0503,4.551322,0.28,0.4,2349.459301,174.168369,130.689994
GP (untuned),gp_untuned,9,128,True,,1.3695055883645721,0.049571,3.477368,0.28,0.2,2883.969644,80.0,128.676978
GP (untuned),gp_untuned,9,129,True,,1.9654589957672808,0.048285,4.62007,0.372993,0.23329,5530.916679,111.253393,150.0
GP (untuned),gp_untuned,9,130,True,,1.3306414118271086,0.051544,4.533433,0.28,0.363567,3215.674276,88.293323,133.179439
GP (untuned),gp_untuned,9,131,True,,9.699009507434084,0.047015,2.786958,0.422861,0.311311,3091.775441,175.0,147.362057
GP (untuned),gp_untuned,9,132,True,,1.1653100120715059,0.04786,3.231457,0.311057,0.373426,400.0,175.0,150.0
GP (untuned),gp_untuned,9,133,True,,1.0574500701317924,0.047743,3.001288,0.28,0.376201,1944.580554,175.0,150.0
GP (untuned),gp_untuned,9,134,True,,0.935367525466754,0.049244,3.740987,0.28,0.2,5985.750266,154.836841,124.332735
GP (untuned),gp_untuned,9,135,True,,1.3650964292385224,0.051261,4.433032,0.28,0.369376,506.898885,149.643999,113.229029
GP (untuned),gp_untuned,9,136,True,,1.2736107453517653,0.050088,3.296477,0.28,0.239874,5074.727351,86.5822,129.276892
GP (untuned),gp_untuned,9,137,True,,0.7342641752681517,0.050008,3.666553,0.28,0.2,5275.882705,135.437019,142.331471
GP (untuned),gp_untuned,9,138,True,,1.1607629122154235,0.049584,3.231895,0.326766,0.25178,6000.0,170.214969,102.272766
GP (untuned),gp_untuned,9,139,False,blowup,,0.002563,1.0,0.45,0.315294,972.367612,151.831461,38.660945
GP (untuned),gp_untuned,9,140,True,,1.069332491810961,0.048549,2.408655,0.28,0.2,4993.395407,99.458707,150.0
GP (untuned),gp_untuned,9,141,True,,1.6921946638722316,0.051031,1.0,0.28,0.249533,3531.173065,92.900631,150.0
GP (untuned),gp_untuned,9,142,True,,1.0779558394590258,0.051273,2.126132,0.28,0.336289,3581.06131,175.0,150.0
GP (untuned),gp_untuned,9,143,True,,0.8884353869153341,0.051172,3.431122,0.28,0.381645,6000.0,135.094607,110.617404
GP (untuned),gp_untuned,9,144,True,,1.1064687461303266,0.047727,4.469244,0.299227,0.323905,1409.175102,172.90984,150.0
GP (untuned),gp_untuned,9,145,True,,0.8625630238360852,0.048815,1.786342,0.28,0.2,5202.639576,131.732855,69.19085
GP (untuned),gp_untuned,9,146,True,,1.5063940058799397,0.047661,1.610685,0.315731,0.376704,827.523089,95.481551,125.647233
GP (untuned),gp_untuned,9,147,True,,1.1451388687863455,0.049548,4.08336,0.299629,0.2,6000.0,105.967869,47.839408
GP (untuned),gp_untuned,9,148,True,,0.893825579183311,0.046416,2.726631,0.28,0.2,3683.589821,175.0,99.096158
GP (untuned),gp_untuned,9,149,True,,0.8807467242973741,0.046603,2.279095,0.28,0.2,2715.044753,144.356895,138.269798
GP (untuned),gp_untuned,9,150,True,,1.5562566837634222,0.045002,4.068965,0.316609,0.2,6000.0,175.0,96.422141
GP (untuned),gp_untuned,10,1,True,,2.401859329801112,0.048979,3.091328,0.36408,0.288603,5058.70361,135.415565,8.649901
GP (untuned),gp_untuned,10,2,True,,8.914458558978788,0.050947,2.052645,0.396249,0.36332,2282.000873,164.62757,33.727663
GP (untuned),gp_untuned,10,3,False,blowup,,0.002688,4.786167,0.302348,0.282733,4760.881326,135.47063,31.481558
GP (untuned),gp_untuned,10,4,True,,1.0333332383427882,0.050596,1.458943,0.289596,0.353091,466.012965,138.134617,53.122927
GP (untuned),gp_untuned,10,5,False,blowup,,0.034703,1.537989,0.425017,0.287997,1082.943224,149.514789,25.123457
GP (untuned),gp_untuned,10,6,True,,15.155842139454581,0.050526,5.183076,0.428307,0.396604,3017.458362,163.195727,47.929961
GP (untuned),gp_untuned,10,7,True,,3.659197448082788,0.049241,5.168077,0.35418,0.27125,3687.933181,94.199777,29.829597
GP (untuned),gp_untuned,10,8,True,,1.3435627924410767,0.049408,1.016847,0.373299,0.225394,846.839012,102.328667,100.694917
GP (untuned),gp_untuned,10,9,True,,0.8040936551753262,0.05181,2.57411,0.29949,0.316603,1702.789951,132.869228,80.952578
GP (untuned),gp_untuned,10,10,True,,1.8161759903951942,0.049035,1.941941,0.382803,0.25663,3235.883791,83.653741,53.204394
GP (untuned),gp_untuned,10,11,True,,1.0360352757768172,0.052163,2.399769,0.299105,0.319422,1506.987037,101.911745,87.165567
GP (untuned),gp_untuned,10,12,False,min_image,,0.0,1.0,0.315462,0.288785,400.0,175.0,128.8191
GP (untuned),gp_untuned,10,13,True,,1.1334217740740822,0.051832,2.713011,0.299748,0.309918,1858.610151,164.712445,71.809782
GP (untuned),gp_untuned,10,14,True,,1.3604028835613304,0.050918,1.0,0.287448,0.371506,400.0,145.155,61.006678
GP (untuned),gp_untuned,10,15,True,,0.7616816946926956,0.051841,2.516401,0.296218,0.328032,1519.641919,135.818605,72.137602
GP (untuned),gp_untuned,10,16,True,,1.4506485382516487,0.048557,2.023009,0.374825,0.206055,3069.914039,80.0,76.856569
GP (untuned),gp_untuned,10,17,False,blowup,,0.002855,1.685947,0.29575,0.328692,1478.924545,140.897012,56.548033
GP (untuned),gp_untuned,10,18,False,blowup,,0.008162,6.499958,0.291136,0.341389,1013.413876,115.046176,55.096761
GP (untuned),gp_untuned,10,19,True,,1.3276794555308862,0.051899,1.719968,0.295664,0.317442,3535.774078,81.575041,125.50137
GP (untuned),gp_untuned,10,20,True,,1.4178802028992747,0.048234,1.57333,0.281614,0.247982,2385.282224,173.152115,5.0
GP (untuned),gp_untuned,10,21,False,min_image,,0.0,3.890921,0.28542,0.4,1635.485235,85.706811,91.652191
GP (untuned),gp_untuned,10,22,True,,0.8350131974171431,0.05196,2.781095,0.280705,0.298514,1708.243421,149.392167,65.773443
GP (untuned),gp_untuned,10,23,True,,1.3146458912733905,0.049778,1.081987,0.28,0.367588,400.0,143.924934,45.475329
GP (untuned),gp_untuned,10,24,True,,1.5135280867392307,0.051837,2.231539,0.28,0.310969,1642.067196,80.0,125.427015
GP (untuned),gp_untuned,10,25,True,,0.540827395907923,0.051597,2.56115,0.336041,0.328475,1877.536701,142.649866,30.156436
GP (untuned),gp_untuned,10,26,True,,1.1576282272903187,0.051569,2.567208,0.345286,0.329123,2730.091435,131.694204,34.396832
GP (untuned),gp_untuned,10,27,False,min_image,,0.0,2.554415,0.32971,0.330332,1402.612927,146.926814,42.998275
GP (untuned),gp_untuned,10,28,False,blowup,,0.002917,2.563617,0.321339,0.326659,4234.025755,166.940129,119.808836
GP (untuned),gp_untuned,10,29,True,,1.1854779539332867,0.050727,2.56716,0.336432,0.356298,2459.123798,136.255917,36.266289
GP (untuned),gp_untuned,10,30,False,min_image,,0.0,2.565892,0.33838,0.310429,1936.774368,148.310228,30.74833
GP (untuned),gp_untuned,10,31,True,,0.967892592166405,0.051456,2.562908,0.336695,0.329341,439.793236,169.366952,48.780255
GP (untuned),gp_untuned,10,32,True,,0.5023168678988097,0.051228,2.075688,0.296359,0.341577,3771.045243,126.478767,113.068499
GP (untuned),gp_untuned,10,33,True,,0.8280737520531889,0.051361,2.073801,0.29625,0.342512,5393.852063,104.94463,114.877175
GP (untuned),gp_untuned,10,34,True,,0.8919923446741851,0.050426,3.080029,0.29643,0.355223,2613.139399,151.901207,145.723085
GP (untuned),gp_untuned,10,35,True,,0.4586619365038596,0.051528,2.562387,0.33675,0.329877,1406.736809,132.47471,40.330288
GP (untuned),gp_untuned,10,36,False,blowup,,0.003014,2.562357,0.33688,0.330126,1923.268571,110.074277,35.237851
GP (untuned),gp_untuned,10,37,True,,1.4500448526500114,0.051665,2.556852,0.337506,0.384844,1423.771689,91.479589,36.682707
GP (untuned),gp_untuned,10,38,True,,0.7944995369990057,0.051372,2.458977,0.314093,0.270087,3429.889214,131.481915,60.834392
GP (untuned),gp_untuned,10,39,False,blowup,,0.00895,2.541728,0.352035,0.236887,572.520336,144.057499,63.135861
GP (untuned),gp_untuned,10,40,True,,0.15223135140940894,0.051559,2.484619,0.328291,0.312458,2778.543532,128.757533,61.06355
GP (untuned),gp_untuned,10,41,True,,0.23984343227367533,0.051584,2.475,0.326375,0.314159,1938.127313,127.916951,58.493847
GP (untuned),gp_untuned,10,42,True,,1.88803502050708,0.051487,2.491772,0.361328,0.329796,2665.99874,135.794199,20.67069
GP (untuned),gp_untuned,10,43,True,,0.1801613817837047,0.051359,2.478911,0.326529,0.314197,3116.275024,128.611911,60.219096
GP (untuned),gp_untuned,10,44,True,,0.9595120090982316,0.052031,2.544259,0.331779,0.346441,4438.224043,140.384493,74.008066
GP (untuned),gp_untuned,10,45,True,,0.20093898671990323,0.051615,2.492754,0.328807,0.311044,2767.541091,130.306461,55.491651
GP (untuned),gp_untuned,10,46,True,,0.5920450824871245,0.051601,2.487715,0.328569,0.311506,890.245511,128.947428,71.949466
GP (untuned),gp_untuned,10,47,True,,0.199615830704357,0.051754,2.475389,0.324451,0.31611,4268.656854,129.956902,48.225981
GP (untuned),gp_untuned,10,48,True,,0.29178667223476085,0.051785,2.483899,0.329259,0.315678,6000.0,128.912826,58.746246
GP (untuned),gp_untuned,10,49,True,,0.6917078532196916,0.051515,2.409992,0.3151,0.330403,1218.410174,164.902074,47.550383
GP (untuned),gp_untuned,10,50,True,,0.7211429198352551,0.05109,1.995442,0.28,0.344632,5153.077025,130.088518,102.809488
GP (untuned),gp_untuned,10,51,True,,2.187694503352788,0.048941,3.023028,0.333541,0.294977,5595.020684,126.267589,5.0
GP (untuned),gp_untuned,10,52,True,,0.7765115462798103,0.050403,1.751519,0.28,0.363842,4709.252707,137.597839,54.03839
GP (untuned),gp_untuned,10,53,True,,0.665380882201962,0.051638,2.437842,0.311346,0.300584,5621.442466,126.376288,61.645231
GP (untuned),gp_untuned,10,54,True,,0.5930895939466736,0.051776,2.403568,0.314681,0.389941,629.521158,168.696163,25.623862
GP (untuned),gp_untuned,10,55,True,,0.46177989649615964,0.051586,2.529336,0.313823,0.346875,1802.806307,166.203472,27.289068
GP (untuned),gp_untuned,10,56,True,,0.7841382576721755,0.051282,2.476822,0.328699,0.254462,1344.405077,129.018989,36.95125
GP (untuned),gp_untuned,10,57,True,,0.6057626520700198,0.051737,2.469198,0.326021,0.352191,5847.047512,129.43962,45.682467
GP (untuned),gp_untuned,10,58,True,,0.21383947234575848,0.051606,2.449549,0.32758,0.30688,5699.552606,130.011264,23.396626
GP (untuned),gp_untuned,10,59,True,,1.3297331309640514,0.051696,1.268314,0.31482,0.30493,4518.582234,98.037839,97.08636
GP (untuned),gp_untuned,10,60,True,,1.2799096924362532,0.049886,1.0,0.30537,0.345042,456.355951,138.547122,43.668258
GP (untuned),gp_untuned,10,61,True,,0.803303413969076,0.051235,1.561324,0.280543,0.353559,2202.860335,124.164226,143.065574
GP (untuned),gp_untuned,10,62,True,,0.7521912264767158,0.051411,2.55729,0.330654,0.329979,442.283829,140.208767,25.482924
GP (untuned),gp_untuned,10,63,True,,0.3407174173698239,0.051457,2.622738,0.32502,0.32272,2568.039072,137.448295,53.695749
GP (untuned),gp_untuned,10,64,True,,0.8720512198227605,0.051925,2.559938,0.28,0.348931,5553.891104,141.711735,118.672843
GP (untuned),gp_untuned,10,65,True,,0.4567660185641246,0.051487,2.496668,0.329064,0.318354,724.342378,128.327245,104.685763
GP (untuned),gp_untuned,10,66,True,,1.7120250589603234,0.05076,1.180378,0.311762,0.337111,5030.502502,120.490905,5.0
GP (untuned),gp_untuned,10,67,True,,1.7461421370845829,0.050881,2.87287,0.286994,0.351094,5537.599643,127.518147,5.0
GP (untuned),gp_untuned,10,68,True,,1.1290481129322838,0.050682,1.861118,0.300751,0.303734,5852.375386,89.787071,150.0
GP (untuned),gp_untuned,10,69,True,,1.0734452913592945,0.049928,2.636408,0.28,0.367127,513.65032,157.377864,150.0
GP (untuned),gp_untuned,10,70,True,,0.749085294613813,0.051642,2.078822,0.318349,0.344587,962.61868,170.626226,46.316717
GP (untuned),gp_untuned,10,71,True,,2.0616293242226655,0.049233,1.0,0.339901,0.310656,5298.084536,94.179847,107.61975
GP (untuned),gp_untuned,10,72,True,,2.135766475976938,0.049188,1.000995,0.398495,0.2,5861.950737,81.930281,138.127859
GP (untuned),gp_untuned,10,73,True,,2.484686325648233,0.051114,3.276645,0.308478,0.286175,6000.0,94.505053,5.0
GP (untuned),gp_untuned,10,74,True,,1.1719692790107952,0.051015,1.181484,0.282004,0.348116,400.0,127.326034,17.236213
GP (untuned),gp_untuned,10,75,True,,0.7859560633776397,0.050583,2.829546,0.28,0.4,1823.92916,145.849752,57.655191
GP (untuned),gp_untuned,10,76,True,,1.9084140813406703,0.048359,1.841795,0.375661,0.281179,5698.581899,130.678831,9.353737
GP (untuned),gp_untuned,10,77,True,,2.6008590313538003,0.051034,6.464713,0.331698,0.301899,4032.700918,128.709406,30.073714
GP (untuned),gp_untuned,10,78,True,,0.8524003355059494,0.051506,1.450285,0.3253,0.308617,2325.788216,129.656166,18.832746
GP (untuned),gp_untuned,10,79,False,blowup,,0.005898,2.680651,0.3275,0.302075,699.122391,129.765158,63.735327
GP (untuned),gp_untuned,10,80,False,blowup,,0.002728,2.441501,0.424867,0.399709,2202.039933,127.704247,8.542779
GP (untuned),gp_untuned,10,81,True,,1.3698287285409152,0.051981,1.0,0.316794,0.378403,6000.0,130.748959,18.418641
GP (untuned),gp_untuned,10,82,True,,0.8583345832551823,0.051181,2.014024,0.286523,0.335837,2883.299124,167.649261,48.122445
GP (untuned),gp_untuned,10,83,True,,0.19497702191045915,0.051364,2.47907,0.335375,0.301404,1707.853448,133.720078,30.979831
GP (untuned),gp_untuned,10,84,True,,0.9252076636684637,0.051267,2.515991,0.30132,0.310076,5960.678417,169.101581,10.037005
GP (untuned),gp_untuned,10,85,True,,0.5652606689048246,0.051351,2.477921,0.335693,0.32915,1711.163802,132.863409,41.529104
GP (untuned),gp_untuned,10,86,True,,1.2031396426920349,0.050856,1.0,0.322673,0.257921,6000.0,133.779083,57.300261
GP (untuned),gp_untuned,10,87,True,,1.2083314535155676,0.050827,1.938079,0.287907,0.273584,2582.85781,166.922308,39.480736
GP (untuned),gp_untuned,10,88,False,blowup,,0.007228,2.4924,0.314346,0.226504,440.804413,161.075591,55.376328
GP (untuned),gp_untuned,10,89,True,,0.7655445782722969,0.05184,2.260132,0.292008,0.4,3540.565998,165.143996,37.971491
GP (untuned),gp_untuned,10,90,True,,1.0396187703592954,0.052047,1.0,0.296736,0.4,6000.0,125.479928,40.611327
GP (untuned),gp_untuned,10,91,False,blowup,,0.00295,1.0,0.326393,0.359498,6000.0,136.873537,145.156671
GP (untuned),gp_untuned,10,92,True,,0.3355376602387722,0.051262,2.110986,0.313343,0.332227,4735.160402,125.846073,41.451518
GP (untuned),gp_untuned,10,93,True,,0.3516713463292386,0.05106,2.119606,0.313723,0.33217,4209.327306,126.009434,40.510585
GP (untuned),gp_untuned,10,94,True,,0.48948735347115696,0.051346,2.398989,0.330911,0.335385,1976.295101,129.893055,31.455014
GP (untuned),gp_untuned,10,95,True,,0.34397451010870905,0.051412,2.12628,0.314857,0.331885,5411.256648,126.226404,39.507657
GP (untuned),gp_untuned,10,96,True,,0.21892804786735454,0.051254,2.454438,0.335634,0.301635,1937.403006,119.963157,28.454925
GP (untuned),gp_untuned,10,97,True,,0.357505524239622,0.051443,2.138038,0.317322,0.329698,5949.880354,125.275018,36.778283
GP (untuned),gp_untuned,10,98,True,,0.4250054757344914,0.051344,2.453429,0.335607,0.302096,3215.318381,162.259555,26.408021
GP (untuned),gp_untuned,10,99,True,,0.7969367430323381,0.051624,2.319559,0.303069,0.333992,1762.979587,152.755298,71.129708
GP (untuned),gp_untuned,10,100,True,,0.3864725358329955,0.051385,2.425325,0.315916,0.331815,2238.734391,119.296274,62.64551
GP (untuned),gp_untuned,10,101,True,,0.8911318496943144,0.050847,2.451953,0.33199,0.237855,1925.934312,163.327197,29.152366
GP (untuned),gp_untuned,10,102,True,,0.45504168336055706,0.051266,2.241746,0.330443,0.298367,1926.626027,108.579158,32.00198
GP (untuned),gp_untuned,10,103,True,,1.111104883941862,0.050553,2.349983,0.328697,0.257082,688.698395,147.142124,41.676247
GP (untuned),gp_untuned,10,104,True,,0.556428308979748,0.051123,2.577186,0.325813,0.305467,2983.324894,137.600707,49.752245
GP (untuned),gp_untuned,10,105,True,,0.7479467471226723,0.050916,1.965222,0.286393,0.340975,3720.378522,122.728052,109.159571
GP (untuned),gp_untuned,10,106,True,,0.30997091671148674,0.051266,2.419858,0.32385,0.320078,3245.341102,115.249818,59.687863
GP (untuned),gp_untuned,10,107,True,,0.4046239528286942,0.051372,2.330535,0.321411,0.329455,953.898607,133.231305,110.128763
GP (untuned),gp_untuned,10,108,True,,1.5401335887442962,0.051084,2.3843,0.324619,0.263357,3249.745828,83.568562,61.327773
GP (untuned),gp_untuned,10,109,True,,0.36655963174229744,0.051317,2.505179,0.327776,0.311526,2306.528773,140.353527,55.762519
GP (untuned),gp_untuned,10,110,True,,1.275806578789989,0.05119,2.324612,0.327938,0.363728,705.349905,81.202478,42.079227
GP (untuned),gp_untuned,10,111,True,,0.6803963126015163,0.051453,1.998708,0.297691,0.308989,1479.474919,125.171171,40.514237
GP (untuned),gp_untuned,10,112,True,,0.481740904264064,0.051356,2.378794,0.3272,0.326637,3136.413239,135.723106,59.15544
GP (untuned),gp_untuned,10,113,True,,1.122986115257689,0.050876,2.291059,0.321904,0.243912,5406.144623,104.53945,40.284077
GP (untuned),gp_untuned,10,114,True,,0.8984821243720205,0.051662,1.437141,0.290427,0.378148,4260.032089,125.883573,100.437996
GP (untuned),gp_untuned,10,115,True,,1.5350634245353372,0.050531,1.0,0.291918,0.380649,2507.281065,87.200261,49.672351
GP (untuned),gp_untuned,10,116,True,,1.8331320238856712,0.050666,2.555339,0.3391,0.257982,1573.076776,84.437245,35.407346
GP (untuned),gp_untuned,10,117,True,,1.585904074050124,0.050763,1.871884,0.28,0.308204,4797.903963,80.0,123.565927
GP (untuned),gp_untuned,10,118,True,,0.3583880071353471,0.051263,2.460657,0.331744,0.307963,1689.810069,161.187366,30.811883
GP (untuned),gp_untuned,10,119,True,,0.729405473432445,0.050935,2.538061,0.329145,0.23477,2660.05637,122.009565,60.720229
GP (untuned),gp_untuned,10,120,True,,0.5520873862621792,0.051447,2.423073,0.320937,0.364588,1066.652918,118.094736,74.232916
GP (untuned),gp_untuned,10,121,True,,0.9702224601274212,0.05164,2.642594,0.323364,0.4,3598.27789,142.882547,54.582261
GP (untuned),gp_untuned,10,122,True,,0.5236620203713407,0.051322,2.38928,0.325485,0.295793,3893.710379,149.946511,31.641419
GP (untuned),gp_untuned,10,123,True,,0.7014557460213746,0.051303,2.308751,0.326897,0.335791,5773.533977,149.763709,26.462111
GP (untuned),gp_untuned,10,124,True,,0.873185580300317,0.050427,2.349027,0.323765,0.254228,1598.449824,145.307046,28.068876
GP (untuned),gp_untuned,10,125,True,,1.6317640087069658,0.050897,2.328831,0.331936,0.39305,2039.222467,164.766669,35.530568
GP (untuned),gp_untuned,10,126,True,,1.0861441297634442,0.050904,2.444844,0.292345,0.326075,1790.135673,102.655694,82.379564
GP (untuned),gp_untuned,10,127,True,,0.46615910079930795,0.051111,2.633609,0.326983,0.304445,3496.762652,138.729715,56.178167
GP (untuned),gp_untuned,10,128,True,,0.9497903484326389,0.051194,2.388491,0.315033,0.294669,2483.602144,160.604834,55.876187
GP (untuned),gp_untuned,10,129,True,,0.8994756346144345,0.051258,2.487274,0.326436,0.358909,6000.0,112.302362,57.85361
GP (untuned),gp_untuned,10,130,True,,1.289266321365516,0.051495,1.887743,0.299231,0.357932,1313.040409,85.014761,28.01317
GP (untuned),gp_untuned,10,131,True,,0.7084554617290433,0.051232,2.53606,0.332742,0.307338,2630.045477,89.454981,61.032357
GP (untuned),gp_untuned,10,132,True,,0.8420030622512981,0.051318,1.961491,0.326467,0.332994,3797.048362,113.721124,59.485442
GP (untuned),gp_untuned,10,133,True,,0.6782154739684103,0.050597,2.456569,0.296503,0.328809,5240.34398,125.169701,105.423786
GP (untuned),gp_untuned,10,134,True,,0.6142035600100952,0.051563,2.252335,0.319139,0.343583,623.879462,111.748572,115.693246
GP (untuned),gp_untuned,10,135,True,,1.2802229656114694,0.050287,1.0,0.289999,0.397981,1825.590946,175.0,48.021715
GP (untuned),gp_untuned,10,136,True,,0.680565864187784,0.0502,2.575467,0.313471,0.324466,1143.391622,151.798834,17.085976
GP (untuned),gp_untuned,10,137,True,,0.4331981985163623,0.04864,2.520542,0.340993,0.298718,2452.092295,152.27858,35.494741
GP (untuned),gp_untuned,10,138,True,,0.8801312161380167,0.048284,1.386064,0.28,0.361585,1796.23563,134.541235,118.529787
GP (untuned),gp_untuned,10,139,True,,0.743213587356213,0.045635,2.781075,0.334691,0.219918,2777.631955,140.823751,39.889144
GP (untuned),gp_untuned,10,140,True,,0.5122649658529355,0.045293,2.463268,0.328103,0.292793,5630.317903,115.138652,22.430171
GP (untuned),gp_untuned,10,141,True,,1.9266570103938696,0.044541,2.781611,0.324769,0.234241,1905.73362,91.419272,30.815865
GP (untuned),gp_untuned,10,142,True,,1.403793754287158,0.045781,2.120464,0.325696,0.389145,4807.648766,175.0,36.339619
GP (untuned),gp_untuned,10,143,True,,1.0137759461945477,0.044777,2.400378,0.332794,0.382361,638.739617,173.246751,43.482328
GP (untuned),gp_untuned,10,144,True,,1.374842989466294,0.043201,2.038458,0.298384,0.202184,6000.0,88.606995,36.565319
GP (untuned),gp_untuned,10,145,True,,0.5903613868982964,0.043424,2.548536,0.320284,0.356522,1687.943869,163.944982,59.307025
GP (untuned),gp_untuned,10,146,True,,0.7162974922935473,0.042996,2.733726,0.322832,0.292439,3322.554455,118.250401,57.333477
GP (untuned),gp_untuned,10,147,True,,0.6359165593029412,0.043425,2.071308,0.311043,0.336933,2061.201478,164.42415,46.267215
GP (untuned),gp_untuned,10,148,True,,1.0128268750281562,0.041949,1.610821,0.28,0.376568,1172.04633,149.04087,65.68182
GP (untuned),gp_untuned,10,149,True,,1.4015677645032139,0.041545,1.0,0.28,0.370579,5337.536328,175.0,58.608908
GP (untuned),gp_untuned,10,150,True,,1.1010706628941245,0.042292,2.384761,0.287616,0.337328,4197.084842,97.78947,121.851272
GP (untuned),gp_untuned,11,1,False,blowup,,0.018351,1.478148,0.393002,0.238823,5587.184578,89.99164,37.728344
GP (untuned),gp_untuned,11,2,False,min_image,,0.0,7.227957,0.40134,0.30358,4798.176843,135.828256,111.841251
GP (untuned),gp_untuned,11,3,False,blowup,,0.002775,6.446722,0.284275,0.384256,2701.108756,98.021757,34.58136
GP (untuned),gp_untuned,11,4,True,,1.9931948470433747,0.048751,4.381744,0.413163,0.208981,3879.180091,122.034887,135.161146
GP (untuned),gp_untuned,11,5,True,,3.6429452328221066,0.047937,5.75235,0.362477,0.28543,2630.082836,84.085336,33.447224
GP (untuned),gp_untuned,11,6,False,min_image,,0.0,7.466949,0.39518,0.397651,3029.988455,158.235933,12.348656
GP (untuned),gp_untuned,11,7,True,,5.348649053425203,0.049605,5.658416,0.448963,0.264021,4818.495042,100.406341,142.910652
GP (untuned),gp_untuned,11,8,True,,2.6204147098490336,0.050704,3.603414,0.306957,0.210886,4044.371329,83.818346,38.069478
GP (untuned),gp_untuned,11,9,True,,0.9515999496382465,0.050119,2.923417,0.296348,0.39477,901.674677,107.593836,21.025905
GP (untuned),gp_untuned,11,10,True,,0.9152567484016503,0.051023,3.998232,0.373327,0.279139,2692.280651,167.783148,112.360312
GP (untuned),gp_untuned,11,11,True,,1.0996912375742318,0.051411,2.492138,0.313171,0.284962,2500.976297,104.009546,121.98433
GP (untuned),gp_untuned,11,12,True,,0.8155414604112387,0.050993,3.872134,0.369669,0.282108,2546.716013,171.717889,111.587997
GP (untuned),gp_untuned,11,13,True,,1.1380012673395292,0.050918,3.754119,0.362866,0.280043,2379.174664,173.522034,106.758772
GP (untuned),gp_untuned,11,14,True,,1.3898449515261293,0.050248,2.147549,0.28,0.4,400.0,114.187054,5.0
GP (untuned),gp_untuned,11,15,True,,0.535156916756826,0.049645,3.623967,0.291006,0.263449,1747.193611,117.355366,32.121427
GP (untuned),gp_untuned,11,16,True,,2.4519201466382574,0.048712,3.825141,0.28,0.2,948.407465,80.0,5.0
GP (untuned),gp_untuned,11,17,True,,1.1407329233764065,0.050463,3.355999,0.281019,0.360102,2173.643428,123.765624,10.188183
GP (untuned),gp_untuned,11,18,True,,0.26139648096838997,0.050341,3.11208,0.28,0.277721,1379.165297,122.988293,34.277718
GP (untuned),gp_untuned,11,19,False,min_image,,0.0,1.0,0.28,0.3463,536.245742,157.198483,142.8205
GP (untuned),gp_untuned,11,20,False,blowup,,0.012665,3.437559,0.363529,0.2,858.503043,129.766928,125.763995
GP (untuned),gp_untuned,11,21,True,,0.8117924443527991,0.051928,2.402402,0.28,0.370984,1778.090253,139.075971,39.667065
GP (untuned),gp_untuned,11,22,False,min_image,,0.0,5.806903,0.426942,0.2,2910.997365,175.0,100.441187
GP (untuned),gp_untuned,11,23,False,min_image,,0.0,3.404438,0.349932,0.284257,2842.623602,149.111322,118.916639
GP (untuned),gp_untuned,11,24,True,,0.5909590593894148,0.050283,3.045033,0.28,0.29439,1350.615031,118.441615,88.806114
GP (untuned),gp_untuned,11,25,True,,0.4009943799029283,0.049103,3.092199,0.280145,0.265389,1199.239102,122.97268,68.75708
GP (untuned),gp_untuned,11,26,False,blowup,,0.046299,2.838356,0.281045,0.238869,936.77052,124.525497,14.628571
GP (untuned),gp_untuned,11,27,True,,1.0309342180690528,0.051085,1.356933,0.306053,0.306539,5053.216562,123.287125,98.499437
GP (untuned),gp_untuned,11,28,True,,2.581196592328105,0.05021,3.874187,0.345535,0.365372,4536.163122,113.923945,147.677634
GP (untuned),gp_untuned,11,29,True,,40.90595966846039,0.050814,4.954441,0.44532,0.333046,5910.985248,90.898775,150.0
GP (untuned),gp_untuned,11,30,True,,1.7281667551879898,0.051907,1.0,0.301577,0.370804,4852.134507,84.071445,90.810068
GP (untuned),gp_untuned,11,31,True,,0.4491214488801257,0.049269,3.20415,0.281335,0.2706,4307.031547,121.147195,25.813067
GP (untuned),gp_untuned,11,32,True,,1.2248995607078492,0.048874,2.952361,0.300711,0.336382,742.179432,96.782511,63.149826
GP (untuned),gp_untuned,11,33,True,,1.7490035871370475,0.051435,1.050767,0.303707,0.286846,4135.377274,80.0,74.650066
GP (untuned),gp_untuned,11,34,True,,0.5916123033416754,0.050127,3.634313,0.28,0.268556,5127.966805,134.191266,40.542125
GP (untuned),gp_untuned,11,35,True,,0.42413864317350747,0.050137,3.120357,0.28,0.282583,1385.972821,123.163467,19.353625
GP (untuned),gp_untuned,11,36,True,,1.2587763507388199,0.051634,2.41316,0.328707,0.363401,3069.789047,94.828307,39.419485
GP (untuned),gp_untuned,11,37,False,blowup,,0.002504,4.202225,0.425155,0.2,400.0,175.0,106.600774
GP (untuned),gp_untuned,11,38,True,,2.9091649867705294,0.050618,4.232614,0.377899,0.278732,5133.048626,175.0,98.500654
GP (untuned),gp_untuned,11,39,True,,0.639611890740283,0.050346,3.643879,0.28,0.234791,3370.154902,129.655952,19.682435
GP (untuned),gp_untuned,11,40,True,,0.7656820991694215,0.051994,3.066571,0.283332,0.4,2961.323224,142.89767,20.583176
GP (untuned),gp_untuned,11,41,False,blowup,,0.002744,3.024529,0.287604,0.4,3347.159304,104.629586,119.997239
GP (untuned),gp_untuned,11,42,True,,1.1329577042632897,0.051524,1.77416,0.310381,0.364992,3479.288783,97.034833,64.684623
GP (untuned),gp_untuned,11,43,True,,0.7650884785856852,0.051869,2.614304,0.318037,0.32639,5429.906277,90.643113,74.434358
GP (untuned),gp_untuned,11,44,True,,1.2179451386014895,0.050358,2.883486,0.280085,0.264947,1481.336961,128.43809,11.605073
GP (untuned),gp_untuned,11,45,True,,0.5737765136453178,0.051926,2.180704,0.285261,0.4,3530.612533,126.886874,111.839811
GP (untuned),gp_untuned,11,46,True,,0.8023248518345526,0.051184,2.576914,0.350779,0.264814,1154.929622,132.503793,147.634067
GP (untuned),gp_untuned,11,47,True,,1.383060011984892,0.049957,5.559495,0.280404,0.303501,3231.204409,93.029167,149.663419
GP (untuned),gp_untuned,11,48,False,blowup,,0.029017,5.775446,0.446142,0.225733,4711.641344,165.544353,97.026043
GP (untuned),gp_untuned,11,49,True,,1.3923146001819189,0.04946,1.0,0.297146,0.259076,400.0,172.696104,5.0
GP (untuned),gp_untuned,11,50,True,,1.2942408659225324,0.051825,5.161215,0.28598,0.395912,5722.569618,97.951136,60.492899
GP (untuned),gp_untuned,11,51,True,,2.73810514996702,0.050957,5.852237,0.281497,0.4,400.0,175.0,5.0
GP (untuned),gp_untuned,11,52,True,,0.6824435771128606,0.050363,3.012397,0.28,0.285168,5425.009929,151.158169,44.253568
GP (untuned),gp_untuned,11,53,False,blowup,,0.004798,7.40546,0.289308,0.229804,1392.897552,128.314447,139.653969
GP (untuned),gp_untuned,11,54,True,,1.2621943971679528,0.051734,1.0,0.28416,0.384722,4188.017714,109.378344,107.776896
GP (untuned),gp_untuned,11,55,False,blowup,,0.019121,3.320289,0.28,0.257554,824.792801,121.203094,34.491632
GP (untuned),gp_untuned,11,56,False,blowup,,0.011017,2.824358,0.28,0.28159,400.0,135.345936,90.207543
GP (untuned),gp_untuned,11,57,False,blowup,,0.007589,5.780807,0.280266,0.278152,1404.526396,121.769329,45.680411
GP (untuned),gp_untuned,11,58,True,,1.716510133559469,0.050307,2.98835,0.280326,0.277163,1431.538748,95.399241,20.091039
GP (untuned),gp_untuned,11,59,True,,0.5920961805293636,0.05008,2.41004,0.284128,0.305596,1749.132313,137.767779,12.590778
GP (untuned),gp_untuned,11,60,True,,0.39203743019727444,0.050013,3.114598,0.280141,0.277294,1390.478043,122.47536,32.98059
GP (untuned),gp_untuned,11,61,True,,0.4858119819833191,0.049974,3.07215,0.280353,0.291885,1346.352206,132.876771,30.067416
GP (untuned),gp_untuned,11,62,True,,1.9567047200399403,0.048565,2.930995,0.30115,0.231424,931.766141,95.787346,110.329117
GP (untuned),gp_untuned,11,63,True,,0.6128053966966857,0.048761,3.143501,0.281698,0.283457,1261.625327,117.456294,139.492938
GP (untuned),gp_untuned,11,64,True,,0.6985731914796155,0.049949,3.031078,0.292026,0.281,1806.055601,142.193027,140.409233
GP (untuned),gp_untuned,11,65,True,,1.4309457312435776,0.048695,1.652579,0.290493,0.4,400.0,144.729707,45.545371
GP (untuned),gp_untuned,11,66,True,,0.7993511682022832,0.048571,2.918228,0.302195,0.4,916.827874,107.660429,71.041596
GP (untuned),gp_untuned,11,67,False,min_image,,0.0,2.385046,0.346174,0.313689,1268.533244,138.211412,38.471276
GP (untuned),gp_untuned,11,68,True,,1.8684004550847577,0.0515,1.0,0.305196,0.345134,2855.843997,159.669777,134.876035
GP (untuned),gp_untuned,11,69,True,,0.6926084122824353,0.051929,2.905195,0.289463,0.359279,2505.017837,138.112934,46.864369
GP (untuned),gp_untuned,11,70,True,,1.5544034472991453,0.050711,1.0,0.289515,0.380357,837.078909,94.390499,92.917546
GP (untuned),gp_untuned,11,71,True,,0.5199709867114147,0.049486,3.034964,0.280363,0.279878,1510.295354,135.039859,64.357647
GP (untuned),gp_untuned,11,72,True,,1.8572895724083127,0.04809,2.425287,0.308191,0.335929,3593.747607,80.0,25.788148
GP (untuned),gp_untuned,11,73,True,,0.5828027594631192,0.050371,3.26881,0.295667,0.256059,1691.647656,117.770518,37.98809
GP (untuned),gp_untuned,11,74,True,,0.46517250332867055,0.049736,2.914286,0.281182,0.278178,1569.066787,123.337518,56.705427
GP (untuned),gp_untuned,11,75,True,,0.36971613544952187,0.050022,2.988756,0.28122,0.268497,1265.49012,124.718561,116.069799
GP (untuned),gp_untuned,11,76,False,min_image,,0.0,3.200145,0.280872,0.205132,1384.018169,145.792649,41.592249
GP (untuned),gp_untuned,11,77,True,,0.4430026129431461,0.049434,2.910614,0.28188,0.27122,1290.070811,124.776313,138.465512
GP (untuned),gp_untuned,11,78,True,,0.547325306066868,0.049082,2.915566,0.281543,0.28846,1466.496655,125.438056,127.030768
GP (untuned),gp_untuned,11,79,True,,1.0644970191382928,0.048,4.04118,0.374426,0.276787,2450.534117,175.0,77.281649
GP (untuned),gp_untuned,11,80,True,,0.6012491394764282,0.050638,3.211495,0.292,0.271347,1889.277257,117.399568,33.715998
GP (untuned),gp_untuned,11,81,True,,0.5574245325833295,0.050727,2.958453,0.282057,0.296362,1474.659661,131.794327,23.11447
GP (untuned),gp_untuned,11,82,True,,1.5486122065038874,0.048105,2.577619,0.312926,0.233587,1070.670923,87.231507,95.986494
GP (untuned),gp_untuned,11,83,True,,0.9083402018224199,0.05079,2.312582,0.28439,0.320179,2004.32102,147.825804,30.612428
GP (untuned),gp_untuned,11,84,False,min_image,,0.0,3.708834,0.281177,0.261915,3642.838712,115.360592,138.347794
GP (untuned),gp_untuned,11,85,True,,8.061931083897175,0.050346,3.126727,0.361571,0.4,2825.629852,83.009382,93.800544
GP (untuned),gp_untuned,11,86,True,,0.47168888704531453,0.048438,3.817445,0.28,0.217922,2990.85018,133.906231,32.006411
GP (untuned),gp_untuned,11,87,True,,0.5094042250858659,0.050145,3.652302,0.28,0.227351,3298.351025,132.321364,92.802615
GP (untuned),gp_untuned,11,88,True,,2.695259583401772,0.050698,2.005046,0.342068,0.4,1306.712284,175.0,122.872526
GP (untuned),gp_untuned,11,89,True,,0.4310044928676311,0.050114,3.024794,0.284012,0.306516,1365.871367,126.597916,119.633363
GP (untuned),gp_untuned,11,90,True,,1.3231324466909664,0.051153,2.227101,0.28,0.357016,2893.560034,123.884869,137.713533
GP (untuned),gp_untuned,11,91,True,,0.8080137208404026,0.050149,2.836524,0.281495,0.325787,1329.436185,168.629259,32.17379
GP (untuned),gp_untuned,11,92,True,,1.2149940567562059,0.049664,1.0,0.293518,0.4,1017.351388,160.728021,21.652341
GP (untuned),gp_untuned,11,93,True,,0.689279420596038,0.051724,4.055266,0.28,0.300468,5224.701848,144.9342,73.356212
GP (untuned),gp_untuned,11,94,True,,0.9264786324279206,0.050341,3.919943,0.372356,0.27875,2619.836521,166.936592,21.005296
GP (untuned),gp_untuned,11,95,True,,0.5126167205844131,0.051248,1.965867,0.285612,0.398663,3551.291199,131.857062,80.678891
GP (untuned),gp_untuned,11,96,True,,0.7554661783997932,0.049071,1.834085,0.285323,0.398747,3570.433819,136.392368,60.521122
GP (untuned),gp_untuned,11,97,False,blowup,,0.002682,3.127204,0.281173,0.270706,4399.726794,122.48194,70.802792
GP (untuned),gp_untuned,11,98,True,,0.6636414715383352,0.04964,2.926732,0.283666,0.275,1660.857862,108.442578,37.044893
GP (untuned),gp_untuned,11,99,True,,2.851661228169999,0.048454,4.918161,0.28,0.2,4041.055621,106.854678,8.846672
GP (untuned),gp_untuned,11,100,True,,0.715282925975707,0.050787,2.593606,0.352722,0.271508,1129.984023,130.489147,129.717196
GP (untuned),gp_untuned,11,101,True,,1.9019687044284694,0.049599,3.114093,0.282067,0.271048,4370.847811,121.136458,7.536499
GP (untuned),gp_untuned,11,102,True,,0.36631945714185526,0.048288,3.269759,0.281174,0.269777,4265.195235,120.90795,67.256935
GP (untuned),gp_untuned,11,103,True,,1.0485404918307555,0.050082,2.899665,0.285374,0.377167,1577.271581,157.116336,124.806448
GP (untuned),gp_untuned,11,104,True,,0.523766353581527,0.051394,2.000141,0.284616,0.4,3483.990555,149.73456,9.442142
GP (untuned),gp_untuned,11,105,True,,1.1164315022021707,0.051371,3.610744,0.28,0.354366,5420.202616,86.827525,97.38112
GP (untuned),gp_untuned,11,106,True,,1.059861303565999,0.050847,3.298409,0.339515,0.272157,4932.390294,113.979878,64.82931
GP (untuned),gp_untuned,11,107,True,,0.7868936180548054,0.051359,2.634828,0.289534,0.343579,2542.813115,116.414202,129.753217
GP (untuned),gp_untuned,11,108,True,,0.8182733141212124,0.049303,2.549222,0.294503,0.4,949.50512,102.625402,34.551561
GP (untuned),gp_untuned,11,109,True,,0.9842649707272555,0.048273,1.718393,0.28,0.2,2401.155647,174.758785,25.939431
GP (untuned),gp_untuned,11,110,True,,0.5448596163834317,0.048554,3.015998,0.28,0.276987,4291.245588,129.474648,97.874869
GP (untuned),gp_untuned,11,111,False,min_image,,0.0,3.063054,0.280115,0.277373,1359.817162,130.007463,73.225836
GP (untuned),gp_untuned,11,112,False,min_image,,0.0,8.0,0.387866,0.4,400.0,148.885896,119.5462
GP (untuned),gp_untuned,11,113,True,,0.6013352096085143,0.050179,3.009244,0.283084,0.290563,1405.809991,131.925068,136.38182
GP (untuned),gp_untuned,11,114,True,,0.8540839040389344,0.049062,2.987407,0.285887,0.244203,1825.197099,100.315332,125.766783
GP (untuned),gp_untuned,11,115,True,,1.710513240758986,0.049763,1.0,0.294587,0.4,408.671572,93.877969,43.376286
GP (untuned),gp_untuned,11,116,False,blowup,,0.018547,4.011084,0.376207,0.207112,2540.426845,139.041598,115.192129
GP (untuned),gp_untuned,11,117,True,,0.5853923065191038,0.049082,2.663062,0.28387,0.271984,1330.085396,136.945651,17.572218
GP (untuned),gp_untuned,11,118,True,,2.72414845888896,0.050159,4.057877,0.394888,0.297638,2480.613666,146.70632,150.0
GP (untuned),gp_untuned,11,119,True,,2.8743397350687583,0.050314,5.779103,0.288868,0.251408,6000.0,150.085644,5.0
GP (untuned),gp_untuned,11,120,True,,0.6829729337878846,0.049978,2.804897,0.283914,0.301689,1510.396626,162.143164,22.795883
GP (untuned),gp_untuned,11,121,True,,1.0409942918824016,0.050866,2.430537,0.307604,0.301561,2479.636909,101.043839,90.235327
GP (untuned),gp_untuned,11,122,True,,1.1716659579901842,0.050955,2.54003,0.350867,0.242556,1143.815576,132.779947,109.036434
GP (untuned),gp_untuned,11,123,True,,6.438349477308869,0.050554,4.15449,0.383985,0.356927,2661.69131,175.0,117.080003
GP (untuned),gp_untuned,11,124,True,,1.5225225832168965,0.049326,3.538397,0.282567,0.232918,3256.138724,105.853786,25.90951
GP (untuned),gp_untuned,11,125,True,,0.7636837306714332,0.049652,3.746029,0.28,0.229369,3309.374008,158.540853,92.495008
GP (untuned),gp_untuned,11,126,True,,1.3143197003208424,0.048625,1.0,0.310886,0.266527,617.717883,140.700451,100.522451
GP (untuned),gp_untuned,11,127,True,,0.6693794787534945,0.050998,1.577604,0.291311,0.4,3595.067911,126.420705,83.3755
GP (untuned),gp_untuned,11,128,True,,0.5948785016444984,0.050114,2.875066,0.2823,0.305214,1529.811541,132.008969,36.984639
GP (untuned),gp_untuned,11,129,True,,0.8988467421378187,0.048248,2.916811,0.283325,0.248919,1314.892877,101.560893,148.239746
GP (untuned),gp_untuned,11,130,True,,0.899619445317346,0.050271,4.03538,0.375841,0.284771,2499.817702,136.307335,108.709517
GP (untuned),gp_untuned,11,131,True,,0.7297751108404531,0.049685,3.155127,0.298997,0.289052,1490.824266,175.0,35.695171
GP (untuned),gp_untuned,11,132,True,,0.5353602263406146,0.050292,3.283849,0.291461,0.288619,5384.440207,130.948282,93.224808
GP (untuned),gp_untuned,11,133,True,,0.7361205774762362,0.047329,3.386923,0.28,0.218477,2717.486392,175.0,84.21474
GP (untuned),gp_untuned,11,134,True,,0.6099847097636787,0.048205,3.506775,0.282866,0.265603,4264.561722,152.397907,39.273959
GP (untuned),gp_untuned,11,135,True,,0.31343669727009865,0.050379,2.093023,0.358504,0.265444,1197.580094,133.784077,150.0
GP (untuned),gp_untuned,11,136,True,,0.8828799359160275,0.048156,2.6979,0.281862,0.265458,1154.55647,170.420136,90.621533
GP (untuned),gp_untuned,11,137,True,,2.1543582357323845,0.04966,4.045206,0.28,0.271777,5353.043303,149.900014,5.0
GP (untuned),gp_untuned,11,138,True,,1.2304614597163395,0.051311,2.619745,0.301201,0.311157,5363.998053,95.38419,141.882509
GP (untuned),gp_untuned,11,139,True,,0.7965158217066027,0.050246,2.221587,0.35318,0.262383,1201.212739,105.659136,97.878205
GP (untuned),gp_untuned,11,140,True,,0.7195278602490961,0.049623,2.624233,0.280779,0.27688,5142.142369,111.786715,39.647536
GP (untuned),gp_untuned,11,141,True,,0.5090459596765041,0.051579,1.869754,0.297924,0.387794,3102.979508,128.786755,135.574597
GP (untuned),gp_untuned,11,142,True,,3.252158727531537,0.049417,3.924378,0.388991,0.275678,4451.749879,97.953339,124.597387
GP (untuned),gp_untuned,11,143,True,,1.8793069566221308,0.050166,3.642578,0.306914,0.291276,5180.408404,149.574299,8.688066
GP (untuned),gp_untuned,11,144,True,,0.70731858100301,0.048699,3.626227,0.28,0.278151,5457.161914,103.268443,89.196105
GP (untuned),gp_untuned,11,145,True,,1.1509840567246576,0.049166,2.379471,0.28,0.385679,2541.615661,141.718164,5.057766
GP (untuned),gp_untuned,11,146,True,,0.5641214178463047,0.043443,3.047353,0.358052,0.264011,2506.870258,162.798814,111.679449
GP (untuned),gp_untuned,11,147,True,,1.1357939411361015,0.044845,2.626416,0.28,0.350057,1663.228448,96.583978,88.129673
GP (untuned),gp_untuned,11,148,True,,0.7401502970453516,0.044168,2.894746,0.28,0.21249,4936.850018,150.941646,137.198164
GP (untuned),gp_untuned,11,149,True,,0.7577512390721985,0.043269,2.883067,0.28,0.315798,1966.762759,174.96684,49.665053
GP (untuned),gp_untuned,11,150,True,,0.5480547352153577,0.045067,2.341483,0.297795,0.373879,3214.831451,120.888112,143.099297
