arm,seed,step,loss,best_so_far,cumulative_cost,stable,violations
GP (tuned),0,1,0.46778517593491803,0.46778517593491803,41.41,True,
GP (tuned),0,2,0.26076098839634676,0.26076098839634676,105.26,True,
GP (tuned),0,3,0.502473108828611,0.26076098839634676,145.39,True,
GP (tuned),0,4,0.407671657825897,0.26076098839634676,195.39,True,
GP (tuned),0,5,0.7526135228465374,0.26076098839634676,222.28,True,
GP (tuned),0,6,0.42001329746373917,0.26076098839634676,288.05,True,
GP (tuned),0,7,0.47425823287790253,0.26076098839634676,328.76,True,
GP (tuned),0,8,0.48030717569349834,0.26076098839634676,372.24,True,
GP (tuned),0,9,0.261373726475032,0.26076098839634676,498.72,True,
GP (tuned),0,10,,0.26076098839634676,501.99,False,blowup
GP (tuned),0,11,0.653162221751775,0.26076098839634676,539.63,True,
GP (tuned),0,12,0.2814758745587765,0.26076098839634676,611.58,True,
GP (tuned),0,13,,0.26076098839634676,638.56,False,blowup|min_image
GP (tuned),0,14,0.5266953721558364,0.26076098839634676,664.39,True,
GP (tuned),0,15,0.27616808434380175,0.26076098839634676,741.93,True,
GP (tuned),0,16,0.3724735095296544,0.26076098839634676,842.17,True,
GP (tuned),0,17,0.3234726461934319,0.26076098839634676,940.2,True,
GP (tuned),0,18,0.4061626707719715,0.26076098839634676,1057.47,True,
GP (tuned),0,19,0.23099560320230814,0.23099560320230814,1145.66,True,
GP (tuned),0,20,0.21154843937025028,0.21154843937025028,1245.01,True,
GP (tuned),0,21,0.2055083833813949,0.2055083833813949,1341.71,True,
GP (tuned),0,22,1.106881674737672,0.2055083833813949,1396.57,True,
GP (tuned),0,23,0.19020593705755898,0.19020593705755898,1536.18,True,
GP (tuned),0,24,0.24802630088136246,0.19020593705755898,1612.95,True,
GP (tuned),0,25,0.3809009731661945,0.19020593705755898,1732.26,True,
GP (tuned),0,26,0.20952172953947487,0.19020593705755898,1863.18,True,
GP (tuned),0,27,0.24312146836930865,0.19020593705755898,1987.5,True,
GP (tuned),0,28,0.21294989079618468,0.19020593705755898,2139.28,True,
GP (tuned),0,29,0.20758082704503208,0.19020593705755898,2164.06,True,
GP (tuned),0,30,,0.19020593705755898,2170.07,False,blowup
GP (tuned),0,31,0.19380936491655365,0.19020593705755898,2194.9,True,
GP (tuned),0,32,0.17834255854638992,0.17834255854638992,2219.56,True,
GP (tuned),0,33,0.18611872787195216,0.17834255854638992,2243.24,True,
GP (tuned),0,34,0.173704588790934,0.173704588790934,2267.19,True,
GP (tuned),0,35,0.16602830893039838,0.16602830893039838,2292.63,True,
GP (tuned),1,1,0.662613047396719,0.662613047396719,25.89,True,
GP (tuned),1,2,0.2543751148983717,0.2543751148983717,158.36,True,
GP (tuned),1,3,0.4063136449726408,0.2543751148983717,226.56,True,
GP (tuned),1,4,0.6010049477742493,0.2543751148983717,340.23,True,
GP (tuned),1,5,0.5092590588578867,0.2543751148983717,423.42,True,
GP (tuned),1,6,0.5527764173013004,0.2543751148983717,484.55,True,
GP (tuned),1,7,0.3218028053210985,0.2543751148983717,522.36,True,
GP (tuned),1,8,0.3500071217614777,0.2543751148983717,562.06,True,
GP (tuned),1,9,0.4075003820908921,0.2543751148983717,713.32,True,
GP (tuned),1,10,0.49355999581198634,0.2543751148983717,786.37,True,
GP (tuned),1,11,0.20435642828447367,0.20435642828447367,951.99,True,
GP (tuned),1,12,0.293696419525898,0.20435642828447367,1158.05,True,
GP (tuned),1,13,0.2642348742906443,0.20435642828447367,1279.47,True,
GP (tuned),1,14,0.3758583308833514,0.20435642828447367,1300.33,True,
GP (tuned),1,15,0.42719689020248297,0.20435642828447367,1374.82,True,
GP (tuned),1,16,0.2592903559872418,0.20435642828447367,1420.7,True,
GP (tuned),1,17,0.23443707546981618,0.20435642828447367,1525.19,True,
GP (tuned),1,18,0.3561362326645734,0.20435642828447367,1621.38,True,
GP (tuned),1,19,0.3975530809340728,0.20435642828447367,1766.04,True,
GP (tuned),1,20,0.24386299785240217,0.20435642828447367,1852.48,True,
GP (tuned),1,21,0.36050907248140684,0.20435642828447367,1885.77,True,
GP (tuned),1,22,0.18256739577304396,0.18256739577304396,2064.55,True,
GP (tuned),1,23,0.37382313747566775,0.18256739577304396,2097.04,True,
GP (tuned),1,24,0.1997470918725451,0.18256739577304396,2140.72,True,
GP (tuned),1,25,0.17513694920132317,0.17513694920132317,2328.22,True,
GP (tuned),1,26,0.44203334845347464,0.17513694920132317,2507.88,True,
GP (tuned),1,27,0.20192209343156803,0.17513694920132317,2642.56,True,
GP (tuned),1,28,,0.17513694920132317,2697.23,False,min_image
GP (tuned),1,29,,0.17513694920132317,2704.0,False,blowup
GP (tuned),1,30,0.16345052363646312,0.16345052363646312,2897.65,True,
GP (tuned),1,31,0.20195857294440378,0.16345052363646312,3101.62,True,
GP (tuned),1,32,0.41257948775970216,0.16345052363646312,3303.76,True,
GP (tuned),1,33,0.177092050752338,0.16345052363646312,3489.35,True,
GP (tuned),1,34,0.21530106262139567,0.16345052363646312,3660.69,True,
GP (tuned),1,35,0.16212502305326826,0.16212502305326826,3856.02,True,
GP (tuned),2,1,0.8931872063961629,0.8931872063961629,23.06,True,
GP (tuned),2,2,0.8329952821934788,0.8329952821934788,74.02,True,
GP (tuned),2,3,0.5913962769001523,0.5913962769001523,137.23,True,
GP (tuned),2,4,0.5199352183938154,0.5199352183938154,238.72,True,
GP (tuned),2,5,0.35504508788689354,0.35504508788689354,309.67,True,
GP (tuned),2,6,,0.35504508788689354,311.52,False,blowup
GP (tuned),2,7,0.36792310522607613,0.35504508788689354,384.82,True,
GP (tuned),2,8,0.5356435449087888,0.35504508788689354,438.18,True,
GP (tuned),2,9,,0.35504508788689354,440.41,False,blowup
GP (tuned),2,10,0.5633323298913583,0.35504508788689354,548.69,True,
GP (tuned),2,11,0.3250103419979853,0.3250103419979853,628.71,True,
GP (tuned),2,12,0.7746082925001585,0.3250103419979853,672.63,True,
GP (tuned),2,13,0.285158712126229,0.285158712126229,769.82,True,
GP (tuned),2,14,0.26528330274008505,0.26528330274008505,884.6,True,
GP (tuned),2,15,0.30211741810963194,0.26528330274008505,1040.04,True,
GP (tuned),2,16,0.3572511302797443,0.26528330274008505,1167.36,True,
GP (tuned),2,17,0.907888162239442,0.26528330274008505,1223.52,True,
GP (tuned),2,18,0.20544122313301502,0.20544122313301502,1296.84,True,
GP (tuned),2,19,0.2083142767084893,0.20544122313301502,1324.93,True,
GP (tuned),2,20,0.2888502860851458,0.20544122313301502,1472.26,True,
GP (tuned),2,21,0.2670004804032549,0.20544122313301502,1500.09,True,
GP (tuned),2,22,0.19901244754491437,0.19901244754491437,1545.82,True,
GP (tuned),2,23,0.2003240361318961,0.19901244754491437,1597.27,True,
GP (tuned),2,24,0.7660931840129026,0.19901244754491437,1682.46,True,
GP (tuned),2,25,0.19688545200631563,0.19688545200631563,1720.55,True,
GP (tuned),2,26,0.2724482598668244,0.19688545200631563,1745.63,True,
GP (tuned),2,27,0.2986965446634913,0.19688545200631563,1778.87,True,
GP (tuned),2,28,,0.19688545200631563,1779.97,False,blowup
GP (tuned),2,29,0.2233695700535137,0.19688545200631563,1811.57,True,
GP (tuned),2,30,0.3057707909974357,0.19688545200631563,1830.94,True,
GP (tuned),2,31,0.4411024552494037,0.19688545200631563,1861.32,True,
GP (tuned),2,32,0.2193365883447073,0.19688545200631563,1959.66,True,
GP (tuned),2,33,0.1978896553934501,0.19688545200631563,1991.59,True,
GP (tuned),2,34,0.19566448210388765,0.19566448210388765,2146.97,True,
GP (tuned),2,35,0.3200017094275839,0.19566448210388765,2237.6,True,
GP (tuned),3,1,1.0407997775710585,1.0407997775710585,37.3,True,
GP (tuned),3,2,0.5886762868884141,0.5886762868884141,200.82,True,
GP (tuned),3,3,0.5894387933285767,0.5886762868884141,267.6,True,
GP (tuned),3,4,,0.5886762868884141,273.59,False,blowup
GP (tuned),3,5,0.44323329852255033,0.44323329852255033,360.98,True,
GP (tuned),3,6,,0.44323329852255033,365.1,False,blowup
GP (tuned),3,7,0.465082717916437,0.44323329852255033,435.76,True,
GP (tuned),3,8,0.3507175415628251,0.3507175415628251,498.76,True,
GP (tuned),3,9,0.37088785848370764,0.3507175415628251,517.82,True,
GP (tuned),3,10,0.31660716979678644,0.31660716979678644,561.08,True,
GP (tuned),3,11,0.4939600419298096,0.31660716979678644,619.24,True,
GP (tuned),3,12,0.3235242579789848,0.31660716979678644,672.29,True,
GP (tuned),3,13,,0.31660716979678644,677.07,False,blowup
GP (tuned),3,14,,0.31660716979678644,702.18,False,min_image
GP (tuned),3,15,0.3231169366575591,0.31660716979678644,725.67,True,
GP (tuned),3,16,0.502058854075785,0.31660716979678644,759.03,True,
GP (tuned),3,17,0.3696149548488759,0.31660716979678644,901.5,True,
GP (tuned),3,18,0.4143169668015234,0.31660716979678644,920.01,True,
GP (tuned),3,19,,0.31660716979678644,924.09,False,blowup
GP (tuned),3,20,0.30668778326221025,0.30668778326221025,947.91,True,
GP (tuned),3,21,0.3197525481132844,0.30668778326221025,964.01,True,
GP (tuned),3,22,0.29660085034877576,0.29660085034877576,985.23,True,
GP (tuned),3,23,0.268134417571229,0.268134417571229,1021.43,True,
GP (tuned),3,24,0.27897609210270413,0.268134417571229,1062.89,True,
GP (tuned),3,25,0.26205140191800363,0.26205140191800363,1110.61,True,
GP (tuned),3,26,,0.26205140191800363,1143.79,False,min_image
GP (tuned),3,27,0.23283018060270963,0.23283018060270963,1175.92,True,
GP (tuned),3,28,0.29237220242974427,0.23283018060270963,1207.08,True,
GP (tuned),3,29,0.24353346582630264,0.23283018060270963,1236.11,True,
GP (tuned),3,30,0.6061123135923673,0.23283018060270963,1283.64,True,
GP (tuned),3,31,0.22616057043794602,0.22616057043794602,1310.58,True,
GP (tuned),3,32,0.19472639320520288,0.19472639320520288,1337.3,True,
GP (tuned),3,33,0.1921446902612986,0.1921446902612986,1363.95,True,
GP (tuned),3,34,0.19490193862657706,0.1921446902612986,1391.65,True,
GP (tuned),3,35,0.19233580997076818,0.1921446902612986,1428.88,True,
GP (tuned),4,1,,,13.67,False,blowup
GP (tuned),4,2,0.4325638491381822,0.4325638491381822,120.19,True,
GP (tuned),4,3,0.9287925673752104,0.4325638491381822,163.19,True,
GP (tuned),4,4,0.5426413983297107,0.4325638491381822,251.27,True,
GP (tuned),4,5,0.6060564789633004,0.4325638491381822,351.65,True,
GP (tuned),4,6,0.5293649218217821,0.4325638491381822,524.1,True,
GP (tuned),4,7,0.36839381030533597,0.36839381030533597,598.71,True,
GP (tuned),4,8,0.4069613000180255,0.36839381030533597,668.74,True,
GP (tuned),4,9,0.2474743836745795,0.2474743836745795,699.49,True,
GP (tuned),4,10,,0.2474743836745795,719.28,False,blowup
GP (tuned),4,11,0.5813800101536102,0.2474743836745795,784.38,True,
GP (tuned),4,12,0.27390802690761423,0.2474743836745795,821.74,True,
GP (tuned),4,13,0.4082265384140859,0.2474743836745795,926.78,True,
GP (tuned),4,14,0.293576244669233,0.2474743836745795,954.98,True,
GP (tuned),4,15,,0.2474743836745795,971.97,False,blowup
GP (tuned),4,16,0.30141394849699393,0.2474743836745795,1049.96,True,
GP (tuned),4,17,0.24337238464665423,0.24337238464665423,1080.17,True,
GP (tuned),4,18,0.23946740443090503,0.23946740443090503,1114.98,True,
GP (tuned),4,19,0.6618001691552511,0.23946740443090503,1173.13,True,
GP (tuned),4,20,0.25694130974701285,0.23946740443090503,1222.63,True,
GP (tuned),4,21,0.4252895572488947,0.23946740443090503,1338.27,True,
GP (tuned),4,22,0.256969497683532,0.23946740443090503,1366.87,True,
GP (tuned),4,23,0.26665468703467154,0.23946740443090503,1462.17,True,
GP (tuned),4,24,0.30960108645360307,0.23946740443090503,1502.03,True,
GP (tuned),4,25,0.34775987460930524,0.23946740443090503,1540.89,True,
GP (tuned),4,26,0.4443429538614228,0.23946740443090503,1602.76,True,
GP (tuned),4,27,0.3854867872648869,0.23946740443090503,1648.84,True,
GP (tuned),4,28,0.25424145490984135,0.23946740443090503,1741.67,True,
GP (tuned),4,29,0.22473386109457463,0.22473386109457463,1821.9,True,
GP (tuned),4,30,0.20647655013841984,0.20647655013841984,1875.41,True,
GP (tuned),4,31,0.2718169052943601,0.20647655013841984,1914.67,True,
GP (tuned),4,32,0.20526651408379296,0.20526651408379296,1987.44,True,
GP (tuned),4,33,0.3042665540853962,0.20526651408379296,2025.94,True,
GP (tuned),4,34,0.34584674475241756,0.20526651408379296,2066.21,True,
GP (tuned),4,35,0.23798742577604276,0.20526651408379296,2127.93,True,
GP (tuned),5,1,1.0803389221722637,1.0803389221722637,15.03,True,
GP (tuned),5,2,0.249451938065125,0.249451938065125,116.41,True,
GP (tuned),5,3,0.39287472209441,0.249451938065125,133.57,True,
GP (tuned),5,4,,0.249451938065125,151.08,False,blowup
GP (tuned),5,5,,0.249451938065125,187.9,False,min_image
GP (tuned),5,6,0.46987032313052823,0.249451938065125,233.86,True,
GP (tuned),5,7,0.5413572479885473,0.249451938065125,249.25,True,
GP (tuned),5,8,0.5029769226005742,0.249451938065125,298.03,True,
GP (tuned),5,9,0.5078626675964674,0.249451938065125,415.2,True,
GP (tuned),5,10,0.5010926120799992,0.249451938065125,456.07,True,
GP (tuned),5,11,0.24192678557393746,0.24192678557393746,599.45,True,
GP (tuned),5,12,0.392678192290169,0.24192678557393746,620.7,True,
GP (tuned),5,13,0.20979133607673095,0.20979133607673095,768.9,True,
GP (tuned),5,14,0.2374065181426302,0.20979133607673095,927.49,True,
GP (tuned),5,15,,0.20979133607673095,973.61,False,blowup|min_image
GP (tuned),5,16,0.4688073337544846,0.20979133607673095,1005.64,True,
GP (tuned),5,17,,0.20979133607673095,1050.74,False,min_image
GP (tuned),5,18,0.21195652739051335,0.20979133607673095,1110.88,True,
GP (tuned),5,19,0.5512776909012641,0.20979133607673095,1162.68,True,
GP (tuned),5,20,0.19839790534975893,0.19839790534975893,1309.73,True,
GP (tuned),5,21,0.2320500081890213,0.19839790534975893,1332.92,True,
GP (tuned),5,22,0.20865716245217603,0.19839790534975893,1359.91,True,
GP (tuned),5,23,,0.19839790534975893,1366.48,False,blowup
GP (tuned),5,24,0.26907773816357206,0.19839790534975893,1527.58,True,
GP (tuned),5,25,0.22171720882292906,0.19839790534975893,1666.9,True,
GP (tuned),5,26,0.22680167895829895,0.19839790534975893,1691.21,True,
GP (tuned),5,27,0.2649963690776871,0.19839790534975893,1712.87,True,
GP (tuned),5,28,0.35543308145695374,0.19839790534975893,1837.36,True,
GP (tuned),5,29,0.24583263119772517,0.19839790534975893,1866.48,True,
GP (tuned),5,30,0.5094627294693613,0.19839790534975893,1877.46,True,
GP (tuned),5,31,0.6970529357119314,0.19839790534975893,1888.66,True,
GP (tuned),5,32,0.9202407907195583,0.19839790534975893,1956.48,True,
GP (tuned),5,33,0.34476794220826806,0.19839790534975893,2065.54,True,
GP (tuned),5,34,0.21747572186719835,0.19839790534975893,2206.38,True,
GP (tuned),5,35,,0.19839790534975893,2228.73,False,blowup
GP (tuned),6,1,0.6751849467222095,0.6751849467222095,154.98,True,
GP (tuned),6,2,0.761276074316628,0.6751849467222095,221.96,True,
GP (tuned),6,3,0.4663698456232091,0.4663698456232091,304.3,True,
GP (tuned),6,4,,0.4663698456232091,310.94,False,blowup
GP (tuned),6,5,0.47025292439488836,0.4663698456232091,384.7,True,
GP (tuned),6,6,0.45073398671968046,0.45073398671968046,531.96,True,
GP (tuned),6,7,0.35407705897489405,0.35407705897489405,597.21,True,
GP (tuned),6,8,,0.35407705897489405,603.58,False,blowup
GP (tuned),6,9,0.30985753752302947,0.30985753752302947,699.57,True,
GP (tuned),6,10,,0.30985753752302947,708.66,False,blowup
GP (tuned),6,11,,0.30985753752302947,724.01,False,blowup
GP (tuned),6,12,0.3182020697017796,0.30985753752302947,754.79,True,
GP (tuned),6,13,0.33752270473066986,0.30985753752302947,822.17,True,
GP (tuned),6,14,0.43105757018515994,0.30985753752302947,887.97,True,
GP (tuned),6,15,0.368316961121854,0.30985753752302947,974.92,True,
GP (tuned),6,16,0.30398475920954415,0.30398475920954415,1030.52,True,
GP (tuned),6,17,0.44818420163305195,0.30398475920954415,1096.69,True,
GP (tuned),6,18,0.3212228624076884,0.30398475920954415,1171.64,True,
GP (tuned),6,19,0.3647435098696219,0.30398475920954415,1286.09,True,
GP (tuned),6,20,0.2400404996847154,0.2400404996847154,1400.45,True,
GP (tuned),6,21,0.22797616882625227,0.22797616882625227,1520.45,True,
GP (tuned),6,22,0.6396728360722262,0.22797616882625227,1588.07,True,
GP (tuned),6,23,0.25756261883646175,0.22797616882625227,1709.95,True,
GP (tuned),6,24,0.2243895860383076,0.2243895860383076,1829.55,True,
GP (tuned),6,25,0.20062977684854413,0.20062977684854413,1958.08,True,
GP (tuned),6,26,,0.20062977684854413,1980.62,False,min_image
GP (tuned),6,27,0.25441795046465787,0.20062977684854413,2063.85,True,
GP (tuned),6,28,0.1898119305790786,0.1898119305790786,2087.35,True,
GP (tuned),6,29,0.47828173923167966,0.1898119305790786,2097.65,True,
GP (tuned),6,30,0.21555979409542905,0.1898119305790786,2234.81,True,
GP (tuned),6,31,0.22249879795569327,0.1898119305790786,2258.74,True,
GP (tuned),6,32,0.43063289587522746,0.1898119305790786,2275.46,True,
GP (tuned),6,33,0.17607870738732015,0.17607870738732015,2298.36,True,
GP (tuned),6,34,,0.17607870738732015,2299.8,False,blowup
GP (tuned),6,35,0.8673749626457765,0.17607870738732015,2338.92,True,
GP (tuned),7,1,,,9.41,False,blowup
GP (tuned),7,2,0.5676261569927663,0.5676261569927663,114.02,True,
GP (tuned),7,3,,0.5676261569927663,133.77,False,blowup
GP (tuned),7,4,0.7374455724456916,0.5676261569927663,209.71,True,
GP (tuned),7,5,0.22569523428010957,0.22569523428010957,243.17,True,
GP (tuned),7,6,,0.22569523428010957,249.36,False,blowup
GP (tuned),7,7,0.5673563573101696,0.22569523428010957,265.47,True,
GP (tuned),7,8,0.3016131242759118,0.22569523428010957,336.83,True,
GP (tuned),7,9,0.5734998394979174,0.22569523428010957,361.05,True,
GP (tuned),7,10,0.2351980680109972,0.22569523428010957,397.24,True,
GP (tuned),7,11,0.2362800349307782,0.22569523428010957,487.4,True,
GP (tuned),7,12,0.2200471492349805,0.2200471492349805,560.2,True,
GP (tuned),7,13,0.5265579993839825,0.2200471492349805,633.55,True,
GP (tuned),7,14,0.44015699067679026,0.2200471492349805,709.09,True,
GP (tuned),7,15,0.5287952524251787,0.2200471492349805,776.42,True,
GP (tuned),7,16,0.23391470025362177,0.2200471492349805,846.58,True,
GP (tuned),7,17,0.28041576161242104,0.2200471492349805,917.17,True,
GP (tuned),7,18,0.4064676707005292,0.2200471492349805,952.98,True,
GP (tuned),7,19,0.24301372217167974,0.2200471492349805,1000.97,True,
GP (tuned),7,20,0.34179981706493723,0.2200471492349805,1034.79,True,
GP (tuned),7,21,0.25842146041754704,0.2200471492349805,1062.0,True,
GP (tuned),7,22,0.38527966380207757,0.2200471492349805,1088.23,True,
GP (tuned),7,23,0.8867430334180427,0.2200471492349805,1110.36,True,
GP (tuned),7,24,0.21437260730029978,0.21437260730029978,1137.85,True,
GP (tuned),7,25,0.20083422392675238,0.20083422392675238,1166.86,True,
GP (tuned),7,26,0.21676434897927524,0.20083422392675238,1194.99,True,
GP (tuned),7,27,0.19125362500633575,0.19125362500633575,1226.22,True,
GP (tuned),7,28,0.28319221151327595,0.19125362500633575,1264.2,True,
GP (tuned),7,29,,0.19125362500633575,1268.36,False,blowup
GP (tuned),7,30,0.25422462479975744,0.19125362500633575,1291.96,True,
GP (tuned),7,31,0.48694061780694586,0.19125362500633575,1331.23,True,
GP (tuned),7,32,0.2231460829514106,0.19125362500633575,1360.38,True,
GP (tuned),7,33,0.19909068625311133,0.19125362500633575,1392.42,True,
GP (tuned),7,34,0.6869330361324545,0.19125362500633575,1405.64,True,
GP (tuned),7,35,0.6629191004897879,0.19125362500633575,1449.78,True,
GP (tuned),8,1,0.6084274307861134,0.6084274307861134,87.71,True,
GP (tuned),8,2,0.38006695631243825,0.38006695631243825,192.2,True,
GP (tuned),8,3,0.7793646684075688,0.38006695631243825,214.28,True,
GP (tuned),8,4,0.5383234796520091,0.38006695631243825,267.81,True,
GP (tuned),8,5,0.40230908649906794,0.38006695631243825,289.68,True,
GP (tuned),8,6,0.2356145602377651,0.2356145602377651,357.99,True,
GP (tuned),8,7,0.5694130760251076,0.2356145602377651,411.8,True,
GP (tuned),8,8,0.39750690106575726,0.2356145602377651,508.49,True,
GP (tuned),8,9,0.5340062085418408,0.2356145602377651,614.78,True,
GP (tuned),8,10,0.4157931098171981,0.2356145602377651,672.91,True,
GP (tuned),8,11,,0.2356145602377651,680.59,False,blowup
GP (tuned),8,12,0.1991095235846868,0.1991095235846868,753.44,True,
GP (tuned),8,13,0.28136021353536206,0.1991095235846868,857.13,True,
GP (tuned),8,14,0.2246510610962878,0.1991095235846868,926.02,True,
GP (tuned),8,15,0.39864904678367424,0.1991095235846868,1084.08,True,
GP (tuned),8,16,0.5905571711452766,0.1991095235846868,1104.54,True,
GP (tuned),8,17,0.1984225560233251,0.1984225560233251,1179.66,True,
GP (tuned),8,18,0.5329070217032083,0.1984225560233251,1269.47,True,
GP (tuned),8,19,0.18317022455293036,0.18317022455293036,1347.9,True,
GP (tuned),8,20,0.19157291470275808,0.18317022455293036,1554.58,True,
GP (tuned),8,21,0.21589147261429267,0.18317022455293036,1600.74,True,
GP (tuned),8,22,0.8690410162828377,0.18317022455293036,1670.64,True,
GP (tuned),8,23,0.2008903518843443,0.18317022455293036,1883.23,True,
GP (tuned),8,24,,0.18317022455293036,1884.89,False,blowup
GP (tuned),8,25,0.1851697610159163,0.18317022455293036,1991.87,True,
GP (tuned),8,26,0.5353789848586354,0.18317022455293036,2015.17,True,
GP (tuned),8,27,0.7455466581267971,0.18317022455293036,2133.63,True,
GP (tuned),8,28,,0.18317022455293036,2152.1,False,min_image
GP (tuned),8,29,0.1898514053902153,0.18317022455293036,2342.06,True,
GP (tuned),8,30,0.562205793911955,0.18317022455293036,2358.84,True,
GP (tuned),8,31,0.21221077964082574,0.18317022455293036,2395.06,True,
GP (tuned),8,32,0.18425975610169018,0.18317022455293036,2432.64,True,
GP (tuned),8,33,0.26464644118034186,0.18317022455293036,2464.85,True,
GP (tuned),8,34,1.2637498808459415,0.18317022455293036,2546.38,True,
GP (tuned),8,35,0.17824320310584313,0.17824320310584313,2649.93,True,
GP (tuned),9,1,0.46894455898473564,0.46894455898473564,22.79,True,
GP (tuned),9,2,0.6413665904879599,0.46894455898473564,124.21,True,
GP (tuned),9,3,0.3378371861537876,0.3378371861537876,220.08,True,
GP (tuned),9,4,0.49810870966858717,0.3378371861537876,406.06,True,
GP (tuned),9,5,0.3989831925608136,0.3378371861537876,450.88,True,
GP (tuned),9,6,0.657479096613789,0.3378371861537876,556.71,True,
GP (tuned),9,7,0.806460608377727,0.3378371861537876,596.73,True,
GP (tuned),9,8,0.376896553463007,0.3378371861537876,704.56,True,
GP (tuned),9,9,0.5935243222790236,0.3378371861537876,850.95,True,
GP (tuned),9,10,0.5043341173980239,0.3378371861537876,942.97,True,
GP (tuned),9,11,,0.3378371861537876,953.25,False,blowup
GP (tuned),9,12,0.4096499964523414,0.3378371861537876,1088.45,True,
GP (tuned),9,13,,0.3378371861537876,1090.76,False,blowup
GP (tuned),9,14,0.29579098775629764,0.29579098775629764,1260.17,True,
GP (tuned),9,15,0.2905652302086724,0.2905652302086724,1295.68,True,
GP (tuned),9,16,,0.2905652302086724,1309.16,False,min_image
GP (tuned),9,17,0.29071754183416443,0.2905652302086724,1391.66,True,
GP (tuned),9,18,0.7879265217535069,0.2905652302086724,1446.55,True,
GP (tuned),9,19,0.2963977857037979,0.2905652302086724,1609.41,True,
GP (tuned),9,20,,0.2905652302086724,1611.51,False,blowup
GP (tuned),9,21,0.2728185842406864,0.2728185842406864,1654.92,True,
GP (tuned),9,22,0.2818409798087486,0.2728185842406864,1786.3,True,
GP (tuned),9,23,0.26104189413542084,0.26104189413542084,1833.25,True,
GP (tuned),9,24,0.2507162500271299,0.2507162500271299,1893.51,True,
GP (tuned),9,25,0.2317849602700267,0.2317849602700267,1948.66,True,
GP (tuned),9,26,0.2868595815624488,0.2317849602700267,2002.21,True,
GP (tuned),9,27,0.5756197693044961,0.2317849602700267,2102.78,True,
GP (tuned),9,28,0.22104909342278675,0.22104909342278675,2136.07,True,
GP (tuned),9,29,0.288847172949765,0.22104909342278675,2226.2,True,
GP (tuned),9,30,0.2283166811656743,0.22104909342278675,2280.85,True,
GP (tuned),9,31,0.3208580177025268,0.22104909342278675,2308.48,True,
GP (tuned),9,32,0.22565237354957257,0.22104909342278675,2474.29,True,
GP (tuned),9,33,0.4066568886922948,0.22104909342278675,2627.14,True,
GP (tuned),9,34,0.21840462319032256,0.21840462319032256,2745.46,True,
GP (tuned),9,35,0.22146698162995165,0.21840462319032256,2788.16,True,
GP (tuned),10,1,0.4175420388114237,0.4175420388114237,63.31,True,
GP (tuned),10,2,1.0301527762226934,0.4175420388114237,84.25,True,
GP (tuned),10,3,0.40082734582519614,0.40082734582519614,106.42,True,
GP (tuned),10,4,1.1198363785604746,0.40082734582519614,123.03,True,
GP (tuned),10,5,0.4307138816837984,0.40082734582519614,188.35,True,
GP (tuned),10,6,0.5909313897908692,0.40082734582519614,296.52,True,
GP (tuned),10,7,0.9604310189626751,0.40082734582519614,330.28,True,
GP (tuned),10,8,,0.40082734582519614,338.1,False,blowup
GP (tuned),10,9,,0.40082734582519614,348.71,False,blowup
GP (tuned),10,10,,0.40082734582519614,358.76,False,blowup
GP (tuned),10,11,0.41278811876389393,0.40082734582519614,386.13,True,
GP (tuned),10,12,0.6746442107918775,0.40082734582519614,398.13,True,
GP (tuned),10,13,0.605026475976505,0.40082734582519614,423.96,True,
GP (tuned),10,14,0.4055522347515226,0.40082734582519614,568.75,True,
GP (tuned),10,15,0.4944020989688828,0.40082734582519614,651.95,True,
GP (tuned),10,16,0.3114815408826431,0.3114815408826431,787.71,True,
GP (tuned),10,17,0.3064194077893474,0.3064194077893474,940.03,True,
GP (tuned),10,18,0.4857285039548375,0.3064194077893474,951.8,True,
GP (tuned),10,19,0.2895217993001775,0.2895217993001775,1070.39,True,
GP (tuned),10,20,0.3628910980572838,0.2895217993001775,1178.81,True,
GP (tuned),10,21,,0.2895217993001775,1197.41,False,blowup
GP (tuned),10,22,,0.2895217993001775,1234.17,False,min_image
GP (tuned),10,23,0.29991906956791,0.2895217993001775,1345.01,True,
GP (tuned),10,24,0.6165406045589147,0.2895217993001775,1422.76,True,
GP (tuned),10,25,0.37645931176430814,0.2895217993001775,1591.67,True,
GP (tuned),10,26,0.27284708651415124,0.27284708651415124,1722.75,True,
GP (tuned),10,27,0.25957619073276017,0.25957619073276017,1756.23,True,
GP (tuned),10,28,0.5277276211899362,0.25957619073276017,1830.29,True,
GP (tuned),10,29,0.2582875026638385,0.2582875026638385,1862.37,True,
GP (tuned),10,30,,0.2582875026638385,1898.48,False,min_image
GP (tuned),10,31,0.20660253327069372,0.20660253327069372,2051.51,True,
GP (tuned),10,32,0.19962842162738262,0.19962842162738262,2202.26,True,
GP (tuned),10,33,0.21756155813391032,0.19962842162738262,2350.38,True,
GP (tuned),10,34,0.18329991514758362,0.18329991514758362,2505.52,True,
GP (tuned),10,35,0.1978553887843304,0.18329991514758362,2667.72,True,
GP (tuned),11,1,0.8953339070580081,0.8953339070580081,22.06,True,
GP (tuned),11,2,,0.8953339070580081,42.54,False,blowup
GP (tuned),11,3,,0.8953339070580081,45.81,False,blowup
GP (tuned),11,4,0.5730475865754721,0.5730475865754721,168.55,True,
GP (tuned),11,5,0.7875792274600109,0.5730475865754721,185.81,True,
GP (tuned),11,6,0.32251203285301,0.32251203285301,226.51,True,
GP (tuned),11,7,,0.32251203285301,245.79,False,blowup
GP (tuned),11,8,0.5952495535472062,0.32251203285301,318.1,True,
GP (tuned),11,9,0.5629452951343483,0.32251203285301,353.12,True,
GP (tuned),11,10,0.4032902002169936,0.32251203285301,393.22,True,
GP (tuned),11,11,0.2672011802003261,0.2672011802003261,444.45,True,
GP (tuned),11,12,,0.2672011802003261,462.07,False,blowup
GP (tuned),11,13,0.6659441313906891,0.2672011802003261,500.52,True,
GP (tuned),11,14,0.1891405531199544,0.1891405531199544,571.16,True,
GP (tuned),11,15,0.364261563666448,0.1891405531199544,656.1,True,
GP (tuned),11,16,0.22882674345171808,0.1891405531199544,730.95,True,
GP (tuned),11,17,0.38625419492484153,0.1891405531199544,772.74,True,
GP (tuned),11,18,0.553607908772311,0.1891405531199544,812.44,True,
GP (tuned),11,19,0.507907972973685,0.1891405531199544,840.8,True,
GP (tuned),11,20,0.16426577414746732,0.16426577414746732,911.16,True,
GP (tuned),11,21,0.16543713365483848,0.16426577414746732,985.66,True,
GP (tuned),11,22,0.18214806298866731,0.16426577414746732,1054.61,True,
GP (tuned),11,23,,0.16426577414746732,1077.88,False,blowup
GP (tuned),11,24,0.1428390114680351,0.1428390114680351,1148.79,True,
GP (tuned),11,25,0.17850981413142786,0.1428390114680351,1218.52,True,
GP (tuned),11,26,0.14955089119244716,0.1428390114680351,1290.03,True,
GP (tuned),11,27,0.15982182860825286,0.1428390114680351,1363.97,True,
GP (tuned),11,28,0.1411691041872024,0.1411691041872024,1437.79,True,
GP (tuned),11,29,0.14446131548010296,0.1411691041872024,1514.42,True,
GP (tuned),11,30,0.30444885967427016,0.1411691041872024,1708.52,True,
GP (tuned),11,31,0.6165281210623081,0.1411691041872024,1838.78,True,
GP (tuned),11,32,0.14023792172524444,0.14023792172524444,2008.23,True,
GP (tuned),11,33,0.8762893167161523,0.14023792172524444,2208.59,True,
GP (tuned),11,34,0.5271225722223796,0.14023792172524444,2242.76,True,
GP (tuned),11,35,0.876241194281277,0.14023792172524444,2372.1,True,
GP (tuned),12,1,0.5109388463885021,0.5109388463885021,29.33,True,
GP (tuned),12,2,0.6961259003757725,0.5109388463885021,88.58,True,
GP (tuned),12,3,0.39654534227993726,0.39654534227993726,108.0,True,
GP (tuned),12,4,0.8921624365831099,0.39654534227993726,140.82,True,
GP (tuned),12,5,,0.39654534227993726,151.01,False,blowup
GP (tuned),12,6,0.3174669522153667,0.3174669522153667,189.15,True,
GP (tuned),12,7,0.9331336669711577,0.3174669522153667,265.63,True,
GP (tuned),12,8,0.4048153007631044,0.3174669522153667,383.17,True,
GP (tuned),12,9,0.5230995977141674,0.3174669522153667,436.79,True,
GP (tuned),12,10,,0.3174669522153667,448.19,False,blowup
GP (tuned),12,11,0.21222056285856372,0.21222056285856372,489.64,True,
GP (tuned),12,12,0.2668629586211375,0.21222056285856372,678.15,True,
GP (tuned),12,13,0.20358975350080327,0.20358975350080327,722.96,True,
GP (tuned),12,14,0.19292121966222656,0.19292121966222656,887.97,True,
GP (tuned),12,15,0.4244928990555924,0.19292121966222656,914.14,True,
GP (tuned),12,16,0.34468549100001966,0.19292121966222656,947.12,True,
GP (tuned),12,17,0.1965648017524017,0.19292121966222656,1116.6,True,
GP (tuned),12,18,,0.19292121966222656,1150.94,False,blowup
GP (tuned),12,19,0.29790225779080415,0.19292121966222656,1191.39,True,
GP (tuned),12,20,,0.19292121966222656,1204.19,False,blowup
GP (tuned),12,21,0.6247852878521076,0.19292121966222656,1247.77,True,
GP (tuned),12,22,0.25649229164798176,0.19292121966222656,1342.53,True,
GP (tuned),12,23,0.19369624915392455,0.19292121966222656,1384.59,True,
GP (tuned),12,24,,0.19292121966222656,1395.33,False,blowup
GP (tuned),12,25,0.18831133832012645,0.18831133832012645,1561.36,True,
GP (tuned),12,26,0.3441996614943718,0.18831133832012645,1592.8,True,
GP (tuned),12,27,0.1764008209865632,0.1764008209865632,1752.83,True,
GP (tuned),12,28,0.18616951971023157,0.1764008209865632,1912.81,True,
GP (tuned),12,29,0.41727820110029057,0.1764008209865632,2088.45,True,
GP (tuned),12,30,,0.1764008209865632,2095.94,False,blowup
GP (tuned),12,31,0.1727090953347652,0.1727090953347652,2231.92,True,
GP (tuned),12,32,0.6055293257654788,0.1727090953347652,2282.48,True,
GP (tuned),12,33,,0.1727090953347652,2318.06,False,min_image
GP (tuned),12,34,,0.1727090953347652,2356.45,False,min_image
GP (tuned),12,35,0.20562729564804297,0.1727090953347652,2511.09,True,
GP (tuned),13,1,,,12.09,False,blowup
GP (tuned),13,2,,,20.35,False,blowup
GP (tuned),13,3,0.44727382375509944,0.44727382375509944,62.7,True,
GP (tuned),13,4,,0.44727382375509944,69.22,False,blowup
GP (tuned),13,5,0.4577162745031951,0.44727382375509944,119.64,True,
GP (tuned),13,6,0.45396437073585777,0.44727382375509944,215.82,True,
GP (tuned),13,7,0.6099704381073986,0.44727382375509944,275.36,True,
GP (tuned),13,8,0.5183792698129974,0.44727382375509944,354.0,True,
GP (tuned),13,9,0.4192026845207852,0.4192026845207852,429.11,True,
GP (tuned),13,10,0.8302525264977069,0.4192026845207852,458.58,True,
GP (tuned),13,11,,0.4192026845207852,478.17,False,blowup
GP (tuned),13,12,0.493299673405099,0.4192026845207852,600.1,True,
GP (tuned),13,13,,0.4192026845207852,605.47,False,blowup
GP (tuned),13,14,0.44944844190775596,0.4192026845207852,637.59,True,
GP (tuned),13,15,0.36718916413902725,0.36718916413902725,754.72,True,
GP (tuned),13,16,0.34223901919899735,0.34223901919899735,874.26,True,
GP (tuned),13,17,0.7930867954476412,0.34223901919899735,1087.09,True,
GP (tuned),13,18,,0.34223901919899735,1108.07,False,blowup
GP (tuned),13,19,0.44532679599897385,0.34223901919899735,1217.04,True,
GP (tuned),13,20,0.5522937802982673,0.34223901919899735,1300.74,True,
GP (tuned),13,21,0.49201526343497837,0.34223901919899735,1405.28,True,
GP (tuned),13,22,0.44285473267293973,0.34223901919899735,1489.82,True,
GP (tuned),13,23,0.28486017055570995,0.28486017055570995,1643.71,True,
GP (tuned),13,24,0.25773891107984714,0.25773891107984714,1800.02,True,
GP (tuned),13,25,,0.25773891107984714,1845.56,False,min_image
GP (tuned),13,26,0.2640796528092915,0.25773891107984714,1997.73,True,
GP (tuned),13,27,0.3533298301365365,0.25773891107984714,2159.79,True,
GP (tuned),13,28,0.3186469104141436,0.25773891107984714,2321.16,True,
GP (tuned),13,29,0.24377342051907316,0.24377342051907316,2477.85,True,
GP (tuned),13,30,0.33686374585480977,0.24377342051907316,2647.13,True,
GP (tuned),13,31,0.24588017525683012,0.24377342051907316,2793.6,True,
GP (tuned),13,32,0.4324910642544699,0.24377342051907316,2963.35,True,
GP (tuned),13,33,0.24280328566518858,0.24280328566518858,3088.52,True,
GP (tuned),13,34,0.3136633531896597,0.24280328566518858,3196.24,True,
GP (tuned),13,35,0.4289538197917116,0.24280328566518858,3238.57,True,
GP (tuned),14,1,0.5940527321487625,0.5940527321487625,31.4,True,
GP (tuned),14,2,0.3992243757634412,0.3992243757634412,138.13,True,
GP (tuned),14,3,,0.3992243757634412,165.53,False,blowup
GP (tuned),14,4,0.4947284384407104,0.3992243757634412,268.17,True,
GP (tuned),14,5,0.5254516134719407,0.3992243757634412,325.2,True,
GP (tuned),14,6,,0.3992243757634412,366.25,False,min_image
GP (tuned),14,7,0.8726135157588912,0.3992243757634412,427.58,True,
GP (tuned),14,8,0.47530640290945747,0.3992243757634412,498.04,True,
GP (tuned),14,9,0.5709986471823207,0.3992243757634412,566.48,True,
GP (tuned),14,10,0.355042690915155,0.355042690915155,693.36,True,
GP (tuned),14,11,0.3297942742162997,0.3297942742162997,829.66,True,
GP (tuned),14,12,0.36666163652938605,0.3297942742162997,956.14,True,
GP (tuned),14,13,0.4969459715144147,0.3297942742162997,1064.81,True,
GP (tuned),14,14,0.5321699811463365,0.3297942742162997,1095.49,True,
GP (tuned),14,15,0.3226082258662078,0.3226082258662078,1238.5,True,
GP (tuned),14,16,0.34875409220570325,0.3226082258662078,1429.35,True,
GP (tuned),14,17,0.18971800918921028,0.18971800918921028,1597.45,True,
GP (tuned),14,18,0.18599902192491066,0.18599902192491066,1787.64,True,
GP (tuned),14,19,0.22620994207764963,0.18599902192491066,1996.83,True,
GP (tuned),14,20,,0.18599902192491066,2008.67,False,blowup
GP (tuned),14,21,0.18914636470895035,0.18599902192491066,2187.29,True,
GP (tuned),14,22,0.20060927815489565,0.18599902192491066,2220.08,True,
GP (tuned),14,23,0.1925409349951889,0.18599902192491066,2253.44,True,
GP (tuned),14,24,0.19328721622038814,0.18599902192491066,2438.15,True,
GP (tuned),14,25,,0.18599902192491066,2468.86,False,blowup
GP (tuned),14,26,0.5803096332204852,0.18599902192491066,2545.25,True,
GP (tuned),14,27,,0.18599902192491066,2595.48,False,min_image
GP (tuned),14,28,0.20343294624705366,0.18599902192491066,2783.76,True,
GP (tuned),14,29,0.21853132012715107,0.18599902192491066,2949.76,True,
GP (tuned),14,30,0.45060966896909854,0.18599902192491066,3071.15,True,
GP (tuned),14,31,,0.18599902192491066,3084.93,False,blowup
GP (tuned),14,32,0.7951349260052252,0.18599902192491066,3173.55,True,
GP (tuned),14,33,0.21103119821062005,0.18599902192491066,3206.31,True,
GP (tuned),14,34,0.634862220933579,0.18599902192491066,3256.74,True,
GP (tuned),14,35,0.19838812150589552,0.18599902192491066,3436.13,True,
GP (tuned),15,1,0.6070091762254193,0.6070091762254193,101.07,True,
GP (tuned),15,2,1.0965865724786998,0.6070091762254193,166.11,True,
GP (tuned),15,3,0.8299887470190944,0.6070091762254193,213.74,True,
GP (tuned),15,4,0.566146051244702,0.566146051244702,269.0,True,
GP (tuned),15,5,0.5224387516984353,0.5224387516984353,352.72,True,
GP (tuned),15,6,0.485820666866464,0.485820666866464,411.87,True,
GP (tuned),15,7,0.5850710830246054,0.485820666866464,491.37,True,
GP (tuned),15,8,0.45394515739699737,0.45394515739699737,534.51,True,
GP (tuned),15,9,0.44850504331960805,0.44850504331960805,552.2,True,
GP (tuned),15,10,0.33553390772862973,0.33553390772862973,583.5,True,
GP (tuned),15,11,0.35642201249346395,0.33553390772862973,607.85,True,
GP (tuned),15,12,0.497360314229433,0.33553390772862973,704.89,True,
GP (tuned),15,13,0.44853497882277615,0.33553390772862973,749.94,True,
GP (tuned),15,14,0.4409542129977093,0.33553390772862973,885.82,True,
GP (tuned),15,15,0.5271537257264007,0.33553390772862973,921.93,True,
GP (tuned),15,16,0.7139349470209986,0.33553390772862973,933.99,True,
GP (tuned),15,17,0.2575393724319441,0.2575393724319441,966.6,True,
GP (tuned),15,18,0.4708994453660729,0.2575393724319441,986.61,True,
GP (tuned),15,19,,0.2575393724319441,1015.72,False,blowup
GP (tuned),15,20,0.25845764794490916,0.2575393724319441,1051.91,True,
GP (tuned),15,21,0.4076597058860099,0.2575393724319441,1100.42,True,
GP (tuned),15,22,0.46971999923872887,0.2575393724319441,1190.53,True,
GP (tuned),15,23,0.36003588466519476,0.2575393724319441,1207.59,True,
GP (tuned),15,24,0.28364189889687386,0.2575393724319441,1240.81,True,
GP (tuned),15,25,0.3155355407401989,0.2575393724319441,1368.51,True,
GP (tuned),15,26,0.3379774312057318,0.2575393724319441,1419.85,True,
GP (tuned),15,27,0.24066654255231598,0.24066654255231598,1446.95,True,
GP (tuned),15,28,0.21902263545464806,0.21902263545464806,1473.55,True,
GP (tuned),15,29,0.2472338843714612,0.21902263545464806,1499.67,True,
GP (tuned),15,30,,0.21902263545464806,1503.09,False,blowup
GP (tuned),15,31,0.5957233326669928,0.21902263545464806,1547.34,True,
GP (tuned),15,32,0.4515384127766874,0.21902263545464806,1563.82,True,
GP (tuned),15,33,,0.21902263545464806,1573.21,False,blowup
GP (tuned),15,34,0.256639504130937,0.21902263545464806,1729.34,True,
GP (tuned),15,35,0.6027728587803043,0.21902263545464806,1749.61,True,
GP (tuned),16,1,0.28209409253934414,0.28209409253934414,164.75,True,
GP (tuned),16,2,0.685507133178342,0.28209409253934414,232.8,True,
GP (tuned),16,3,0.621995535255026,0.28209409253934414,274.91,True,
GP (tuned),16,4,0.44588585045636764,0.28209409253934414,383.49,True,
GP (tuned),16,5,0.17688866064588255,0.17688866064588255,542.4,True,
GP (tuned),16,6,0.4991991472030679,0.17688866064588255,633.93,True,
GP (tuned),16,7,0.2743030025598451,0.17688866064588255,751.3,True,
GP (tuned),16,8,0.61079115482703,0.17688866064588255,821.57,True,
GP (tuned),16,9,0.45597377690160507,0.17688866064588255,852.75,True,
GP (tuned),16,10,0.20096028272512603,0.17688866064588255,1020.84,True,
GP (tuned),16,11,0.2891744720409075,0.17688866064588255,1146.43,True,
GP (tuned),16,12,0.48169208569720473,0.17688866064588255,1177.97,True,
GP (tuned),16,13,0.5667385114762469,0.17688866064588255,1337.23,True,
GP (tuned),16,14,0.19570055742798576,0.17688866064588255,1499.94,True,
GP (tuned),16,15,0.3453645776804882,0.17688866064588255,1634.17,True,
GP (tuned),16,16,,0.17688866064588255,1663.29,False,min_image
GP (tuned),16,17,0.1492607631875078,0.1492607631875078,1771.83,True,
GP (tuned),16,18,0.1494111775328965,0.1492607631875078,1836.19,True,
GP (tuned),16,19,0.15017058434900482,0.1492607631875078,1926.01,True,
GP (tuned),16,20,0.4016308486962046,0.1492607631875078,2027.12,True,
GP (tuned),16,21,,0.1492607631875078,2041.93,False,blowup
GP (tuned),16,22,0.34232989233920347,0.1492607631875078,2105.18,True,
GP (tuned),16,23,0.36467801276059986,0.1492607631875078,2216.27,True,
GP (tuned),16,24,0.1719609663733576,0.1492607631875078,2366.97,True,
GP (tuned),16,25,0.14768686200179304,0.14768686200179304,2426.44,True,
GP (tuned),16,26,0.3688085329842191,0.14768686200179304,2468.15,True,
GP (tuned),16,27,0.17154517719187665,0.14768686200179304,2534.71,True,
GP (tuned),16,28,0.6360723936370042,0.14768686200179304,2617.14,True,
GP (tuned),16,29,0.1447199503590042,0.1447199503590042,2681.07,True,
GP (tuned),16,30,0.2835196313715154,0.1447199503590042,2812.24,True,
GP (tuned),16,31,0.16647179512246774,0.1447199503590042,2955.68,True,
GP (tuned),16,32,0.1438404076896216,0.1438404076896216,2997.35,True,
GP (tuned),16,33,,0.1438404076896216,3024.2,False,min_image
GP (tuned),16,34,0.5023984486487314,0.1438404076896216,3194.99,True,
GP (tuned),16,35,0.14671629911372522,0.1438404076896216,3372.87,True,
GP (tuned),17,1,0.7855064984628203,0.7855064984628203,31.15,True,
GP (tuned),17,2,0.4651784495852038,0.4651784495852038,63.96,True,
GP (tuned),17,3,0.5309392129155498,0.4651784495852038,116.02,True,
GP (tuned),17,4,0.3196425907619983,0.3196425907619983,151.81,True,
GP (tuned),17,5,0.3496185023038343,0.3196425907619983,198.67,True,
GP (tuned),17,6,0.5142052758998852,0.3196425907619983,223.67,True,
GP (tuned),17,7,0.41511991755171945,0.3196425907619983,288.24,True,
GP (tuned),17,8,0.6239060959598585,0.3196425907619983,423.15,True,
GP (tuned),17,9,0.29474933581247276,0.29474933581247276,449.3,True,
GP (tuned),17,10,0.2880577356152484,0.2880577356152484,486.1,True,
GP (tuned),17,11,0.7373507022507179,0.2880577356152484,527.01,True,
GP (tuned),17,12,,0.2880577356152484,586.12,False,min_image
GP (tuned),17,13,0.33537494631041675,0.2880577356152484,612.67,True,
GP (tuned),17,14,0.200343584488118,0.200343584488118,642.15,True,
GP (tuned),17,15,0.17669712936000917,0.17669712936000917,673.33,True,
GP (tuned),17,16,0.2241561616384994,0.17669712936000917,707.39,True,
GP (tuned),17,17,0.3105037226660814,0.17669712936000917,747.54,True,
GP (tuned),17,18,0.18262846449936018,0.17669712936000917,779.72,True,
GP (tuned),17,19,0.6173661932947032,0.17669712936000917,848.09,True,
GP (tuned),17,20,0.28240916768658725,0.17669712936000917,879.06,True,
GP (tuned),17,21,0.16880935905900257,0.16880935905900257,908.52,True,
GP (tuned),17,22,0.3215826433657814,0.16880935905900257,946.89,True,
GP (tuned),17,23,0.3801308815829472,0.16880935905900257,983.46,True,
GP (tuned),17,24,,0.16880935905900257,989.98,False,blowup
GP (tuned),17,25,0.20751968009519328,0.16880935905900257,1020.96,True,
GP (tuned),17,26,0.31106260818811643,0.16880935905900257,1073.03,True,
GP (tuned),17,27,0.18263171120436766,0.16880935905900257,1098.06,True,
GP (tuned),17,28,0.1631617177805114,0.1631617177805114,1127.21,True,
GP (tuned),17,29,0.16151700585711404,0.16151700585711404,1155.4,True,
GP (tuned),17,30,0.19200328213420215,0.16151700585711404,1185.58,True,
GP (tuned),17,31,,0.16151700585711404,1193.68,False,blowup
GP (tuned),17,32,0.18860664881746841,0.16151700585711404,1232.11,True,
GP (tuned),17,33,0.32114965010129093,0.16151700585711404,1272.48,True,
GP (tuned),17,34,0.18107343341031787,0.16151700585711404,1300.27,True,
GP (tuned),17,35,0.2701955292596946,0.16151700585711404,1328.76,True,
GP (tuned),18,1,0.7106637597199752,0.7106637597199752,40.12,True,
GP (tuned),18,2,0.7718546067430677,0.7106637597199752,179.79,True,
GP (tuned),18,3,0.42005804858827733,0.42005804858827733,256.21,True,
GP (tuned),18,4,0.38601507078183067,0.38601507078183067,351.16,True,
GP (tuned),18,5,,0.38601507078183067,355.7,False,blowup
GP (tuned),18,6,0.5494750560454055,0.38601507078183067,393.08,True,
GP (tuned),18,7,,0.38601507078183067,397.4,False,blowup
GP (tuned),18,8,0.5383227974327014,0.38601507078183067,457.06,True,
GP (tuned),18,9,0.8551041679009077,0.38601507078183067,498.42,True,
GP (tuned),18,10,0.5383482226991952,0.38601507078183067,560.39,True,
GP (tuned),18,11,,0.38601507078183067,583.94,False,min_image
GP (tuned),18,12,0.5304778584041161,0.38601507078183067,750.67,True,
GP (tuned),18,13,0.6776479753416288,0.38601507078183067,814.12,True,
GP (tuned),18,14,0.707810861008332,0.38601507078183067,846.63,True,
GP (tuned),18,15,0.46740793964354177,0.38601507078183067,919.96,True,
GP (tuned),18,16,0.4474238783703512,0.38601507078183067,979.13,True,
GP (tuned),18,17,0.6122097351235656,0.38601507078183067,1124.12,True,
GP (tuned),18,18,,0.38601507078183067,1149.5,False,min_image
GP (tuned),18,19,0.34098681416850435,0.34098681416850435,1245.57,True,
GP (tuned),18,20,0.6466392288697606,0.34098681416850435,1325.49,True,
GP (tuned),18,21,0.6293220345420044,0.34098681416850435,1386.83,True,
GP (tuned),18,22,0.42851660375680967,0.34098681416850435,1473.73,True,
GP (tuned),18,23,,0.34098681416850435,1477.15,False,blowup
GP (tuned),18,24,0.3127961778723663,0.3127961778723663,1576.69,True,
GP (tuned),18,25,0.2979224836045826,0.2979224836045826,1679.39,True,
GP (tuned),18,26,,0.2979224836045826,1690.95,False,blowup
GP (tuned),18,27,0.23471141351103322,0.23471141351103322,1821.95,True,
GP (tuned),18,28,,0.23471141351103322,1837.43,False,blowup
GP (tuned),18,29,0.21211474674942865,0.21211474674942865,1970.46,True,
GP (tuned),18,30,0.2266824994857101,0.21211474674942865,2047.9,True,
GP (tuned),18,31,0.1662966771103188,0.1662966771103188,2155.8,True,
GP (tuned),18,32,0.22822580614347285,0.1662966771103188,2191.41,True,
GP (tuned),18,33,0.17252300767589254,0.1662966771103188,2380.59,True,
GP (tuned),18,34,0.17468694675682844,0.1662966771103188,2414.11,True,
GP (tuned),18,35,0.21997613679159073,0.1662966771103188,2449.19,True,
GP (tuned),19,1,0.24176259839281689,0.24176259839281689,73.96,True,
GP (tuned),19,2,0.6494325894430546,0.24176259839281689,169.26,True,
GP (tuned),19,3,0.5701090719342526,0.24176259839281689,200.89,True,
GP (tuned),19,4,0.3788039096633425,0.24176259839281689,234.63,True,
GP (tuned),19,5,0.35388058006754,0.24176259839281689,258.68,True,
GP (tuned),19,6,,0.24176259839281689,273.12,False,blowup
GP (tuned),19,7,0.5459595753375858,0.24176259839281689,304.42,True,
GP (tuned),19,8,0.27243879538540217,0.24176259839281689,339.43,True,
GP (tuned),19,9,0.4031827086619457,0.24176259839281689,446.63,True,
GP (tuned),19,10,,0.24176259839281689,455.02,False,blowup
GP (tuned),19,11,0.27190681863371224,0.24176259839281689,486.66,True,
GP (tuned),19,12,0.39515032713063913,0.24176259839281689,511.22,True,
GP (tuned),19,13,0.22841662446946492,0.22841662446946492,545.96,True,
GP (tuned),19,14,0.7705828774393498,0.22841662446946492,556.11,True,
GP (tuned),19,15,0.18304788670007346,0.18304788670007346,580.27,True,
GP (tuned),19,16,0.19123447890173437,0.18304788670007346,606.6,True,
GP (tuned),19,17,0.26671147164011877,0.18304788670007346,630.85,True,
GP (tuned),19,18,,0.18304788670007346,642.48,False,blowup
GP (tuned),19,19,0.15640633619258543,0.15640633619258543,673.08,True,
GP (tuned),19,20,,0.15640633619258543,700.08,False,min_image
GP (tuned),19,21,0.1835569220474966,0.15640633619258543,723.67,True,
GP (tuned),19,22,0.40387010881784513,0.15640633619258543,820.52,True,
GP (tuned),19,23,0.13818203084288172,0.13818203084288172,858.9,True,
GP (tuned),19,24,0.15407706210014638,0.13818203084288172,914.98,True,
GP (tuned),19,25,0.16068042386521036,0.13818203084288172,947.82,True,
GP (tuned),19,26,0.27961550128659574,0.13818203084288172,988.97,True,
GP (tuned),19,27,0.2251364490271293,0.13818203084288172,1036.37,True,
GP (tuned),19,28,0.16441350936823618,0.13818203084288172,1115.27,True,
GP (tuned),19,29,0.16214422045119098,0.13818203084288172,1140.52,True,
GP (tuned),19,30,0.13752129997275384,0.13752129997275384,1201.49,True,
GP (tuned),19,31,,0.13752129997275384,1205.82,False,blowup
GP (tuned),19,32,0.16551444707824037,0.13752129997275384,1228.07,True,
GP (tuned),19,33,0.3119149978962298,0.13752129997275384,1263.73,True,
GP (tuned),19,34,0.20328241739863065,0.13752129997275384,1387.72,True,
GP (tuned),19,35,0.2268611199123561,0.13752129997275384,1408.81,True,
GP (untuned),0,1,0.46778517593491803,0.46778517593491803,41.41,True,
GP (untuned),0,2,0.26076098839634676,0.26076098839634676,105.26,True,
GP (untuned),0,3,0.502473108828611,0.26076098839634676,145.39,True,
GP (untuned),0,4,0.407671657825897,0.26076098839634676,195.39,True,
GP (untuned),0,5,0.7526135228465374,0.26076098839634676,222.28,True,
GP (untuned),0,6,0.42001329746373917,0.26076098839634676,288.05,True,
GP (untuned),0,7,0.47425823287790253,0.26076098839634676,328.76,True,
GP (untuned),0,8,0.48030717569349834,0.26076098839634676,372.24,True,
GP (untuned),0,9,0.884958004405118,0.26076098839634676,422.36,True,
GP (untuned),0,10,0.6611793118243589,0.26076098839634676,480.26,True,
GP (untuned),0,11,0.5717666309956627,0.26076098839634676,519.84,True,
GP (untuned),0,12,0.25335111134848287,0.25335111134848287,588.2,True,
GP (untuned),0,13,,0.25335111134848287,598.52,False,thermostat
GP (untuned),0,14,0.6208199360263004,0.25335111134848287,610.6,True,
GP (untuned),0,15,1.2659640323061143,0.25335111134848287,648.12,True,
GP (untuned),0,16,0.5662409633010899,0.25335111134848287,679.2,True,
GP (untuned),0,17,1.3302782647733236,0.25335111134848287,692.52,True,
GP (untuned),0,18,,0.25335111134848287,701.65,False,blowup|thermostat
GP (untuned),0,19,,0.25335111134848287,729.66,False,min_image
GP (untuned),0,20,1.1983511245411924,0.25335111134848287,753.06,True,
GP (untuned),0,21,0.7977751645044531,0.25335111134848287,780.47,True,
GP (untuned),0,22,0.6797590039481638,0.25335111134848287,816.22,True,
GP (untuned),0,23,1.0470872673939695,0.25335111134848287,832.51,True,
GP (untuned),0,24,0.3134488224941069,0.25335111134848287,872.02,True,
GP (untuned),0,25,0.40340830237872516,0.25335111134848287,930.77,True,
GP (untuned),0,26,,0.25335111134848287,933.83,False,blowup
GP (untuned),0,27,0.45068452405725046,0.25335111134848287,988.14,True,
GP (untuned),0,28,0.6470799753889724,0.25335111134848287,1029.66,True,
GP (untuned),0,29,0.3159819298922185,0.25335111134848287,1116.25,True,
GP (untuned),0,30,0.8628217457355916,0.25335111134848287,1160.22,True,
GP (untuned),0,31,,0.25335111134848287,1166.2,False,thermostat
GP (untuned),0,32,0.6150431820725037,0.25335111134848287,1305.14,True,
GP (untuned),0,33,0.45972889618896284,0.25335111134848287,1406.43,True,
GP (untuned),0,34,0.6905214924627714,0.25335111134848287,1443.37,True,
GP (untuned),0,35,,0.25335111134848287,1467.88,False,blowup|min_image
GP (untuned),1,1,0.662613047396719,0.662613047396719,25.89,True,
GP (untuned),1,2,0.2543751148983717,0.2543751148983717,158.36,True,
GP (untuned),1,3,0.4063136449726408,0.2543751148983717,226.56,True,
GP (untuned),1,4,0.6010049477742493,0.2543751148983717,340.23,True,
GP (untuned),1,5,0.5092590588578867,0.2543751148983717,423.42,True,
GP (untuned),1,6,0.5527764173013004,0.2543751148983717,484.55,True,
GP (untuned),1,7,0.3218028053210985,0.2543751148983717,522.36,True,
GP (untuned),1,8,0.3500071217614777,0.2543751148983717,562.06,True,
GP (untuned),1,9,1.0148799194202534,0.2543751148983717,606.88,True,
GP (untuned),1,10,,0.2543751148983717,614.03,False,blowup
GP (untuned),1,11,,0.2543751148983717,621.76,False,thermostat
GP (untuned),1,12,0.36732031487530764,0.2543751148983717,758.46,True,
GP (untuned),1,13,0.3973787867959276,0.2543751148983717,899.39,True,
GP (untuned),1,14,0.6634365097833325,0.2543751148983717,913.91,True,
GP (untuned),1,15,,0.2543751148983717,923.19,False,blowup
GP (untuned),1,16,0.6794166790962323,0.2543751148983717,960.05,True,
GP (untuned),1,17,0.4895698120987914,0.2543751148983717,1037.42,True,
GP (untuned),1,18,1.2852052776598517,0.2543751148983717,1107.08,True,
GP (untuned),1,19,0.3716425148355948,0.2543751148983717,1140.53,True,
GP (untuned),1,20,,0.2543751148983717,1159.89,False,thermostat
GP (untuned),1,21,,0.2543751148983717,1171.51,False,thermostat
GP (untuned),1,22,0.3521889897235273,0.2543751148983717,1210.21,True,
GP (untuned),1,23,0.4724503986371152,0.2543751148983717,1248.97,True,
GP (untuned),1,24,0.5804632634048498,0.2543751148983717,1297.12,True,
GP (untuned),1,25,0.3366213326293859,0.2543751148983717,1328.76,True,
GP (untuned),1,26,0.45298171398795506,0.2543751148983717,1346.11,True,
GP (untuned),1,27,0.4622265206817527,0.2543751148983717,1448.28,True,
GP (untuned),1,28,0.49296934498391703,0.2543751148983717,1561.83,True,
GP (untuned),1,29,,0.2543751148983717,1578.2,False,thermostat
GP (untuned),1,30,0.6556385636935721,0.2543751148983717,1640.14,True,
GP (untuned),1,31,0.6369695658776735,0.2543751148983717,1678.18,True,
GP (untuned),1,32,0.28132803469544837,0.2543751148983717,1728.95,True,
GP (untuned),1,33,,0.2543751148983717,1750.68,False,blowup
GP (untuned),1,34,0.5888667369897482,0.2543751148983717,1873.93,True,
GP (untuned),1,35,0.6061559969023458,0.2543751148983717,1910.77,True,
GP (untuned),2,1,0.8931872063961629,0.8931872063961629,23.06,True,
GP (untuned),2,2,0.8329952821934788,0.8329952821934788,74.02,True,
GP (untuned),2,3,0.5913962769001523,0.5913962769001523,137.23,True,
GP (untuned),2,4,0.5199352183938154,0.5199352183938154,238.72,True,
GP (untuned),2,5,0.35504508788689354,0.35504508788689354,309.67,True,
GP (untuned),2,6,,0.35504508788689354,311.52,False,blowup
GP (untuned),2,7,0.36792310522607613,0.35504508788689354,384.82,True,
GP (untuned),2,8,0.5356435449087888,0.35504508788689354,438.18,True,
GP (untuned),2,9,,0.35504508788689354,440.41,False,blowup
GP (untuned),2,10,0.5633323298913583,0.35504508788689354,548.69,True,
GP (untuned),2,11,0.36736973527294803,0.35504508788689354,621.21,True,
GP (untuned),2,12,0.4431411008481588,0.35504508788689354,734.42,True,
GP (untuned),2,13,0.44696544574529024,0.35504508788689354,777.13,True,
GP (untuned),2,14,0.6508969225472416,0.35504508788689354,822.21,True,
GP (untuned),2,15,0.4347764482266736,0.35504508788689354,900.37,True,
GP (untuned),2,16,0.3837980935754195,0.35504508788689354,974.27,True,
GP (untuned),2,17,0.9201062630138421,0.35504508788689354,1028.79,True,
GP (untuned),2,18,0.28210131700303775,0.28210131700303775,1123.97,True,
GP (untuned),2,19,0.6043449206191743,0.28210131700303775,1185.62,True,
GP (untuned),2,20,0.2700972863822471,0.2700972863822471,1297.89,True,
GP (untuned),2,21,0.34531809876755526,0.2700972863822471,1467.0,True,
GP (untuned),2,22,0.4337118617029812,0.2700972863822471,1598.75,True,
GP (untuned),2,23,0.2641031118506162,0.2641031118506162,1696.22,True,
GP (untuned),2,24,0.28667910983537614,0.2641031118506162,1792.45,True,
GP (untuned),2,25,0.23922052808690736,0.23922052808690736,1894.74,True,
GP (untuned),2,26,,0.23922052808690736,1903.96,False,min_image
GP (untuned),2,27,0.5980233311690872,0.23922052808690736,1946.29,True,
GP (untuned),2,28,1.4714785080426325,0.23922052808690736,1956.83,True,
GP (untuned),2,29,0.7254013930117624,0.23922052808690736,2117.55,True,
GP (untuned),2,30,0.47838196285920026,0.23922052808690736,2196.65,True,
GP (untuned),2,31,0.4232004864964321,0.23922052808690736,2271.06,True,
GP (untuned),2,32,0.3344566843472464,0.23922052808690736,2430.47,True,
GP (untuned),2,33,0.349568870933298,0.23922052808690736,2540.25,True,
GP (untuned),2,34,0.2576265482842103,0.23922052808690736,2666.9,True,
GP (untuned),2,35,0.33475688618606997,0.23922052808690736,2826.46,True,
GP (untuned),3,1,1.0407997775710585,1.0407997775710585,37.3,True,
GP (untuned),3,2,0.5886762868884141,0.5886762868884141,200.82,True,
GP (untuned),3,3,0.5894387933285767,0.5886762868884141,267.6,True,
GP (untuned),3,4,,0.5886762868884141,273.59,False,blowup
GP (untuned),3,5,0.44323329852255033,0.44323329852255033,360.98,True,
GP (untuned),3,6,,0.44323329852255033,365.1,False,blowup
GP (untuned),3,7,0.465082717916437,0.44323329852255033,435.76,True,
GP (untuned),3,8,0.3507175415628251,0.3507175415628251,498.76,True,
GP (untuned),3,9,0.37088785848370764,0.3507175415628251,517.82,True,
GP (untuned),3,10,,0.3507175415628251,530.66,False,blowup
GP (untuned),3,11,,0.3507175415628251,532.19,False,thermostat
GP (untuned),3,12,0.3705830063788401,0.3507175415628251,561.09,True,
GP (untuned),3,13,0.3632034754890064,0.3507175415628251,616.53,True,
GP (untuned),3,14,0.6104008488444953,0.3507175415628251,687.66,True,
GP (untuned),3,15,0.38134764858150133,0.3507175415628251,744.29,True,
GP (untuned),3,16,0.6260827193619204,0.3507175415628251,786.71,True,
GP (untuned),3,17,0.37850264270741524,0.3507175415628251,805.81,True,
GP (untuned),3,18,0.4397537616657478,0.3507175415628251,887.96,True,
GP (untuned),3,19,0.4286716420405498,0.3507175415628251,921.15,True,
GP (untuned),3,20,0.376764184351984,0.3507175415628251,1089.11,True,
GP (untuned),3,21,0.4809357495090221,0.3507175415628251,1217.78,True,
GP (untuned),3,22,,0.3507175415628251,1247.27,False,min_image
GP (untuned),3,23,0.21519041096694588,0.21519041096694588,1385.04,True,
GP (untuned),3,24,0.7923177505660145,0.21519041096694588,1519.05,True,
GP (untuned),3,25,0.3927516446294153,0.21519041096694588,1612.68,True,
GP (untuned),3,26,0.5377592361697069,0.21519041096694588,1661.72,True,
GP (untuned),3,27,0.4263637353107813,0.21519041096694588,1725.34,True,
GP (untuned),3,28,0.5000227505676984,0.21519041096694588,1898.72,True,
GP (untuned),3,29,,0.21519041096694588,1909.73,False,thermostat
GP (untuned),3,30,0.5101568684844963,0.21519041096694588,1971.94,True,
GP (untuned),3,31,0.95313872439397,0.21519041096694588,2065.25,True,
GP (untuned),3,32,0.48094924543274464,0.21519041096694588,2155.01,True,
GP (untuned),3,33,0.40977284093455046,0.21519041096694588,2227.56,True,
GP (untuned),3,34,0.2986596651949581,0.21519041096694588,2418.84,True,
GP (untuned),3,35,0.5391012748081396,0.21519041096694588,2634.59,True,
GP (untuned),4,1,,,13.67,False,blowup
GP (untuned),4,2,0.4325638491381822,0.4325638491381822,120.19,True,
GP (untuned),4,3,0.9287925673752104,0.4325638491381822,163.19,True,
GP (untuned),4,4,0.5426413983297107,0.4325638491381822,251.27,True,
GP (untuned),4,5,0.6060564789633004,0.4325638491381822,351.65,True,
GP (untuned),4,6,0.5293649218217821,0.4325638491381822,524.1,True,
GP (untuned),4,7,0.36839381030533597,0.36839381030533597,598.71,True,
GP (untuned),4,8,0.4069613000180255,0.36839381030533597,668.74,True,
GP (untuned),4,9,0.2474743836745795,0.2474743836745795,699.49,True,
GP (untuned),4,10,0.43878120699526535,0.2474743836745795,749.77,True,
GP (untuned),4,11,,0.2474743836745795,757.54,False,thermostat
GP (untuned),4,12,,0.2474743836745795,786.46,False,min_image
GP (untuned),4,13,0.256174537309699,0.2474743836745795,816.1,True,
GP (untuned),4,14,0.34717363608755664,0.2474743836745795,877.28,True,
GP (untuned),4,15,0.47102082066009854,0.2474743836745795,932.37,True,
GP (untuned),4,16,0.599692840985565,0.2474743836745795,993.27,True,
GP (untuned),4,17,0.25281835055906093,0.2474743836745795,1031.03,True,
GP (untuned),4,18,0.628972844154039,0.2474743836745795,1185.39,True,
GP (untuned),4,19,0.5311677329921993,0.2474743836745795,1266.08,True,
GP (untuned),4,20,,0.2474743836745795,1291.55,False,min_image
GP (untuned),4,21,0.4469192973451549,0.2474743836745795,1397.32,True,
GP (untuned),4,22,0.5834880235462038,0.2474743836745795,1573.73,True,
GP (untuned),4,23,0.21767173341579807,0.21767173341579807,1639.34,True,
GP (untuned),4,24,,0.21767173341579807,1647.26,False,thermostat
GP (untuned),4,25,0.429808179306649,0.21767173341579807,1737.58,True,
GP (untuned),4,26,0.2486154167841862,0.21767173341579807,1798.84,True,
GP (untuned),4,27,0.40540326105156765,0.21767173341579807,1876.69,True,
GP (untuned),4,28,,0.21767173341579807,1884.43,False,blowup
GP (untuned),4,29,0.7611287413641881,0.21767173341579807,1915.93,True,
GP (untuned),4,30,0.797937692128525,0.21767173341579807,1999.32,True,
GP (untuned),4,31,,0.21767173341579807,2031.57,False,min_image
GP (untuned),4,32,0.5125818763042268,0.21767173341579807,2085.77,True,
GP (untuned),4,33,0.3524625822091819,0.21767173341579807,2149.92,True,
GP (untuned),4,34,0.22059228668071254,0.21767173341579807,2214.97,True,
GP (untuned),4,35,0.6313228393140798,0.21767173341579807,2330.42,True,
GP (untuned),5,1,1.0803389221722637,1.0803389221722637,15.03,True,
GP (untuned),5,2,0.249451938065125,0.249451938065125,116.41,True,
GP (untuned),5,3,0.39287472209441,0.249451938065125,133.57,True,
GP (untuned),5,4,,0.249451938065125,151.08,False,blowup
GP (untuned),5,5,,0.249451938065125,187.9,False,min_image
GP (untuned),5,6,0.46987032313052823,0.249451938065125,233.86,True,
GP (untuned),5,7,0.5413572479885473,0.249451938065125,249.25,True,
GP (untuned),5,8,0.5029769226005742,0.249451938065125,298.03,True,
GP (untuned),5,9,0.5078626675964674,0.249451938065125,415.2,True,
GP (untuned),5,10,,0.249451938065125,432.1,False,blowup
GP (untuned),5,11,0.5873199827468711,0.249451938065125,495.61,True,
GP (untuned),5,12,0.3152195340153057,0.249451938065125,560.68,True,
GP (untuned),5,13,0.3771402662772082,0.249451938065125,576.08,True,
GP (untuned),5,14,0.3395213191562826,0.249451938065125,649.45,True,
GP (untuned),5,15,0.36670902690319274,0.249451938065125,771.94,True,
GP (untuned),5,16,0.32745745460476877,0.249451938065125,850.73,True,
GP (untuned),5,17,,0.249451938065125,864.59,False,thermostat
GP (untuned),5,18,0.7609699766650957,0.249451938065125,925.89,True,
GP (untuned),5,19,0.9020103127185594,0.249451938065125,967.46,True,
GP (untuned),5,20,0.7054390220895108,0.249451938065125,989.03,True,
GP (untuned),5,21,0.7910583025862454,0.249451938065125,1023.1,True,
GP (untuned),5,22,0.4751685658790191,0.249451938065125,1071.39,True,
GP (untuned),5,23,0.8434986147108378,0.249451938065125,1190.2,True,
GP (untuned),5,24,0.27136258027837706,0.249451938065125,1289.57,True,
GP (untuned),5,25,0.3975047896349245,0.249451938065125,1436.04,True,
GP (untuned),5,26,0.29238626636297693,0.249451938065125,1527.13,True,
GP (untuned),5,27,0.7764367527199786,0.249451938065125,1645.5,True,
GP (untuned),5,28,0.36836530265090883,0.249451938065125,1779.65,True,
GP (untuned),5,29,,0.249451938065125,1782.72,False,blowup
GP (untuned),5,30,0.6358210567324492,0.249451938065125,1819.04,True,
GP (untuned),5,31,0.6882449965996034,0.249451938065125,1843.77,True,
GP (untuned),5,32,0.5104396820056336,0.249451938065125,1882.03,True,
GP (untuned),5,33,,0.249451938065125,1894.95,False,blowup
GP (untuned),5,34,0.4792535462872156,0.249451938065125,1944.67,True,
GP (untuned),5,35,0.4971691420955843,0.249451938065125,1988.25,True,
GP (untuned),6,1,0.6751849467222095,0.6751849467222095,154.98,True,
GP (untuned),6,2,0.761276074316628,0.6751849467222095,221.96,True,
GP (untuned),6,3,0.4663698456232091,0.4663698456232091,304.3,True,
GP (untuned),6,4,,0.4663698456232091,310.94,False,blowup
GP (untuned),6,5,0.47025292439488836,0.4663698456232091,384.7,True,
GP (untuned),6,6,0.45073398671968046,0.45073398671968046,531.96,True,
GP (untuned),6,7,0.35407705897489405,0.35407705897489405,597.21,True,
GP (untuned),6,8,,0.35407705897489405,603.58,False,blowup
GP (untuned),6,9,0.30985753752302947,0.30985753752302947,699.57,True,
GP (untuned),6,10,0.32539382434314884,0.30985753752302947,756.07,True,
GP (untuned),6,11,0.5111849831623114,0.30985753752302947,776.46,True,
GP (untuned),6,12,0.33240279608131024,0.30985753752302947,846.28,True,
GP (untuned),6,13,1.085160093784476,0.30985753752302947,856.06,True,
GP (untuned),6,14,,0.30985753752302947,870.04,False,thermostat
GP (untuned),6,15,0.3653908291342356,0.30985753752302947,992.73,True,
GP (untuned),6,16,0.2158561952891448,0.2158561952891448,1058.3,True,
GP (untuned),6,17,,0.2158561952891448,1085.39,False,blowup|min_image
GP (untuned),6,18,0.531459648524483,0.2158561952891448,1212.07,True,
GP (untuned),6,19,0.31723846270877976,0.2158561952891448,1360.76,True,
GP (untuned),6,20,,0.2158561952891448,1390.17,False,min_image
GP (untuned),6,21,0.6179711638101762,0.2158561952891448,1481.62,True,
GP (untuned),6,22,0.7737827435368432,0.2158561952891448,1546.55,True,
GP (untuned),6,23,0.3924283985098285,0.2158561952891448,1594.62,True,
GP (untuned),6,24,,0.2158561952891448,1608.77,False,thermostat
GP (untuned),6,25,0.2962998684502957,0.2158561952891448,1693.91,True,
GP (untuned),6,26,0.2960361134915917,0.2158561952891448,1789.08,True,
GP (untuned),6,27,,0.2158561952891448,1808.36,False,blowup
GP (untuned),6,28,0.22503098070907857,0.2158561952891448,1946.65,True,
GP (untuned),6,29,0.6912651880731576,0.2158561952891448,1962.48,True,
GP (untuned),6,30,0.8764450076552691,0.2158561952891448,2047.2,True,
GP (untuned),6,31,,0.2158561952891448,2056.58,False,thermostat
GP (untuned),6,32,0.2491556998605096,0.2158561952891448,2210.98,True,
GP (untuned),6,33,0.20944325447485335,0.20944325447485335,2347.26,True,
GP (untuned),6,34,0.5150957927728644,0.20944325447485335,2461.92,True,
GP (untuned),6,35,0.27584734070121675,0.20944325447485335,2549.76,True,
GP (untuned),7,1,,,9.41,False,blowup
GP (untuned),7,2,0.5676261569927663,0.5676261569927663,114.02,True,
GP (untuned),7,3,,0.5676261569927663,133.77,False,blowup
GP (untuned),7,4,0.7374455724456916,0.5676261569927663,209.71,True,
GP (untuned),7,5,0.22569523428010957,0.22569523428010957,243.17,True,
GP (untuned),7,6,,0.22569523428010957,249.36,False,blowup
GP (untuned),7,7,0.5673563573101696,0.22569523428010957,265.47,True,
GP (untuned),7,8,0.3016131242759118,0.22569523428010957,336.83,True,
GP (untuned),7,9,0.5734998394979174,0.22569523428010957,361.05,True,
GP (untuned),7,10,0.36923039490135645,0.22569523428010957,405.88,True,
GP (untuned),7,11,0.7120494875748126,0.22569523428010957,421.2,True,
GP (untuned),7,12,0.4140403292541211,0.22569523428010957,436.72,True,
GP (untuned),7,13,,0.22569523428010957,441.07,False,thermostat
GP (untuned),7,14,0.880278077529147,0.22569523428010957,466.1,True,
GP (untuned),7,15,0.444935972121329,0.22569523428010957,564.21,True,
GP (untuned),7,16,0.4436563556174918,0.22569523428010957,609.56,True,
GP (untuned),7,17,0.48802215582247227,0.22569523428010957,668.76,True,
GP (untuned),7,18,,0.22569523428010957,684.2,False,thermostat
GP (untuned),7,19,0.46432666921583876,0.22569523428010957,710.33,True,
GP (untuned),7,20,0.2994096483507255,0.22569523428010957,752.35,True,
GP (untuned),7,21,0.313159128128026,0.22569523428010957,775.53,True,
GP (untuned),7,22,0.3893031879785308,0.22569523428010957,788.51,True,
GP (untuned),7,23,0.5089785273447289,0.22569523428010957,816.44,True,
GP (untuned),7,24,0.24020500117589383,0.22569523428010957,841.92,True,
GP (untuned),7,25,0.3253927177379387,0.22569523428010957,999.23,True,
GP (untuned),7,26,0.3446169188107799,0.22569523428010957,1023.93,True,
GP (untuned),7,27,0.47553442390645717,0.22569523428010957,1064.66,True,
GP (untuned),7,28,0.5800505920426972,0.22569523428010957,1138.41,True,
GP (untuned),7,29,0.3854836604641774,0.22569523428010957,1222.49,True,
GP (untuned),7,30,0.5635670010908866,0.22569523428010957,1270.64,True,
GP (untuned),7,31,0.4789047267018254,0.22569523428010957,1314.4,True,
GP (untuned),7,32,0.49472215543246295,0.22569523428010957,1331.44,True,
GP (untuned),7,33,0.6128801830215721,0.22569523428010957,1344.71,True,
GP (untuned),7,34,0.38929888887455366,0.22569523428010957,1371.13,True,
GP (untuned),7,35,0.4760648317304243,0.22569523428010957,1387.04,True,
GP (untuned),8,1,0.6084274307861134,0.6084274307861134,87.71,True,
GP (untuned),8,2,0.38006695631243825,0.38006695631243825,192.2,True,
GP (untuned),8,3,0.7793646684075688,0.38006695631243825,214.28,True,
GP (untuned),8,4,0.5383234796520091,0.38006695631243825,267.81,True,
GP (untuned),8,5,0.40230908649906794,0.38006695631243825,289.68,True,
GP (untuned),8,6,0.2356145602377651,0.2356145602377651,357.99,True,
GP (untuned),8,7,0.5694130760251076,0.2356145602377651,411.8,True,
GP (untuned),8,8,,0.2356145602377651,420.51,False,blowup
GP (untuned),8,9,0.31299319078211607,0.2356145602377651,523.16,True,
GP (untuned),8,10,0.3436043898547597,0.2356145602377651,548.14,True,
GP (untuned),8,11,0.7998091691738419,0.2356145602377651,639.07,True,
GP (untuned),8,12,0.7287546978335427,0.2356145602377651,730.0,True,
GP (untuned),8,13,,0.2356145602377651,749.57,False,min_image
GP (untuned),8,14,0.9075341828465915,0.2356145602377651,824.14,True,
GP (untuned),8,15,0.7429919042454685,0.2356145602377651,878.17,True,
GP (untuned),8,16,0.3284258653821565,0.2356145602377651,976.38,True,
GP (untuned),8,17,0.5421803510079878,0.2356145602377651,1050.49,True,
GP (untuned),8,18,0.27609984331008836,0.2356145602377651,1116.18,True,
GP (untuned),8,19,,0.2356145602377651,1117.77,False,blowup|thermostat
GP (untuned),8,20,0.43286101776248026,0.2356145602377651,1133.75,True,
GP (untuned),8,21,0.33530414954716153,0.2356145602377651,1226.86,True,
GP (untuned),8,22,,0.2356145602377651,1227.87,False,thermostat
GP (untuned),8,23,0.4072984670662223,0.2356145602377651,1252.81,True,
GP (untuned),8,24,0.4100828262203463,0.2356145602377651,1347.66,True,
GP (untuned),8,25,,0.2356145602377651,1365.41,False,min_image
GP (untuned),8,26,0.5040487542255487,0.2356145602377651,1427.79,True,
GP (untuned),8,27,,0.2356145602377651,1432.18,False,blowup
GP (untuned),8,28,0.5033871099424203,0.2356145602377651,1450.76,True,
GP (untuned),8,29,0.25485623683471265,0.2356145602377651,1484.92,True,
GP (untuned),8,30,,0.2356145602377651,1487.86,False,blowup
GP (untuned),8,31,0.2650765417613691,0.2356145602377651,1551.82,True,
GP (untuned),8,32,0.8195487949247007,0.2356145602377651,1603.41,True,
GP (untuned),8,33,0.5686182475337052,0.2356145602377651,1638.65,True,
GP (untuned),8,34,0.5395203714148119,0.2356145602377651,1671.37,True,
GP (untuned),8,35,0.23990181120304527,0.2356145602377651,1756.61,True,
GP (untuned),9,1,0.46894455898473564,0.46894455898473564,22.79,True,
GP (untuned),9,2,0.6413665904879599,0.46894455898473564,124.21,True,
GP (untuned),9,3,0.3378371861537876,0.3378371861537876,220.08,True,
GP (untuned),9,4,0.49810870966858717,0.3378371861537876,406.06,True,
GP (untuned),9,5,0.3989831925608136,0.3378371861537876,450.88,True,
GP (untuned),9,6,0.657479096613789,0.3378371861537876,556.71,True,
GP (untuned),9,7,0.806460608377727,0.3378371861537876,596.73,True,
GP (untuned),9,8,0.376896553463007,0.3378371861537876,704.56,True,
GP (untuned),9,9,0.5935243222790236,0.3378371861537876,850.95,True,
GP (untuned),9,10,0.5659123784477558,0.3378371861537876,968.48,True,
GP (untuned),9,11,0.8227163704351453,0.3378371861537876,991.73,True,
GP (untuned),9,12,0.31396813760950215,0.31396813760950215,1154.48,True,
GP (untuned),9,13,0.5689354761697905,0.31396813760950215,1167.33,True,
GP (untuned),9,14,0.2136233494722625,0.2136233494722625,1310.97,True,
GP (untuned),9,15,,0.2136233494722625,1326.55,False,min_image
GP (untuned),9,16,0.7089885114659018,0.2136233494722625,1462.32,True,
GP (untuned),9,17,0.6671327948047677,0.2136233494722625,1494.09,True,
GP (untuned),9,18,0.6963837198318894,0.2136233494722625,1512.15,True,
GP (untuned),9,19,0.7645496197872117,0.2136233494722625,1601.41,True,
GP (untuned),9,20,0.7684306585934793,0.2136233494722625,1724.17,True,
GP (untuned),9,21,0.9638140616378083,0.2136233494722625,1741.84,True,
GP (untuned),9,22,1.2036129159364026,0.2136233494722625,1827.43,True,
GP (untuned),9,23,0.6602270224873928,0.2136233494722625,1856.59,True,
GP (untuned),9,24,0.6885230782742379,0.2136233494722625,1871.53,True,
GP (untuned),9,25,,0.2136233494722625,1880.97,False,blowup
GP (untuned),9,26,0.9836110216779085,0.2136233494722625,1950.91,True,
GP (untuned),9,27,0.7316035321791424,0.2136233494722625,2122.17,True,
GP (untuned),9,28,0.7521683300491052,0.2136233494722625,2160.31,True,
GP (untuned),9,29,1.1302859134722332,0.2136233494722625,2237.56,True,
GP (untuned),9,30,0.6654404687339409,0.2136233494722625,2391.54,True,
GP (untuned),9,31,0.6942629527095632,0.2136233494722625,2412.33,True,
GP (untuned),9,32,0.8812991119016145,0.2136233494722625,2436.86,True,
GP (untuned),9,33,,0.2136233494722625,2441.5,False,blowup|thermostat
GP (untuned),9,34,0.3773342417127191,0.2136233494722625,2494.13,True,
GP (untuned),9,35,0.21781181978263334,0.2136233494722625,2593.5,True,
GP (untuned),10,1,0.4175420388114237,0.4175420388114237,63.31,True,
GP (untuned),10,2,1.0301527762226934,0.4175420388114237,84.25,True,
GP (untuned),10,3,0.40082734582519614,0.40082734582519614,106.42,True,
GP (untuned),10,4,1.1198363785604746,0.40082734582519614,123.03,True,
GP (untuned),10,5,0.4307138816837984,0.40082734582519614,188.35,True,
GP (untuned),10,6,0.5909313897908692,0.40082734582519614,296.52,True,
GP (untuned),10,7,0.9604310189626751,0.40082734582519614,330.28,True,
GP (untuned),10,8,,0.40082734582519614,338.1,False,blowup
GP (untuned),10,9,,0.40082734582519614,348.71,False,blowup
GP (untuned),10,10,,0.40082734582519614,358.76,False,blowup
GP (untuned),10,11,0.484034844282094,0.40082734582519614,422.1,True,
GP (untuned),10,12,,0.40082734582519614,431.6,False,thermostat
GP (untuned),10,13,0.45978153198740884,0.40082734582519614,492.84,True,
GP (untuned),10,14,0.7626868605044269,0.40082734582519614,509.71,True,
GP (untuned),10,15,0.4464234629601381,0.40082734582519614,571.34,True,
GP (untuned),10,16,0.46304392025207614,0.40082734582519614,627.68,True,
GP (untuned),10,17,0.42651594031937734,0.40082734582519614,700.71,True,
GP (untuned),10,18,,0.40082734582519614,713.66,False,thermostat
GP (untuned),10,19,1.2713199206756411,0.40082734582519614,727.47,True,
GP (untuned),10,20,,0.40082734582519614,766.93,False,min_image
GP (untuned),10,21,0.39779554063617006,0.39779554063617006,788.14,True,
GP (untuned),10,22,0.4263010810307963,0.39779554063617006,861.31,True,
GP (untuned),10,23,0.394485274629718,0.394485274629718,881.73,True,
GP (untuned),10,24,0.43109268374283005,0.394485274629718,952.39,True,
GP (untuned),10,25,0.5145461190823766,0.394485274629718,1059.98,True,
GP (untuned),10,26,0.4002848263517506,0.394485274629718,1131.67,True,
GP (untuned),10,27,0.3941187978938942,0.3941187978938942,1152.68,True,
GP (untuned),10,28,0.6554984779184383,0.3941187978938942,1212.67,True,
GP (untuned),10,29,0.8803724137690544,0.3941187978938942,1230.35,True,
GP (untuned),10,30,,0.3941187978938942,1240.33,False,thermostat
GP (untuned),10,31,1.0140723761974189,0.3941187978938942,1316.37,True,
GP (untuned),10,32,1.3223914907884033,0.3941187978938942,1335.33,True,
GP (untuned),10,33,0.7054593253810073,0.3941187978938942,1409.72,True,
GP (untuned),10,34,0.8823210670661534,0.3941187978938942,1537.77,True,
GP (untuned),10,35,0.331900292570292,0.331900292570292,1633.88,True,
GP (untuned),11,1,0.8953339070580081,0.8953339070580081,22.06,True,
GP (untuned),11,2,,0.8953339070580081,42.54,False,blowup
GP (untuned),11,3,,0.8953339070580081,45.81,False,blowup
GP (untuned),11,4,0.5730475865754721,0.5730475865754721,168.55,True,
GP (untuned),11,5,0.7875792274600109,0.5730475865754721,185.81,True,
GP (untuned),11,6,0.32251203285301,0.32251203285301,226.51,True,
GP (untuned),11,7,,0.32251203285301,245.79,False,blowup
GP (untuned),11,8,0.9672203640279698,0.32251203285301,300.99,True,
GP (untuned),11,9,,0.32251203285301,337.67,False,blowup
GP (untuned),11,10,0.3656762807063658,0.32251203285301,369.27,True,
GP (untuned),11,11,0.32437384697783195,0.32251203285301,408.55,True,
GP (untuned),11,12,,0.32251203285301,470.77,False,min_image
GP (untuned),11,13,0.39460621323313116,0.32251203285301,499.69,True,
GP (untuned),11,14,0.3288110753124282,0.32251203285301,537.65,True,
GP (untuned),11,15,,0.32251203285301,557.69,False,thermostat
GP (untuned),11,16,0.5745380201769689,0.32251203285301,687.98,True,
GP (untuned),11,17,0.6064003748115977,0.32251203285301,858.54,True,
GP (untuned),11,18,0.6146490875943038,0.32251203285301,988.84,True,
GP (untuned),11,19,0.5712359600278871,0.32251203285301,1122.47,True,
GP (untuned),11,20,0.5539778009540652,0.32251203285301,1256.34,True,
GP (untuned),11,21,0.32307907775221545,0.32251203285301,1296.58,True,
GP (untuned),11,22,0.6716980716294495,0.32251203285301,1369.36,True,
GP (untuned),11,23,0.4458590196004675,0.32251203285301,1396.7,True,
GP (untuned),11,24,0.37164048239779307,0.32251203285301,1494.17,True,
GP (untuned),11,25,,0.32251203285301,1503.61,False,thermostat
GP (untuned),11,26,0.33926650062741903,0.32251203285301,1525.9,True,
GP (untuned),11,27,1.1112581553508258,0.32251203285301,1545.74,True,
GP (untuned),11,28,0.3656833799893737,0.32251203285301,1574.83,True,
GP (untuned),11,29,0.6448970078197427,0.32251203285301,1587.41,True,
GP (untuned),11,30,0.32667460886912186,0.32251203285301,1624.86,True,
GP (untuned),11,31,0.33171835025145013,0.32251203285301,1647.86,True,
GP (untuned),11,32,0.22435877739063595,0.22435877739063595,1700.63,True,
GP (untuned),11,33,0.33207097143606673,0.22435877739063595,1766.91,True,
GP (untuned),11,34,0.23469945995830493,0.22435877739063595,1820.0,True,
GP (untuned),11,35,0.5805012328766265,0.22435877739063595,1836.53,True,
GP (untuned),12,1,0.5109388463885021,0.5109388463885021,29.33,True,
GP (untuned),12,2,0.6961259003757725,0.5109388463885021,88.58,True,
GP (untuned),12,3,0.39654534227993726,0.39654534227993726,108.0,True,
GP (untuned),12,4,0.8921624365831099,0.39654534227993726,140.82,True,
GP (untuned),12,5,,0.39654534227993726,151.01,False,blowup
GP (untuned),12,6,0.3174669522153667,0.3174669522153667,189.15,True,
GP (untuned),12,7,0.9331336669711577,0.3174669522153667,265.63,True,
GP (untuned),12,8,0.4048153007631044,0.3174669522153667,383.17,True,
GP (untuned),12,9,0.5230995977141674,0.3174669522153667,436.79,True,
GP (untuned),12,10,,0.3174669522153667,448.19,False,blowup
GP (untuned),12,11,0.7113547866820139,0.3174669522153667,508.35,True,
GP (untuned),12,12,,0.3174669522153667,515.94,False,thermostat
GP (untuned),12,13,0.49216110478079095,0.3174669522153667,677.19,True,
GP (untuned),12,14,,0.3174669522153667,683.04,False,blowup|thermostat
GP (untuned),12,15,0.5188519306431694,0.3174669522153667,766.53,True,
GP (untuned),12,16,0.7814757656263286,0.3174669522153667,808.19,True,
GP (untuned),12,17,0.7123618626185416,0.3174669522153667,830.55,True,
GP (untuned),12,18,0.7267827862768121,0.3174669522153667,1012.3,True,
GP (untuned),12,19,0.3940004891105404,0.3174669522153667,1097.59,True,
GP (untuned),12,20,,0.3174669522153667,1121.16,False,thermostat
GP (untuned),12,21,0.3164978382009635,0.3164978382009635,1145.39,True,
GP (untuned),12,22,0.6880694930675083,0.3164978382009635,1204.11,True,
GP (untuned),12,23,0.6698155959593046,0.3164978382009635,1239.28,True,
GP (untuned),12,24,0.6837535571865102,0.3164978382009635,1253.72,True,
GP (untuned),12,25,0.5617151230187002,0.3164978382009635,1266.58,True,
GP (untuned),12,26,0.6108761913045501,0.3164978382009635,1353.67,True,
GP (untuned),12,27,,0.3164978382009635,1401.18,False,blowup|min_image
GP (untuned),12,28,0.3042978449115216,0.3042978449115216,1434.71,True,
GP (untuned),12,29,,0.3042978449115216,1438.62,False,blowup
GP (untuned),12,30,1.3165965698814526,0.3042978449115216,1450.15,True,
GP (untuned),12,31,1.2408163745370147,0.3042978449115216,1477.33,True,
GP (untuned),12,32,0.28875613166069114,0.28875613166069114,1507.1,True,
GP (untuned),12,33,0.2935332156659536,0.28875613166069114,1538.76,True,
GP (untuned),12,34,0.287667244067536,0.287667244067536,1572.7,True,
GP (untuned),12,35,0.2875758889291982,0.2875758889291982,1613.93,True,
GP (untuned),13,1,,,12.09,False,blowup
GP (untuned),13,2,,,20.35,False,blowup
GP (untuned),13,3,0.44727382375509944,0.44727382375509944,62.7,True,
GP (untuned),13,4,,0.44727382375509944,69.22,False,blowup
GP (untuned),13,5,0.4577162745031951,0.44727382375509944,119.64,True,
GP (untuned),13,6,0.45396437073585777,0.44727382375509944,215.82,True,
GP (untuned),13,7,0.6099704381073986,0.44727382375509944,275.36,True,
GP (untuned),13,8,0.5183792698129974,0.44727382375509944,354.0,True,
GP (untuned),13,9,0.4192026845207852,0.4192026845207852,429.11,True,
GP (untuned),13,10,0.8302525264977069,0.4192026845207852,458.58,True,
GP (untuned),13,11,0.44376983931069086,0.4192026845207852,503.25,True,
GP (untuned),13,12,0.6831173613690591,0.4192026845207852,634.25,True,
GP (untuned),13,13,0.4391793785949897,0.4192026845207852,681.26,True,
GP (untuned),13,14,,0.4192026845207852,736.48,False,min_image
GP (untuned),13,15,0.6985370239977597,0.4192026845207852,792.85,True,
GP (untuned),13,16,0.4500250020378111,0.4192026845207852,828.38,True,
GP (untuned),13,17,0.6124535493767906,0.4192026845207852,846.12,True,
GP (untuned),13,18,0.7757993217438638,0.4192026845207852,1011.66,True,
GP (untuned),13,19,0.45669340026029576,0.4192026845207852,1060.0,True,
GP (untuned),13,20,0.30496705903455296,0.30496705903455296,1138.36,True,
GP (untuned),13,21,0.9908635797579551,0.30496705903455296,1161.0,True,
GP (untuned),13,22,0.49344107572650986,0.30496705903455296,1213.59,True,
GP (untuned),13,23,0.33206936536012055,0.30496705903455296,1337.66,True,
GP (untuned),13,24,0.6329885223704758,0.30496705903455296,1351.76,True,
GP (untuned),13,25,0.5224298900298507,0.30496705903455296,1528.83,True,
GP (untuned),13,26,,0.30496705903455296,1542.13,False,thermostat
GP (untuned),13,27,,0.30496705903455296,1555.98,False,blowup
GP (untuned),13,28,0.3686982738586929,0.30496705903455296,1631.96,True,
GP (untuned),13,29,,0.30496705903455296,1647.27,False,thermostat
GP (untuned),13,30,,0.30496705903455296,1702.49,False,min_image
GP (untuned),13,31,0.4764786606415419,0.30496705903455296,1721.24,True,
GP (untuned),13,32,0.34922664230989164,0.30496705903455296,1765.22,True,
GP (untuned),13,33,0.19821345420618822,0.19821345420618822,1812.2,True,
GP (untuned),13,34,0.648069151883885,0.19821345420618822,1942.71,True,
GP (untuned),13,35,0.8641547329369199,0.19821345420618822,1956.51,True,
GP (untuned),14,1,0.5940527321487625,0.5940527321487625,31.4,True,
GP (untuned),14,2,0.3992243757634412,0.3992243757634412,138.13,True,
GP (untuned),14,3,,0.3992243757634412,165.53,False,blowup
GP (untuned),14,4,0.4947284384407104,0.3992243757634412,268.17,True,
GP (untuned),14,5,0.5254516134719407,0.3992243757634412,325.2,True,
GP (untuned),14,6,,0.3992243757634412,366.25,False,min_image
GP (untuned),14,7,0.8726135157588912,0.3992243757634412,427.58,True,
GP (untuned),14,8,0.47530640290945747,0.3992243757634412,498.04,True,
GP (untuned),14,9,0.567299314301033,0.3992243757634412,591.01,True,
GP (untuned),14,10,0.9140686495877567,0.3992243757634412,649.13,True,
GP (untuned),14,11,,0.3992243757634412,673.34,False,blowup|thermostat
GP (untuned),14,12,0.47045012379451207,0.3992243757634412,689.57,True,
GP (untuned),14,13,0.6044576756621014,0.3992243757634412,737.03,True,
GP (untuned),14,14,0.6570857705728668,0.3992243757634412,832.19,True,
GP (untuned),14,15,0.5777973741339794,0.3992243757634412,866.65,True,
GP (untuned),14,16,,0.3992243757634412,869.59,False,thermostat
GP (untuned),14,17,0.3873130407911393,0.3873130407911393,883.22,True,
GP (untuned),14,18,0.709624773121152,0.3873130407911393,903.86,True,
GP (untuned),14,19,0.4588845387016022,0.3873130407911393,973.29,True,
GP (untuned),14,20,0.4500877227200808,0.3873130407911393,1039.05,True,
GP (untuned),14,21,,0.3873130407911393,1041.45,False,blowup|thermostat
GP (untuned),14,22,0.6440173993966494,0.3873130407911393,1087.66,True,
GP (untuned),14,23,1.2320343765200177,0.3873130407911393,1102.61,True,
GP (untuned),14,24,0.6085941334057275,0.3873130407911393,1150.66,True,
GP (untuned),14,25,0.40981068106682894,0.3873130407911393,1268.99,True,
GP (untuned),14,26,0.5605500115800192,0.3873130407911393,1372.76,True,
GP (untuned),14,27,0.5264921186707406,0.3873130407911393,1463.95,True,
GP (untuned),14,28,,0.3873130407911393,1476.29,False,thermostat
GP (untuned),14,29,0.5192064826690506,0.3873130407911393,1508.52,True,
GP (untuned),14,30,0.41992726210304837,0.3873130407911393,1522.18,True,
GP (untuned),14,31,0.49031287692360154,0.3873130407911393,1592.92,True,
GP (untuned),14,32,0.8111657127328369,0.3873130407911393,1644.15,True,
GP (untuned),14,33,0.3514331106669136,0.3514331106669136,1721.13,True,
GP (untuned),14,34,,0.3514331106669136,1761.62,False,blowup|min_image
GP (untuned),14,35,0.4566179764777067,0.3514331106669136,1775.3,True,
GP (untuned),15,1,0.6070091762254193,0.6070091762254193,101.07,True,
GP (untuned),15,2,1.0965865724786998,0.6070091762254193,166.11,True,
GP (untuned),15,3,0.8299887470190944,0.6070091762254193,213.74,True,
GP (untuned),15,4,0.566146051244702,0.566146051244702,269.0,True,
GP (untuned),15,5,0.5224387516984353,0.5224387516984353,352.72,True,
GP (untuned),15,6,0.485820666866464,0.485820666866464,411.87,True,
GP (untuned),15,7,0.5850710830246054,0.485820666866464,491.37,True,
GP (untuned),15,8,0.45394515739699737,0.45394515739699737,534.51,True,
GP (untuned),15,9,0.44850504331960805,0.44850504331960805,552.2,True,
GP (untuned),15,10,0.3408401382379511,0.3408401382379511,714.13,True,
GP (untuned),15,11,,0.3408401382379511,731.92,False,thermostat
GP (untuned),15,12,,0.3408401382379511,759.7,False,blowup
GP (untuned),15,13,0.6983711884504552,0.3408401382379511,772.22,True,
GP (untuned),15,14,1.4569297600343996,0.3408401382379511,835.29,True,
GP (untuned),15,15,1.1230754065423663,0.3408401382379511,859.94,True,
GP (untuned),15,16,,0.3408401382379511,870.27,False,blowup
GP (untuned),15,17,0.7105109327431562,0.3408401382379511,892.96,True,
GP (untuned),15,18,0.4781033961327924,0.3408401382379511,986.93,True,
GP (untuned),15,19,,0.3408401382379511,1026.03,False,blowup|min_image
GP (untuned),15,20,0.4457915397155953,0.3408401382379511,1164.03,True,
GP (untuned),15,21,1.2947826426443882,0.3408401382379511,1241.53,True,
GP (untuned),15,22,,0.3408401382379511,1245.63,False,blowup|thermostat
GP (untuned),15,23,0.3913388377403889,0.3408401382379511,1360.63,True,
GP (untuned),15,24,0.8262888821033798,0.3408401382379511,1457.41,True,
GP (untuned),15,25,0.5945244168812999,0.3408401382379511,1597.81,True,
GP (untuned),15,26,,0.3408401382379511,1622.16,False,blowup
GP (untuned),15,27,0.44886748682505173,0.3408401382379511,1683.79,True,
GP (untuned),15,28,,0.3408401382379511,1693.83,False,blowup
GP (untuned),15,29,0.5157347883559875,0.3408401382379511,1773.38,True,
GP (untuned),15,30,0.46538552862864163,0.3408401382379511,1789.33,True,
GP (untuned),15,31,,0.3408401382379511,1805.04,False,thermostat
GP (untuned),15,32,0.33626237397467135,0.33626237397467135,1970.48,True,
GP (untuned),15,33,0.31195192498656327,0.31195192498656327,2087.03,True,
GP (untuned),15,34,,0.31195192498656327,2096.61,False,blowup
GP (untuned),15,35,0.47055785889885804,0.31195192498656327,2185.37,True,
GP (untuned),16,1,0.28209409253934414,0.28209409253934414,164.75,True,
GP (untuned),16,2,0.685507133178342,0.28209409253934414,232.8,True,
GP (untuned),16,3,0.621995535255026,0.28209409253934414,274.91,True,
GP (untuned),16,4,0.44588585045636764,0.28209409253934414,383.49,True,
GP (untuned),16,5,0.17688866064588255,0.17688866064588255,542.4,True,
GP (untuned),16,6,0.4991991472030679,0.17688866064588255,633.93,True,
GP (untuned),16,7,0.2743030025598451,0.17688866064588255,751.3,True,
GP (untuned),16,8,0.61079115482703,0.17688866064588255,821.57,True,
GP (untuned),16,9,0.45597377690160507,0.17688866064588255,852.75,True,
GP (untuned),16,10,,0.17688866064588255,865.68,False,blowup
GP (untuned),16,11,0.5601624702621532,0.17688866064588255,941.09,True,
GP (untuned),16,12,0.19021816792444535,0.17688866064588255,1115.77,True,
GP (untuned),16,13,0.35883936069462474,0.17688866064588255,1164.73,True,
GP (untuned),16,14,,0.17688866064588255,1184.43,False,thermostat
GP (untuned),16,15,,0.17688866064588255,1191.52,False,thermostat
GP (untuned),16,16,1.1787735118738318,0.17688866064588255,1250.67,True,
GP (untuned),16,17,0.28254942968015767,0.17688866064588255,1296.49,True,
GP (untuned),16,18,0.18091995291281857,0.17688866064588255,1456.47,True,
GP (untuned),16,19,0.5969446481409695,0.17688866064588255,1487.16,True,
GP (untuned),16,20,0.7945111899850874,0.17688866064588255,1559.68,True,
GP (untuned),16,21,0.19594960210319134,0.17688866064588255,1732.15,True,
GP (untuned),16,22,0.32113162114572985,0.17688866064588255,1814.24,True,
GP (untuned),16,23,0.47296200516787607,0.17688866064588255,1837.09,True,
GP (untuned),16,24,0.4802267561493158,0.17688866064588255,1861.09,True,
GP (untuned),16,25,,0.17688866064588255,1889.81,False,min_image
GP (untuned),16,26,0.2554857575685233,0.17688866064588255,2039.75,True,
GP (untuned),16,27,0.218892140484736,0.17688866064588255,2098.41,True,
GP (untuned),16,28,0.21621945425024836,0.17688866064588255,2240.21,True,
GP (untuned),16,29,0.42418935998431323,0.17688866064588255,2285.34,True,
GP (untuned),16,30,1.0738451583427935,0.17688866064588255,2357.76,True,
GP (untuned),16,31,,0.17688866064588255,2381.27,False,blowup
GP (untuned),16,32,0.3672084433156398,0.17688866064588255,2436.77,True,
GP (untuned),16,33,0.18875114164501167,0.17688866064588255,2608.6,True,
GP (untuned),16,34,0.3514878240583604,0.17688866064588255,2767.69,True,
GP (untuned),16,35,0.18666789977425663,0.17688866064588255,2937.56,True,
GP (untuned),17,1,0.7855064984628203,0.7855064984628203,31.15,True,
GP (untuned),17,2,0.4651784495852038,0.4651784495852038,63.96,True,
GP (untuned),17,3,0.5309392129155498,0.4651784495852038,116.02,True,
GP (untuned),17,4,0.3196425907619983,0.3196425907619983,151.81,True,
GP (untuned),17,5,0.3496185023038343,0.3196425907619983,198.67,True,
GP (untuned),17,6,0.5142052758998852,0.3196425907619983,223.67,True,
GP (untuned),17,7,0.41511991755171945,0.3196425907619983,288.24,True,
GP (untuned),17,8,0.6239060959598585,0.3196425907619983,423.15,True,
GP (untuned),17,9,0.7209088833041899,0.3196425907619983,451.38,True,
GP (untuned),17,10,0.5466893952527999,0.3196425907619983,505.1,True,
GP (untuned),17,11,,0.3196425907619983,515.8,False,blowup
GP (untuned),17,12,1.0608546795464482,0.3196425907619983,545.83,True,
GP (untuned),17,13,0.5163511706133684,0.3196425907619983,573.2,True,
GP (untuned),17,14,0.38003456957665854,0.3196425907619983,623.41,True,
GP (untuned),17,15,,0.3196425907619983,633.87,False,thermostat
GP (untuned),17,16,0.7427480434438828,0.3196425907619983,683.47,True,
GP (untuned),17,17,1.2551180880774275,0.3196425907619983,745.19,True,
GP (untuned),17,18,0.6579241720161871,0.3196425907619983,757.44,True,
GP (untuned),17,19,,0.3196425907619983,774.05,False,blowup
GP (untuned),17,20,0.38303492317722854,0.3196425907619983,808.63,True,
GP (untuned),17,21,0.554441110371878,0.3196425907619983,890.53,True,
GP (untuned),17,22,0.500041212233167,0.3196425907619983,940.17,True,
GP (untuned),17,23,0.6370001089411279,0.3196425907619983,975.17,True,
GP (untuned),17,24,0.6393825509449359,0.3196425907619983,1037.19,True,
GP (untuned),17,25,0.7337008665393372,0.3196425907619983,1082.64,True,
GP (untuned),17,26,1.4207555550065396,0.3196425907619983,1098.78,True,
GP (untuned),17,27,0.3144948294437906,0.3144948294437906,1168.31,True,
GP (untuned),17,28,0.28075088842507784,0.28075088842507784,1260.06,True,
GP (untuned),17,29,0.9488394835774155,0.28075088842507784,1355.4,True,
GP (untuned),17,30,0.2725825582194535,0.2725825582194535,1395.99,True,
GP (untuned),17,31,0.49169431548341286,0.2725825582194535,1492.14,True,
GP (untuned),17,32,0.5612705062788285,0.2725825582194535,1548.34,True,
GP (untuned),17,33,0.5197265455602548,0.2725825582194535,1618.53,True,
GP (untuned),17,34,0.34099314486063836,0.2725825582194535,1687.25,True,
GP (untuned),17,35,1.2878118625387296,0.2725825582194535,1698.24,True,
GP (untuned),18,1,0.7106637597199752,0.7106637597199752,40.12,True,
GP (untuned),18,2,0.7718546067430677,0.7106637597199752,179.79,True,
GP (untuned),18,3,0.42005804858827733,0.42005804858827733,256.21,True,
GP (untuned),18,4,0.38601507078183067,0.38601507078183067,351.16,True,
GP (untuned),18,5,,0.38601507078183067,355.7,False,blowup
GP (untuned),18,6,0.5494750560454055,0.38601507078183067,393.08,True,
GP (untuned),18,7,,0.38601507078183067,397.4,False,blowup
GP (untuned),18,8,0.5383227974327014,0.38601507078183067,457.06,True,
GP (untuned),18,9,0.8551041679009077,0.38601507078183067,498.42,True,
GP (untuned),18,10,0.5383482226991952,0.38601507078183067,560.39,True,
GP (untuned),18,11,0.5963635775805558,0.38601507078183067,574.75,True,
GP (untuned),18,12,,0.38601507078183067,578.92,False,thermostat
GP (untuned),18,13,,0.38601507078183067,610.05,False,min_image
GP (untuned),18,14,0.6344935350131686,0.38601507078183067,773.12,True,
GP (untuned),18,15,,0.38601507078183067,774.51,False,thermostat
GP (untuned),18,16,0.3201620945848455,0.3201620945848455,901.41,True,
GP (untuned),18,17,0.6762912335053295,0.3201620945848455,1004.15,True,
GP (untuned),18,18,0.4252350282646553,0.3201620945848455,1113.47,True,
GP (untuned),18,19,0.6636917979154368,0.3201620945848455,1150.11,True,
GP (untuned),18,20,0.7981152108524523,0.3201620945848455,1220.76,True,
GP (untuned),18,21,0.6833542518381,0.3201620945848455,1258.55,True,
GP (untuned),18,22,0.3860200735307344,0.3201620945848455,1304.44,True,
GP (untuned),18,23,0.37724409446052304,0.3201620945848455,1369.43,True,
GP (untuned),18,24,,0.3201620945848455,1395.79,False,min_image
GP (untuned),18,25,0.8016201028178463,0.3201620945848455,1478.96,True,
GP (untuned),18,26,0.4013276039037158,0.3201620945848455,1546.33,True,
GP (untuned),18,27,0.8019292219496909,0.3201620945848455,1627.38,True,
GP (untuned),18,28,0.3583619863350574,0.3201620945848455,1782.66,True,
GP (untuned),18,29,0.33092661169161913,0.3201620945848455,1834.79,True,
GP (untuned),18,30,0.2908197909862792,0.2908197909862792,1932.32,True,
GP (untuned),18,31,0.41687397822927735,0.2908197909862792,2011.66,True,
GP (untuned),18,32,0.6499982436016674,0.2908197909862792,2098.17,True,
GP (untuned),18,33,0.6247656255263073,0.2908197909862792,2211.57,True,
GP (untuned),18,34,0.23568094133461473,0.23568094133461473,2241.66,True,
GP (untuned),18,35,0.7290580067011195,0.23568094133461473,2264.36,True,
GP (untuned),19,1,0.24176259839281689,0.24176259839281689,73.96,True,
GP (untuned),19,2,0.6494325894430546,0.24176259839281689,169.26,True,
GP (untuned),19,3,0.5701090719342526,0.24176259839281689,200.89,True,
GP (untuned),19,4,0.3788039096633425,0.24176259839281689,234.63,True,
GP (untuned),19,5,0.35388058006754,0.24176259839281689,258.68,True,
GP (untuned),19,6,,0.24176259839281689,273.12,False,blowup
GP (untuned),19,7,0.5459595753375858,0.24176259839281689,304.42,True,
GP (untuned),19,8,0.27243879538540217,0.24176259839281689,339.43,True,
GP (untuned),19,9,0.4031827086619457,0.24176259839281689,446.63,True,
GP (untuned),19,10,,0.24176259839281689,455.02,False,blowup
GP (untuned),19,11,0.5545355958458781,0.24176259839281689,465.75,True,
GP (untuned),19,12,,0.24176259839281689,494.23,False,thermostat|min_image
GP (untuned),19,13,,0.24176259839281689,496.67,False,blowup
GP (untuned),19,14,0.3184990506654472,0.24176259839281689,521.51,True,
GP (untuned),19,15,0.2510344452095566,0.24176259839281689,590.56,True,
GP (untuned),19,16,0.26048761445313084,0.24176259839281689,624.75,True,
GP (untuned),19,17,0.3550195681241539,0.24176259839281689,645.13,True,
GP (untuned),19,18,,0.24176259839281689,651.31,False,thermostat
GP (untuned),19,19,0.24790209846928446,0.24176259839281689,722.11,True,
GP (untuned),19,20,0.39106026110714553,0.24176259839281689,766.7,True,
GP (untuned),19,21,0.32341141147631747,0.24176259839281689,824.73,True,
GP (untuned),19,22,0.5790439650913795,0.24176259839281689,849.52,True,
GP (untuned),19,23,0.2447800324408082,0.24176259839281689,917.9,True,
GP (untuned),19,24,0.23066209317003641,0.23066209317003641,978.53,True,
GP (untuned),19,25,0.15673086016607674,0.15673086016607674,1024.05,True,
GP (untuned),19,26,0.3491804758474686,0.15673086016607674,1059.99,True,
GP (untuned),19,27,0.22479209956959267,0.15673086016607674,1096.82,True,
GP (untuned),19,28,0.6438708962495957,0.15673086016607674,1161.17,True,
GP (untuned),19,29,0.6475660148325713,0.15673086016607674,1178.51,True,
GP (untuned),19,30,0.4282162038588782,0.15673086016607674,1209.29,True,
GP (untuned),19,31,0.27145337274965037,0.15673086016607674,1267.73,True,
GP (untuned),19,32,0.7623061780031575,0.15673086016607674,1325.12,True,
GP (untuned),19,33,0.7744352657104967,0.15673086016607674,1385.43,True,
GP (untuned),19,34,0.34834373048493383,0.15673086016607674,1403.08,True,
GP (untuned),19,35,0.6048660812486031,0.15673086016607674,1472.69,True,
Random,0,1,0.5482874114139924,0.5482874114139924,38.74,True,
Random,0,2,0.44864103491011403,0.44864103491011403,79.7,True,
Random,0,3,0.5872163181340428,0.44864103491011403,142.78,True,
Random,0,4,0.7283061462597987,0.44864103491011403,198.78,True,
Random,0,5,0.5585630989032805,0.44864103491011403,234.69,True,
Random,0,6,0.6218420569646395,0.44864103491011403,340.55,True,
Random,0,7,0.44648362809420405,0.44648362809420405,376.09,True,
Random,0,8,1.0250059108826988,0.44648362809420405,423.37,True,
Random,0,9,0.8345586823228964,0.44648362809420405,458.29,True,
Random,0,10,,0.44648362809420405,478.04,False,blowup
Random,0,11,0.5443253770663328,0.44648362809420405,534.5,True,
Random,0,12,,0.44648362809420405,546.59,False,blowup
Random,0,13,,0.44648362809420405,553.59,False,blowup
Random,0,14,0.31327559386298315,0.31327559386298315,584.44,True,
Random,0,15,0.37709964943335844,0.31327559386298315,657.49,True,
Random,0,16,0.8836044139722048,0.31327559386298315,717.06,True,
Random,0,17,0.6088088483021472,0.31327559386298315,760.91,True,
Random,0,18,0.6315283148637175,0.31327559386298315,800.41,True,
Random,0,19,0.6465688564049294,0.31327559386298315,899.32,True,
Random,0,20,0.6533779397132564,0.31327559386298315,935.12,True,
Random,0,21,0.37080656345628304,0.31327559386298315,951.58,True,
Random,0,22,0.7297858549873887,0.31327559386298315,967.73,True,
Random,0,23,0.8425969099301304,0.31327559386298315,1038.73,True,
Random,0,24,0.4383757209168132,0.31327559386298315,1087.26,True,
Random,0,25,0.28399375909446745,0.28399375909446745,1111.29,True,
Random,0,26,1.2550950449041185,0.28399375909446745,1127.49,True,
Random,0,27,0.5444249704926618,0.28399375909446745,1142.02,True,
Random,0,28,0.3148472289556053,0.28399375909446745,1182.41,True,
Random,0,29,0.45021509377834334,0.28399375909446745,1239.39,True,
Random,0,30,0.5111687190106727,0.28399375909446745,1259.83,True,
Random,0,31,0.5119185195904575,0.28399375909446745,1310.45,True,
Random,0,32,0.23335820227058965,0.23335820227058965,1349.07,True,
Random,0,33,0.23113147610854648,0.23113147610854648,1390.03,True,
Random,0,34,0.5843607519570957,0.23113147610854648,1402.87,True,
Random,0,35,0.483252910603213,0.23113147610854648,1443.19,True,
Random,1,1,0.8692460086456596,0.8692460086456596,42.26,True,
Random,1,2,,0.8692460086456596,50.19,False,blowup
Random,1,3,0.837260961251053,0.837260961251053,85.85,True,
Random,1,4,0.365395902336463,0.365395902336463,217.83,True,
Random,1,5,0.35089339604730396,0.35089339604730396,283.26,True,
Random,1,6,1.1021999090928474,0.35089339604730396,306.74,True,
Random,1,7,0.7084296499599769,0.35089339604730396,371.1,True,
Random,1,8,0.4368829611731632,0.35089339604730396,424.98,True,
Random,1,9,0.4942362072235409,0.35089339604730396,484.91,True,
Random,1,10,0.4967787823026126,0.35089339604730396,600.2,True,
Random,1,11,0.6073514164277757,0.35089339604730396,649.43,True,
Random,1,12,0.32511656410843975,0.32511656410843975,704.81,True,
Random,1,13,,0.32511656410843975,759.09,False,min_image
Random,1,14,0.3572428830118942,0.32511656410843975,919.99,True,
Random,1,15,,0.32511656410843975,933.29,False,blowup
Random,1,16,0.6345506500685218,0.32511656410843975,1001.68,True,
Random,1,17,,0.32511656410843975,1052.71,False,blowup|min_image
Random,1,18,0.46159900805296583,0.32511656410843975,1094.41,True,
Random,1,19,1.045239209121904,0.32511656410843975,1135.57,True,
Random,1,20,0.22774791168192493,0.22774791168192493,1235.66,True,
Random,1,21,0.41242207033366696,0.22774791168192493,1275.34,True,
Random,1,22,0.45758413006243853,0.22774791168192493,1347.4,True,
Random,1,23,1.0760744475513055,0.22774791168192493,1403.74,True,
Random,1,24,0.3250364801597186,0.22774791168192493,1470.42,True,
Random,1,25,0.5710921550850346,0.22774791168192493,1519.11,True,
Random,1,26,0.7241209266865521,0.22774791168192493,1554.05,True,
Random,1,27,0.5969513713317594,0.22774791168192493,1666.13,True,
Random,1,28,0.640032308209946,0.22774791168192493,1733.53,True,
Random,1,29,0.4600068236480946,0.22774791168192493,1845.35,True,
Random,1,30,0.5065241603125402,0.22774791168192493,1901.78,True,
Random,1,31,0.6229515469617626,0.22774791168192493,1933.54,True,
Random,1,32,0.5519513153974814,0.22774791168192493,1953.19,True,
Random,1,33,,0.22774791168192493,1983.28,False,blowup
Random,1,34,0.829623789519038,0.22774791168192493,2025.81,True,
Random,1,35,0.2532026642928351,0.22774791168192493,2099.08,True,
Random,2,1,0.7503659522555551,0.7503659522555551,55.72,True,
Random,2,2,0.5050313820132046,0.5050313820132046,109.43,True,
Random,2,3,0.440640557120848,0.440640557120848,236.16,True,
Random,2,4,0.6896492650662553,0.440640557120848,258.07,True,
Random,2,5,0.603585727522015,0.440640557120848,340.54,True,
Random,2,6,0.6243893731489947,0.440640557120848,362.01,True,
Random,2,7,0.30304929083932225,0.30304929083932225,480.88,True,
Random,2,8,0.8505243475268175,0.30304929083932225,541.98,True,
Random,2,9,0.5390712349479289,0.30304929083932225,620.23,True,
Random,2,10,0.796825410320545,0.30304929083932225,660.79,True,
Random,2,11,0.4717354406983993,0.30304929083932225,686.39,True,
Random,2,12,0.6396109208657941,0.30304929083932225,752.2,True,
Random,2,13,0.493985803493728,0.30304929083932225,830.13,True,
Random,2,14,0.9298619717773904,0.30304929083932225,853.24,True,
Random,2,15,0.7040947337044668,0.30304929083932225,909.07,True,
Random,2,16,0.36413801213081376,0.30304929083932225,1045.81,True,
Random,2,17,,0.30304929083932225,1053.8,False,blowup|min_image
Random,2,18,0.8391433676497598,0.30304929083932225,1079.85,True,
Random,2,19,0.8301208849973487,0.30304929083932225,1138.2,True,
Random,2,20,0.44782797029108135,0.30304929083932225,1250.49,True,
Random,2,21,0.7649465074446661,0.30304929083932225,1278.2,True,
Random,2,22,0.6053214938568957,0.30304929083932225,1352.46,True,
Random,2,23,1.2703789219299746,0.30304929083932225,1374.44,True,
Random,2,24,0.39497888928099395,0.30304929083932225,1390.89,True,
Random,2,25,0.46852376180471655,0.30304929083932225,1449.76,True,
Random,2,26,0.6194465588145105,0.30304929083932225,1506.18,True,
Random,2,27,0.3249455710868443,0.30304929083932225,1553.13,True,
Random,2,28,0.38287723639472426,0.30304929083932225,1679.62,True,
Random,2,29,0.5826505369289443,0.30304929083932225,1725.55,True,
Random,2,30,,0.30304929083932225,1730.39,False,blowup
Random,2,31,0.5096075846568071,0.30304929083932225,1800.44,True,
Random,2,32,0.5576155131984121,0.30304929083932225,1845.56,True,
Random,2,33,0.6398171980878224,0.30304929083932225,1987.19,True,
Random,2,34,0.4098863508498099,0.30304929083932225,2043.34,True,
Random,2,35,0.29266425244076283,0.29266425244076283,2077.32,True,
Random,3,1,0.4969982782453297,0.4969982782453297,74.78,True,
Random,3,2,0.5284618841393434,0.4969982782453297,153.04,True,
Random,3,3,,0.4969982782453297,162.97,False,blowup
Random,3,4,0.6726158872320398,0.4969982782453297,241.54,True,
Random,3,5,,0.4969982782453297,251.36,False,blowup
Random,3,6,1.0790987371183396,0.4969982782453297,322.53,True,
Random,3,7,0.40423314863514886,0.40423314863514886,359.72,True,
Random,3,8,0.6073945351221586,0.40423314863514886,385.57,True,
Random,3,9,,0.40423314863514886,393.96,False,blowup
Random,3,10,0.19847374330079906,0.19847374330079906,541.84,True,
Random,3,11,0.45438268707969354,0.19847374330079906,595.07,True,
Random,3,12,0.8095235587810383,0.19847374330079906,641.4,True,
Random,3,13,,0.19847374330079906,649.02,False,blowup
Random,3,14,0.22215699678011414,0.19847374330079906,838.82,True,
Random,3,15,0.9492459627496382,0.19847374330079906,878.77,True,
Random,3,16,0.5265215220462649,0.19847374330079906,906.37,True,
Random,3,17,0.8833037046214179,0.19847374330079906,953.53,True,
Random,3,18,0.4493419161503498,0.19847374330079906,1031.44,True,
Random,3,19,0.609174905069216,0.19847374330079906,1075.47,True,
Random,3,20,0.37734021463386147,0.19847374330079906,1190.7,True,
Random,3,21,0.2576863378071884,0.19847374330079906,1241.72,True,
Random,3,22,,0.19847374330079906,1248.11,False,blowup
Random,3,23,0.3848332912465993,0.19847374330079906,1345.47,True,
Random,3,24,,0.19847374330079906,1375.51,False,min_image
Random,3,25,0.41607336004459805,0.19847374330079906,1429.48,True,
Random,3,26,0.2904012680667813,0.19847374330079906,1492.11,True,
Random,3,27,,0.19847374330079906,1502.78,False,blowup
Random,3,28,0.7090082957682593,0.19847374330079906,1542.61,True,
Random,3,29,0.5027509041839174,0.19847374330079906,1740.82,True,
Random,3,30,0.4563969659133122,0.19847374330079906,1795.65,True,
Random,3,31,0.5415665530340513,0.19847374330079906,1871.95,True,
Random,3,32,0.7313219983361248,0.19847374330079906,1901.62,True,
Random,3,33,,0.19847374330079906,1904.77,False,blowup
Random,3,34,0.592962470653492,0.19847374330079906,1944.15,True,
Random,3,35,,0.19847374330079906,1953.63,False,blowup
Random,4,1,0.3609632541511823,0.3609632541511823,45.49,True,
Random,4,2,0.5470623413935596,0.3609632541511823,67.75,True,
Random,4,3,0.2780489737869306,0.2780489737869306,117.21,True,
Random,4,4,,0.2780489737869306,120.03,False,blowup
Random,4,5,0.4808319684928015,0.2780489737869306,211.58,True,
Random,4,6,0.7903483603930085,0.2780489737869306,239.56,True,
Random,4,7,,0.2780489737869306,253.49,False,blowup
Random,4,8,0.6376263679155943,0.2780489737869306,316.52,True,
Random,4,9,0.26245239916360785,0.26245239916360785,353.13,True,
Random,4,10,0.6781393513742161,0.26245239916360785,403.68,True,
Random,4,11,0.45083826566202057,0.26245239916360785,523.61,True,
Random,4,12,0.5229452743179291,0.26245239916360785,568.13,True,
Random,4,13,0.48830002986335397,0.26245239916360785,650.55,True,
Random,4,14,0.5218964230301777,0.26245239916360785,782.47,True,
Random,4,15,0.4227425896213912,0.26245239916360785,813.3,True,
Random,4,16,,0.26245239916360785,822.34,False,blowup
Random,4,17,0.6412608262842938,0.26245239916360785,887.51,True,
Random,4,18,,0.26245239916360785,891.11,False,blowup
Random,4,19,0.28415602150452746,0.26245239916360785,966.76,True,
Random,4,20,0.645554618106845,0.26245239916360785,1053.1,True,
Random,4,21,,0.26245239916360785,1060.4,False,blowup
Random,4,22,0.5874742547364282,0.26245239916360785,1117.22,True,
Random,4,23,0.8161844869126823,0.26245239916360785,1145.74,True,
Random,4,24,0.3854056027613229,0.26245239916360785,1188.13,True,
Random,4,25,0.5231773069013181,0.26245239916360785,1230.73,True,
Random,4,26,0.3514682566843971,0.26245239916360785,1276.39,True,
Random,4,27,1.1114599878301694,0.26245239916360785,1305.7,True,
Random,4,28,,0.26245239916360785,1311.73,False,blowup
Random,4,29,0.5010786306413387,0.26245239916360785,1476.28,True,
Random,4,30,0.4763486375246494,0.26245239916360785,1557.06,True,
Random,4,31,0.3753943355783281,0.26245239916360785,1652.93,True,
Random,4,32,,0.26245239916360785,1670.76,False,blowup
Random,4,33,1.165944268411382,0.26245239916360785,1717.49,True,
Random,4,34,0.5212823060260892,0.26245239916360785,1853.0,True,
Random,4,35,0.6573674976367714,0.26245239916360785,1888.81,True,
Random,5,1,,,11.71,False,blowup
Random,5,2,,,39.37,False,blowup
Random,5,3,,,59.81,False,blowup
Random,5,4,,,100.77,False,min_image
Random,5,5,0.5918905209224998,0.5918905209224998,161.99,True,
Random,5,6,0.6919552073325784,0.5918905209224998,198.76,True,
Random,5,7,,0.5918905209224998,231.52,False,blowup
Random,5,8,0.5554749973825011,0.5554749973825011,267.79,True,
Random,5,9,,0.5554749973825011,277.61,False,blowup
Random,5,10,0.46122438718219977,0.46122438718219977,293.53,True,
Random,5,11,0.5840678564044722,0.46122438718219977,321.3,True,
Random,5,12,,0.46122438718219977,364.77,False,min_image
Random,5,13,0.7675677807959588,0.46122438718219977,392.81,True,
Random,5,14,0.5715006376800044,0.46122438718219977,408.67,True,
Random,5,15,0.526783245856795,0.46122438718219977,493.4,True,
Random,5,16,0.28812510958946336,0.28812510958946336,523.49,True,
Random,5,17,0.689967174969409,0.28812510958946336,583.68,True,
Random,5,18,0.8961435222002394,0.28812510958946336,652.89,True,
Random,5,19,0.5981423952773736,0.28812510958946336,696.8,True,
Random,5,20,0.24253693396635645,0.24253693396635645,752.68,True,
Random,5,21,0.7188502504526085,0.24253693396635645,776.24,True,
Random,5,22,0.5552957373820577,0.24253693396635645,829.18,True,
Random,5,23,0.6219585990362675,0.24253693396635645,886.4,True,
Random,5,24,0.49040549316733056,0.24253693396635645,947.42,True,
Random,5,25,,0.24253693396635645,963.81,False,blowup
Random,5,26,0.9375694413643381,0.24253693396635645,1006.7,True,
Random,5,27,,0.24253693396635645,1018.18,False,blowup
Random,5,28,0.5114014839836344,0.24253693396635645,1081.02,True,
Random,5,29,,0.24253693396635645,1087.53,False,blowup
Random,5,30,0.8513797733799235,0.24253693396635645,1132.91,True,
Random,5,31,0.50981802269302,0.24253693396635645,1178.54,True,
Random,5,32,0.49739219892065784,0.24253693396635645,1251.81,True,
Random,5,33,0.6493086162944606,0.24253693396635645,1385.78,True,
Random,5,34,0.4493171417779718,0.24253693396635645,1439.15,True,
Random,5,35,0.4423399117522864,0.24253693396635645,1557.48,True,
Random,6,1,0.4424182530981919,0.4424182530981919,12.65,True,
Random,6,2,,0.4424182530981919,23.41,False,blowup
Random,6,3,0.6217306718735286,0.4424182530981919,58.73,True,
Random,6,4,0.4895106339817928,0.4424182530981919,108.59,True,
Random,6,5,,0.4424182530981919,111.09,False,blowup
Random,6,6,0.4844472235133679,0.4424182530981919,130.87,True,
Random,6,7,,0.4424182530981919,136.05,False,blowup
Random,6,8,,0.4424182530981919,144.42,False,blowup
Random,6,9,,0.4424182530981919,146.53,False,blowup
Random,6,10,0.4281285800206928,0.4281285800206928,165.95,True,
Random,6,11,0.5851572425519629,0.4281285800206928,200.81,True,
Random,6,12,0.5765557007779516,0.4281285800206928,285.32,True,
Random,6,13,0.5826061495507453,0.4281285800206928,320.99,True,
Random,6,14,1.09058786974139,0.4281285800206928,359.35,True,
Random,6,15,0.5592641560239929,0.4281285800206928,409.36,True,
Random,6,16,0.4149593933739288,0.4149593933739288,458.7,True,
Random,6,17,0.28560063990108125,0.28560063990108125,481.79,True,
Random,6,18,0.4562476558154588,0.28560063990108125,519.14,True,
Random,6,19,0.5677421774151455,0.28560063990108125,569.15,True,
Random,6,20,0.49236374739851385,0.28560063990108125,621.46,True,
Random,6,21,0.33134959577867107,0.28560063990108125,656.13,True,
Random,6,22,0.273847908920704,0.273847908920704,737.5,True,
Random,6,23,0.6213148492958362,0.273847908920704,759.71,True,
Random,6,24,0.3479629255682978,0.273847908920704,793.63,True,
Random,6,25,0.8914969144297629,0.273847908920704,868.06,True,
Random,6,26,0.8368137765527482,0.273847908920704,929.25,True,
Random,6,27,0.5379019519845903,0.273847908920704,991.07,True,
Random,6,28,0.4567615462767149,0.273847908920704,1007.04,True,
Random,6,29,0.2663449975383581,0.2663449975383581,1047.92,True,
Random,6,30,0.5044053768147454,0.2663449975383581,1130.24,True,
Random,6,31,,0.2663449975383581,1140.0,False,blowup
Random,6,32,0.7948458708273722,0.2663449975383581,1212.55,True,
Random,6,33,,0.2663449975383581,1217.53,False,blowup
Random,6,34,,0.2663449975383581,1226.2,False,blowup
Random,6,35,,0.2663449975383581,1251.23,False,blowup|min_image
Random,7,1,0.5501353224536603,0.5501353224536603,51.23,True,
Random,7,2,0.6517166816751773,0.5501353224536603,93.83,True,
Random,7,3,,0.5501353224536603,104.69,False,blowup
Random,7,4,0.5393983377231854,0.5393983377231854,191.72,True,
Random,7,5,0.6723742221224273,0.5393983377231854,246.55,True,
Random,7,6,,0.5393983377231854,255.32,False,blowup
Random,7,7,,0.5393983377231854,262.44,False,blowup
Random,7,8,0.7716931231694323,0.5393983377231854,319.38,True,
Random,7,9,,0.5393983377231854,342.77,False,blowup
Random,7,10,,0.5393983377231854,358.83,False,blowup
Random,7,11,0.5363722227616861,0.5363722227616861,411.87,True,
Random,7,12,0.9222309485812639,0.5363722227616861,486.18,True,
Random,7,13,0.5160385932613523,0.5160385932613523,536.9,True,
Random,7,14,0.4794294227003899,0.4794294227003899,563.19,True,
Random,7,15,,0.4794294227003899,569.85,False,blowup
Random,7,16,0.43026474540156223,0.43026474540156223,669.21,True,
Random,7,17,0.3862923431009167,0.3862923431009167,807.34,True,
Random,7,18,0.6909964103904715,0.3862923431009167,873.78,True,
Random,7,19,1.0870108126810945,0.3862923431009167,930.9,True,
Random,7,20,0.34004736228921917,0.34004736228921917,960.91,True,
Random,7,21,0.5871108996676677,0.34004736228921917,997.51,True,
Random,7,22,0.6932140878494818,0.34004736228921917,1034.35,True,
Random,7,23,0.6045862207591568,0.34004736228921917,1076.23,True,
Random,7,24,,0.34004736228921917,1093.18,False,blowup
Random,7,25,0.416563166535372,0.34004736228921917,1165.92,True,
Random,7,26,0.6666671725446985,0.34004736228921917,1272.09,True,
Random,7,27,0.7662276632688936,0.34004736228921917,1386.04,True,
Random,7,28,0.5602412166391704,0.34004736228921917,1412.71,True,
Random,7,29,,0.34004736228921917,1419.01,False,blowup
Random,7,30,,0.34004736228921917,1429.11,False,blowup
Random,7,31,0.5177087595096277,0.34004736228921917,1465.59,True,
Random,7,32,0.6584210566799207,0.34004736228921917,1619.35,True,
Random,7,33,0.5769339345091369,0.34004736228921917,1648.21,True,
Random,7,34,0.3876825391799432,0.34004736228921917,1754.74,True,
Random,7,35,0.641512519623842,0.34004736228921917,1821.6,True,
Random,8,1,0.8726274880415761,0.8726274880415761,19.21,True,
Random,8,2,0.8152776459203369,0.8152776459203369,57.39,True,
Random,8,3,0.2858227877935592,0.2858227877935592,91.95,True,
Random,8,4,,0.2858227877935592,107.58,False,min_image
Random,8,5,0.2759940218933642,0.2759940218933642,163.14,True,
Random,8,6,0.4091811992542245,0.2759940218933642,284.87,True,
Random,8,7,,0.2759940218933642,286.72,False,blowup
Random,8,8,1.086508061925588,0.2759940218933642,368.58,True,
Random,8,9,,0.2759940218933642,371.15,False,blowup
Random,8,10,0.45499154529363783,0.2759940218933642,396.94,True,
Random,8,11,0.346237291044906,0.2759940218933642,419.51,True,
Random,8,12,0.20391163093865722,0.20391163093865722,590.47,True,
Random,8,13,0.6269912174842606,0.20391163093865722,748.86,True,
Random,8,14,,0.20391163093865722,751.48,False,blowup
Random,8,15,0.4529904314146005,0.20391163093865722,809.82,True,
Random,8,16,0.2612726019377216,0.20391163093865722,864.89,True,
Random,8,17,0.5517912292262082,0.20391163093865722,966.16,True,
Random,8,18,,0.20391163093865722,968.07,False,blowup
Random,8,19,0.5819251833059417,0.20391163093865722,1138.97,True,
Random,8,20,0.7382282613676237,0.20391163093865722,1164.24,True,
Random,8,21,,0.20391163093865722,1182.43,False,blowup|min_image
Random,8,22,,0.20391163093865722,1185.53,False,blowup
Random,8,23,0.3224794073551611,0.20391163093865722,1222.95,True,
Random,8,24,0.3609033291749066,0.20391163093865722,1338.42,True,
Random,8,25,0.41696386588277834,0.20391163093865722,1386.67,True,
Random,8,26,0.5586667668575052,0.20391163093865722,1495.63,True,
Random,8,27,0.513645946982355,0.20391163093865722,1565.67,True,
Random,8,28,0.6200491608639657,0.20391163093865722,1598.44,True,
Random,8,29,0.5354210693043879,0.20391163093865722,1625.32,True,
Random,8,30,0.4573740082851317,0.20391163093865722,1721.09,True,
Random,8,31,0.3611295733110195,0.20391163093865722,1797.88,True,
Random,8,32,0.6536964047298452,0.20391163093865722,1898.75,True,
Random,8,33,,0.20391163093865722,1903.43,False,blowup
Random,8,34,0.640904352730465,0.20391163093865722,1964.93,True,
Random,8,35,,0.20391163093865722,1970.76,False,blowup
Random,9,1,0.22756260623152352,0.22756260623152352,26.78,True,
Random,9,2,0.5056635153576873,0.22756260623152352,71.8,True,
Random,9,3,0.6705718183426016,0.22756260623152352,165.87,True,
Random,9,4,0.461899893959645,0.22756260623152352,321.98,True,
Random,9,5,0.3416948893567826,0.22756260623152352,342.22,True,
Random,9,6,0.5489289651496528,0.22756260623152352,363.69,True,
Random,9,7,0.3138578904498983,0.22756260623152352,413.92,True,
Random,9,8,0.6473302322279981,0.22756260623152352,452.39,True,
Random,9,9,0.7266193491954764,0.22756260623152352,472.05,True,
Random,9,10,0.8573447036849053,0.22756260623152352,525.62,True,
Random,9,11,0.555157157061763,0.22756260623152352,557.14,True,
Random,9,12,,0.22756260623152352,559.57,False,blowup
Random,9,13,0.3607767207243785,0.22756260623152352,669.14,True,
Random,9,14,,0.22756260623152352,673.1,False,blowup
Random,9,15,0.5142276621437685,0.22756260623152352,808.49,True,
Random,9,16,0.6034561703022985,0.22756260623152352,934.89,True,
Random,9,17,,0.22756260623152352,936.49,False,blowup
Random,9,18,0.4870679571283641,0.22756260623152352,1006.49,True,
Random,9,19,1.0291376939571037,0.22756260623152352,1061.79,True,
Random,9,20,0.6180328729906904,0.22756260623152352,1148.81,True,
Random,9,21,,0.22756260623152352,1154.37,False,blowup
Random,9,22,0.8337193723098403,0.22756260623152352,1231.69,True,
Random,9,23,0.9064531322602174,0.22756260623152352,1244.73,True,
Random,9,24,0.5279383602466245,0.22756260623152352,1413.98,True,
Random,9,25,0.25767548779947635,0.22756260623152352,1458.42,True,
Random,9,26,0.4244018214961151,0.22756260623152352,1523.67,True,
Random,9,27,,0.22756260623152352,1529.74,False,blowup
Random,9,28,0.4315641513170344,0.22756260623152352,1545.89,True,
Random,9,29,0.4219151042099643,0.22756260623152352,1675.9,True,
Random,9,30,0.2168384146176562,0.2168384146176562,1775.13,True,
Random,9,31,,0.2168384146176562,1783.07,False,blowup
Random,9,32,,0.2168384146176562,1785.31,False,blowup
Random,9,33,0.4028308491447611,0.2168384146176562,1812.53,True,
Random,9,34,,0.2168384146176562,1819.65,False,blowup
Random,9,35,0.4444270079752302,0.2168384146176562,1909.18,True,
Random,10,1,0.35231203073592887,0.35231203073592887,100.37,True,
Random,10,2,0.5541321265230945,0.35231203073592887,135.2,True,
Random,10,3,0.3462065789499523,0.3462065789499523,196.55,True,
Random,10,4,0.4816100547682385,0.3462065789499523,291.51,True,
Random,10,5,0.5773172243558393,0.3462065789499523,345.6,True,
Random,10,6,0.371124064730441,0.3462065789499523,449.27,True,
Random,10,7,0.528377215503173,0.3462065789499523,473.65,True,
Random,10,8,0.35365586193662724,0.3462065789499523,575.95,True,
Random,10,9,0.5050734972660597,0.3462065789499523,651.44,True,
Random,10,10,0.18736974961886815,0.18736974961886815,694.82,True,
Random,10,11,0.6729008252731954,0.18736974961886815,787.64,True,
Random,10,12,0.4525033967641883,0.18736974961886815,809.76,True,
Random,10,13,0.4217344315128154,0.18736974961886815,874.99,True,
Random,10,14,,0.18736974961886815,881.39,False,blowup
Random,10,15,0.4127473450407252,0.18736974961886815,896.2,True,
Random,10,16,0.26579271287656714,0.18736974961886815,963.79,True,
Random,10,17,0.3319805629071668,0.18736974961886815,1078.24,True,
Random,10,18,0.44841931206448327,0.18736974961886815,1123.76,True,
Random,10,19,0.5037564515927236,0.18736974961886815,1213.83,True,
Random,10,20,0.2614912796501687,0.18736974961886815,1300.5,True,
Random,10,21,0.6215277368543182,0.18736974961886815,1384.0,True,
Random,10,22,0.4195608853935071,0.18736974961886815,1480.96,True,
Random,10,23,0.41766283681491284,0.18736974961886815,1556.44,True,
Random,10,24,0.4996565340196312,0.18736974961886815,1571.43,True,
Random,10,25,,0.18736974961886815,1575.87,False,blowup
Random,10,26,,0.18736974961886815,1584.23,False,blowup
Random,10,27,0.3212298132919601,0.18736974961886815,1630.79,True,
Random,10,28,0.6953518529615836,0.18736974961886815,1680.38,True,
Random,10,29,0.3113020862075159,0.18736974961886815,1721.05,True,
Random,10,30,0.41861687463732056,0.18736974961886815,1777.33,True,
Random,10,31,0.5360615648690543,0.18736974961886815,1928.2,True,
Random,10,32,,0.18736974961886815,1940.29,False,blowup
Random,10,33,0.43496622052574185,0.18736974961886815,1997.51,True,
Random,10,34,0.2815101200166611,0.18736974961886815,2078.81,True,
Random,10,35,,0.18736974961886815,2099.95,False,blowup
Random,11,1,,,13.27,False,blowup
Random,11,2,0.36632530871497804,0.36632530871497804,163.13,True,
Random,11,3,0.5801838834599456,0.36632530871497804,265.61,True,
Random,11,4,1.129734517919395,0.36632530871497804,304.63,True,
Random,11,5,0.3387195125414599,0.3387195125414599,502.26,True,
Random,11,6,0.30125914302544365,0.30125914302544365,549.78,True,
Random,11,7,0.7076472420151256,0.30125914302544365,595.94,True,
Random,11,8,0.22602005606786382,0.22602005606786382,727.42,True,
Random,11,9,0.44848126294879587,0.22602005606786382,795.06,True,
Random,11,10,0.5655605637113043,0.22602005606786382,966.96,True,
Random,11,11,0.30576323379910564,0.22602005606786382,1040.32,True,
Random,11,12,0.5580944743668814,0.22602005606786382,1075.36,True,
Random,11,13,0.3932268202646619,0.22602005606786382,1132.79,True,
Random,11,14,0.27949045007911677,0.22602005606786382,1165.49,True,
Random,11,15,0.4421791807447073,0.22602005606786382,1235.44,True,
Random,11,16,0.5884717140717036,0.22602005606786382,1260.95,True,
Random,11,17,0.33566949127353535,0.22602005606786382,1317.97,True,
Random,11,18,0.48510322282768603,0.22602005606786382,1439.46,True,
Random,11,19,,0.22602005606786382,1456.32,False,blowup
Random,11,20,0.5827794160911804,0.22602005606786382,1614.83,True,
Random,11,21,0.3156532752623711,0.22602005606786382,1666.97,True,
Random,11,22,0.5651087959609162,0.22602005606786382,1685.64,True,
Random,11,23,1.1822454375252005,0.22602005606786382,1706.91,True,
Random,11,24,0.5144908315808547,0.22602005606786382,1784.97,True,
Random,11,25,0.48291866670729255,0.22602005606786382,1885.41,True,
Random,11,26,0.344015006087464,0.22602005606786382,2013.54,True,
Random,11,27,0.5117749040536067,0.22602005606786382,2103.5,True,
Random,11,28,0.39130832031165635,0.22602005606786382,2125.07,True,
Random,11,29,0.34376523454183305,0.22602005606786382,2145.31,True,
Random,11,30,,0.22602005606786382,2160.02,False,blowup
Random,11,31,0.4989957191785396,0.22602005606786382,2229.59,True,
Random,11,32,,0.22602005606786382,2247.89,False,blowup
Random,11,33,0.3232116800427401,0.22602005606786382,2280.04,True,
Random,11,34,,0.22602005606786382,2286.67,False,blowup
Random,11,35,0.3994878234388265,0.22602005606786382,2311.86,True,
Random,12,1,0.35332589550265897,0.35332589550265897,18.81,True,
Random,12,2,,0.35332589550265897,35.61,False,blowup
Random,12,3,0.35126771887446484,0.35126771887446484,61.86,True,
Random,12,4,0.6459351556994354,0.35126771887446484,180.9,True,
Random,12,5,0.6594505676943034,0.35126771887446484,257.84,True,
Random,12,6,0.8129885516290226,0.35126771887446484,331.38,True,
Random,12,7,0.26527172921167835,0.26527172921167835,385.49,True,
Random,12,8,0.977482002219854,0.26527172921167835,440.57,True,
Random,12,9,0.30168886606683615,0.26527172921167835,474.75,True,
Random,12,10,0.39800534106235363,0.26527172921167835,544.67,True,
Random,12,11,1.0870944601698627,0.26527172921167835,567.46,True,
Random,12,12,0.805593686427966,0.26527172921167835,601.9,True,
Random,12,13,0.5420096912943149,0.26527172921167835,679.98,True,
Random,12,14,0.46563113908442527,0.26527172921167835,698.75,True,
Random,12,15,0.5925183202528971,0.26527172921167835,836.52,True,
Random,12,16,0.6281597658679995,0.26527172921167835,884.24,True,
Random,12,17,,0.26527172921167835,924.18,False,min_image
Random,12,18,,0.26527172921167835,959.39,False,min_image
Random,12,19,0.4204903783541317,0.26527172921167835,1067.47,True,
Random,12,20,0.7406134611084343,0.26527172921167835,1091.22,True,
Random,12,21,,0.26527172921167835,1111.29,False,blowup
Random,12,22,0.45150485298917364,0.26527172921167835,1232.44,True,
Random,12,23,,0.26527172921167835,1243.73,False,blowup
Random,12,24,0.5001377195478673,0.26527172921167835,1307.65,True,
Random,12,25,0.6610454215718191,0.26527172921167835,1390.07,True,
Random,12,26,0.5122891225445387,0.26527172921167835,1470.26,True,
Random,12,27,,0.26527172921167835,1504.33,False,blowup
Random,12,28,0.5886656010445064,0.26527172921167835,1534.94,True,
Random,12,29,0.5873380613077395,0.26527172921167835,1628.63,True,
Random,12,30,0.37171226451840106,0.26527172921167835,1699.63,True,
Random,12,31,0.1683527185530271,0.1683527185530271,1812.77,True,
Random,12,32,0.4544915063859626,0.1683527185530271,1967.31,True,
Random,12,33,0.2991636280718747,0.1683527185530271,2025.29,True,
Random,12,34,0.7543646269559569,0.1683527185530271,2048.77,True,
Random,12,35,0.5197910099955406,0.1683527185530271,2112.24,True,
Random,13,1,0.594774785989516,0.594774785989516,29.53,True,
Random,13,2,0.37775611335054154,0.37775611335054154,83.7,True,
Random,13,3,0.31656258666231796,0.31656258666231796,254.36,True,
Random,13,4,,0.31656258666231796,298.65,False,min_image
Random,13,5,,0.31656258666231796,315.65,False,blowup
Random,13,6,,0.31656258666231796,341.8,False,blowup
Random,13,7,0.30460125267782373,0.30460125267782373,395.84,True,
Random,13,8,0.8886826611991943,0.30460125267782373,455.66,True,
Random,13,9,0.41454379838723665,0.30460125267782373,501.48,True,
Random,13,10,0.39376739431313534,0.30460125267782373,594.02,True,
Random,13,11,0.3657768479567826,0.30460125267782373,642.82,True,
Random,13,12,0.3372152714593016,0.30460125267782373,772.04,True,
Random,13,13,,0.30460125267782373,778.09,False,blowup
Random,13,14,0.8510699197772865,0.30460125267782373,801.96,True,
Random,13,15,0.5367818060343837,0.30460125267782373,827.15,True,
Random,13,16,,0.30460125267782373,857.22,False,blowup
Random,13,17,0.3853545633131708,0.30460125267782373,916.85,True,
Random,13,18,,0.30460125267782373,927.23,False,blowup
Random,13,19,0.8003603091612198,0.30460125267782373,949.99,True,
Random,13,20,0.39082260539565045,0.30460125267782373,1008.68,True,
Random,13,21,0.6369717731449325,0.30460125267782373,1053.36,True,
Random,13,22,0.6444009497874088,0.30460125267782373,1101.21,True,
Random,13,23,0.8029750993097421,0.30460125267782373,1142.32,True,
Random,13,24,0.41973611269845656,0.30460125267782373,1177.56,True,
Random,13,25,0.37820329260788144,0.30460125267782373,1213.64,True,
Random,13,26,,0.30460125267782373,1221.92,False,blowup
Random,13,27,0.556650804914048,0.30460125267782373,1301.52,True,
Random,13,28,0.4482455504434354,0.30460125267782373,1336.37,True,
Random,13,29,0.5120336336566939,0.30460125267782373,1377.83,True,
Random,13,30,0.5402552148877402,0.30460125267782373,1540.04,True,
Random,13,31,0.8774928059434294,0.30460125267782373,1584.68,True,
Random,13,32,0.6718168467156166,0.30460125267782373,1671.7,True,
Random,13,33,,0.30460125267782373,1707.62,False,blowup
Random,13,34,0.4485300206093178,0.30460125267782373,1758.02,True,
Random,13,35,0.5941617148412802,0.30460125267782373,1803.95,True,
Random,14,1,0.8395848496880416,0.8395848496880416,31.63,True,
Random,14,2,0.6176050531230487,0.6176050531230487,94.9,True,
Random,14,3,0.5054131101868519,0.5054131101868519,178.58,True,
Random,14,4,0.3138339341030491,0.3138339341030491,224.46,True,
Random,14,5,0.3576084666897808,0.3138339341030491,250.38,True,
Random,14,6,0.3142201620820267,0.3138339341030491,347.87,True,
Random,14,7,,0.3138339341030491,364.74,False,blowup
Random,14,8,0.7518738277029864,0.3138339341030491,390.08,True,
Random,14,9,0.5668385171692011,0.3138339341030491,428.92,True,
Random,14,10,0.5249075271060933,0.3138339341030491,459.01,True,
Random,14,11,0.6895874117025564,0.3138339341030491,517.17,True,
Random,14,12,0.548764534747964,0.3138339341030491,633.62,True,
Random,14,13,0.224642297082942,0.224642297082942,684.96,True,
Random,14,14,0.30631292032430263,0.224642297082942,747.72,True,
Random,14,15,0.3466881722623594,0.224642297082942,891.76,True,
Random,14,16,0.7425076033920653,0.224642297082942,906.99,True,
Random,14,17,0.4656238945317296,0.224642297082942,968.4,True,
Random,14,18,0.5855822389285099,0.224642297082942,1051.42,True,
Random,14,19,0.3820889686627359,0.224642297082942,1139.71,True,
Random,14,20,0.4426545016045228,0.224642297082942,1224.78,True,
Random,14,21,0.40598654199387174,0.224642297082942,1280.5,True,
Random,14,22,0.766801017562947,0.224642297082942,1304.99,True,
Random,14,23,0.48933683008268464,0.224642297082942,1365.06,True,
Random,14,24,0.30538112440355875,0.224642297082942,1404.16,True,
Random,14,25,0.35909739237166105,0.224642297082942,1440.46,True,
Random,14,26,,0.224642297082942,1464.16,False,blowup
Random,14,27,,0.224642297082942,1479.31,False,blowup
Random,14,28,0.7323029577484461,0.224642297082942,1610.73,True,
Random,14,29,,0.224642297082942,1633.81,False,blowup
Random,14,30,0.9834389989889839,0.224642297082942,1703.59,True,
Random,14,31,0.5906553920275777,0.224642297082942,1731.58,True,
Random,14,32,0.5496900239621985,0.224642297082942,1865.39,True,
Random,14,33,0.809123265910863,0.224642297082942,1926.28,True,
Random,14,34,0.31206696619344354,0.224642297082942,1953.7,True,
Random,14,35,0.9511264392971436,0.224642297082942,2026.07,True,
Random,15,1,,,48.36,False,blowup|min_image
Random,15,2,1.1641274261448904,1.1641274261448904,120.63,True,
Random,15,3,0.4317239320077271,0.4317239320077271,166.68,True,
Random,15,4,0.7812773224308259,0.4317239320077271,188.92,True,
Random,15,5,0.628739653691893,0.4317239320077271,240.48,True,
Random,15,6,0.8101055789043345,0.4317239320077271,337.59,True,
Random,15,7,,0.4317239320077271,350.23,False,blowup
Random,15,8,,0.4317239320077271,395.0,False,min_image
Random,15,9,0.47642808858913477,0.4317239320077271,476.38,True,
Random,15,10,0.6002640450428652,0.4317239320077271,637.46,True,
Random,15,11,0.3500918376565627,0.3500918376565627,768.27,True,
Random,15,12,0.25140757108226586,0.25140757108226586,828.31,True,
Random,15,13,0.5575325781155445,0.25140757108226586,877.99,True,
Random,15,14,0.5918795918816115,0.25140757108226586,892.75,True,
Random,15,15,0.6423564668711045,0.25140757108226586,927.05,True,
Random,15,16,0.837331723841707,0.25140757108226586,1057.5,True,
Random,15,17,0.42578202156106987,0.25140757108226586,1084.15,True,
Random,15,18,0.5665233638360629,0.25140757108226586,1175.73,True,
Random,15,19,0.4809490943452348,0.25140757108226586,1211.2,True,
Random,15,20,,0.25140757108226586,1214.27,False,blowup
Random,15,21,0.40312626983848776,0.25140757108226586,1251.46,True,
Random,15,22,0.81201138905778,0.25140757108226586,1294.58,True,
Random,15,23,0.32847467699355803,0.25140757108226586,1349.81,True,
Random,15,24,0.5784378229521443,0.25140757108226586,1391.1,True,
Random,15,25,0.5418765572092882,0.25140757108226586,1418.06,True,
Random,15,26,0.5965537287464523,0.25140757108226586,1484.61,True,
Random,15,27,0.747184609225613,0.25140757108226586,1537.1,True,
Random,15,28,0.40683730596349893,0.25140757108226586,1584.42,True,
Random,15,29,0.43590705431624044,0.25140757108226586,1637.45,True,
Random,15,30,0.49068981924947425,0.25140757108226586,1724.46,True,
Random,15,31,0.41248193618009815,0.25140757108226586,1768.87,True,
Random,15,32,,0.25140757108226586,1802.7,False,blowup
Random,15,33,0.8640646033112959,0.25140757108226586,1875.62,True,
Random,15,34,,0.25140757108226586,1881.36,False,blowup
Random,15,35,,0.25140757108226586,1920.01,False,min_image
Random,16,1,0.3093403946966246,0.3093403946966246,55.38,True,
Random,16,2,0.27093170444049985,0.27093170444049985,218.67,True,
Random,16,3,,0.27093170444049985,233.37,False,blowup
Random,16,4,0.7438833319455158,0.27093170444049985,271.54,True,
Random,16,5,0.2633011577339477,0.2633011577339477,348.04,True,
Random,16,6,0.48647528812226265,0.2633011577339477,372.13,True,
Random,16,7,0.4315020241113634,0.2633011577339477,466.73,True,
Random,16,8,1.1060493117380121,0.2633011577339477,504.41,True,
Random,16,9,0.4808166092014721,0.2633011577339477,531.68,True,
Random,16,10,0.40315484372515875,0.2633011577339477,626.13,True,
Random,16,11,0.37080027071411215,0.2633011577339477,771.66,True,
Random,16,12,,0.2633011577339477,774.72,False,blowup
Random,16,13,0.5821341438552105,0.2633011577339477,969.43,True,
Random,16,14,0.7860720854488464,0.2633011577339477,994.68,True,
Random,16,15,0.6436917289625668,0.2633011577339477,1041.7,True,
Random,16,16,0.6519320086069613,0.2633011577339477,1065.3,True,
Random,16,17,0.49794540459252146,0.2633011577339477,1127.13,True,
Random,16,18,,0.2633011577339477,1137.31,False,blowup
Random,16,19,0.32358368910423635,0.2633011577339477,1304.35,True,
Random,16,20,0.5622827268374273,0.2633011577339477,1351.63,True,
Random,16,21,,0.2633011577339477,1365.22,False,blowup
Random,16,22,0.26804407787535295,0.2633011577339477,1430.63,True,
Random,16,23,0.795133496794985,0.2633011577339477,1467.36,True,
Random,16,24,0.7164702218128695,0.2633011577339477,1495.93,True,
Random,16,25,0.34927948887687643,0.2633011577339477,1536.47,True,
Random,16,26,0.9008345805733882,0.2633011577339477,1572.43,True,
Random,16,27,0.5701038499390731,0.2633011577339477,1635.04,True,
Random,16,28,,0.2633011577339477,1643.04,False,blowup
Random,16,29,0.5517677497994076,0.2633011577339477,1725.7,True,
Random,16,30,0.717544136862027,0.2633011577339477,1890.31,True,
Random,16,31,0.3736880348451478,0.2633011577339477,1919.05,True,
Random,16,32,0.5174922233636308,0.2633011577339477,1949.05,True,
Random,16,33,0.5290859493012794,0.2633011577339477,2098.45,True,
Random,16,34,0.4497226907033033,0.2633011577339477,2138.28,True,
Random,16,35,0.5788303070708027,0.2633011577339477,2195.49,True,
Random,17,1,,,14.44,False,blowup
Random,17,2,0.46592910085320327,0.46592910085320327,53.21,True,
Random,17,3,0.47916932012162144,0.46592910085320327,192.15,True,
Random,17,4,,0.46592910085320327,237.75,False,blowup
Random,17,5,0.5615508320642097,0.46592910085320327,275.2,True,
Random,17,6,1.058003878456612,0.46592910085320327,291.59,True,
Random,17,7,0.976669161299388,0.46592910085320327,323.25,True,
Random,17,8,0.5143596800875196,0.46592910085320327,397.5,True,
Random,17,9,0.25035709954756785,0.25035709954756785,436.7,True,
Random,17,10,0.3506114433780577,0.25035709954756785,505.97,True,
Random,17,11,0.5488798769590458,0.25035709954756785,591.24,True,
Random,17,12,,0.25035709954756785,617.22,False,blowup
Random,17,13,0.53577381425597,0.25035709954756785,638.1,True,
Random,17,14,0.7452940548469299,0.25035709954756785,686.78,True,
Random,17,15,,0.25035709954756785,695.29,False,blowup
Random,17,16,0.4011582639135779,0.25035709954756785,741.1,True,
Random,17,17,,0.25035709954756785,762.88,False,blowup
Random,17,18,1.1747919482639975,0.25035709954756785,817.34,True,
Random,17,19,0.42914206430462093,0.25035709954756785,899.27,True,
Random,17,20,0.5190164558933749,0.25035709954756785,936.27,True,
Random,17,21,0.43657440549375975,0.25035709954756785,1000.89,True,
Random,17,22,,0.25035709954756785,1009.95,False,blowup
Random,17,23,,0.25035709954756785,1027.42,False,blowup
Random,17,24,,0.25035709954756785,1055.04,False,blowup
Random,17,25,0.42923819896837534,0.25035709954756785,1133.37,True,
Random,17,26,0.3372390807545852,0.25035709954756785,1266.34,True,
Random,17,27,0.23914490917911732,0.23914490917911732,1324.89,True,
Random,17,28,0.6120386466329435,0.23914490917911732,1394.26,True,
Random,17,29,0.4795255445366511,0.23914490917911732,1513.39,True,
Random,17,30,0.7602191355006999,0.23914490917911732,1628.35,True,
Random,17,31,,0.23914490917911732,1660.9,False,blowup
Random,17,32,0.3460736093262079,0.23914490917911732,1775.05,True,
Random,17,33,0.3309127968364065,0.23914490917911732,1913.97,True,
Random,17,34,,0.23914490917911732,1955.9,False,blowup
Random,17,35,,0.23914490917911732,1976.09,False,blowup
Random,18,1,0.6940324132702784,0.6940324132702784,51.82,True,
Random,18,2,0.2596047738638078,0.2596047738638078,95.85,True,
Random,18,3,,0.2596047738638078,111.44,False,blowup
Random,18,4,0.6166363575042331,0.2596047738638078,223.85,True,
Random,18,5,0.6796791699933319,0.2596047738638078,254.72,True,
Random,18,6,,0.2596047738638078,274.68,False,blowup
Random,18,7,0.32564883980155146,0.2596047738638078,344.93,True,
Random,18,8,0.30279301330276637,0.2596047738638078,403.19,True,
Random,18,9,0.45979771636016203,0.2596047738638078,480.71,True,
Random,18,10,0.24280023286693747,0.24280023286693747,584.96,True,
Random,18,11,0.35039497283871324,0.24280023286693747,691.39,True,
Random,18,12,0.42702180145285656,0.24280023286693747,745.28,True,
Random,18,13,0.415343217305885,0.24280023286693747,824.35,True,
Random,18,14,0.5822970943847968,0.24280023286693747,919.89,True,
Random,18,15,0.7731759749680718,0.24280023286693747,1002.49,True,
Random,18,16,0.527527721998317,0.24280023286693747,1101.88,True,
Random,18,17,0.5247684327380773,0.24280023286693747,1141.23,True,
Random,18,18,0.6983971540365981,0.24280023286693747,1175.01,True,
Random,18,19,0.7558468918435562,0.24280023286693747,1224.13,True,
Random,18,20,0.36302757025098203,0.24280023286693747,1332.5,True,
Random,18,21,0.25060099286976484,0.24280023286693747,1397.76,True,
Random,18,22,0.6253955103512416,0.24280023286693747,1463.79,True,
Random,18,23,0.6599080439972463,0.24280023286693747,1549.81,True,
Random,18,24,,0.24280023286693747,1555.22,False,blowup
Random,18,25,0.6311764558359264,0.24280023286693747,1685.98,True,
Random,18,26,0.5625552821903531,0.24280023286693747,1735.76,True,
Random,18,27,0.510672623699941,0.24280023286693747,1784.09,True,
Random,18,28,0.3674767441785313,0.24280023286693747,1809.1,True,
Random,18,29,0.6646473137952511,0.24280023286693747,1840.83,True,
Random,18,30,0.4059801010183061,0.24280023286693747,1934.39,True,
Random,18,31,0.921115894040051,0.24280023286693747,2004.34,True,
Random,18,32,0.5542115620105252,0.24280023286693747,2120.65,True,
Random,18,33,0.5550440648658911,0.24280023286693747,2139.25,True,
Random,18,34,0.36774865112098404,0.24280023286693747,2255.68,True,
Random,18,35,0.4735144664408418,0.24280023286693747,2273.04,True,
Random,19,1,0.37938286661014653,0.37938286661014653,29.8,True,
Random,19,2,0.5857022548504818,0.37938286661014653,74.43,True,
Random,19,3,0.26149700249592134,0.26149700249592134,122.72,True,
Random,19,4,0.37612227165340767,0.26149700249592134,204.39,True,
Random,19,5,0.4515130524695498,0.26149700249592134,221.73,True,
Random,19,6,0.4167933031830337,0.26149700249592134,247.73,True,
Random,19,7,,0.26149700249592134,250.78,False,blowup
Random,19,8,0.35250429525893195,0.26149700249592134,269.94,True,
Random,19,9,0.3097876782982994,0.26149700249592134,338.01,True,
Random,19,10,,0.26149700249592134,339.91,False,blowup
Random,19,11,,0.26149700249592134,346.05,False,blowup
Random,19,12,0.3608055892374132,0.26149700249592134,385.09,True,
Random,19,13,0.5430900877652626,0.26149700249592134,530.23,True,
Random,19,14,0.4734561503084933,0.26149700249592134,564.52,True,
Random,19,15,0.19679678567615044,0.19679678567615044,610.63,True,
Random,19,16,0.34387413450325527,0.19679678567615044,726.65,True,
Random,19,17,,0.19679678567615044,731.62,False,blowup
Random,19,18,0.4025300278034885,0.19679678567615044,843.86,True,
Random,19,19,0.4654246255476323,0.19679678567615044,952.85,True,
Random,19,20,0.4066179253957838,0.19679678567615044,973.09,True,
Random,19,21,0.557351816680072,0.19679678567615044,1062.14,True,
Random,19,22,0.42234094381348797,0.19679678567615044,1102.72,True,
Random,19,23,0.3196474665320067,0.19679678567615044,1143.4,True,
Random,19,24,0.3769090743556313,0.19679678567615044,1172.67,True,
Random,19,25,0.33442750862366183,0.19679678567615044,1217.43,True,
Random,19,26,0.8901622329643444,0.19679678567615044,1271.27,True,
Random,19,27,0.5022589941508863,0.19679678567615044,1351.61,True,
Random,19,28,0.31872291053334484,0.19679678567615044,1456.17,True,
Random,19,29,0.48705696764159834,0.19679678567615044,1482.78,True,
Random,19,30,0.6053019666006627,0.19679678567615044,1569.48,True,
Random,19,31,0.5475916337103149,0.19679678567615044,1612.45,True,
Random,19,32,,0.19679678567615044,1620.12,False,blowup
Random,19,33,0.5625774407564204,0.19679678567615044,1726.88,True,
Random,19,34,0.23707222701705602,0.19679678567615044,1773.3,True,
Random,19,35,,0.19679678567615044,1778.99,False,blowup
