seed,step,epsilon,sigma,cutoff_nm,stable,violations,loss,density_kg_m3,dhvap_kj_mol,pressure_bar,potential_per_molecule,diffusion_cm2_s,box_nm,energy_drift,cost_usd,gpu_hours,latency_hours,best_so_far,cumulative_cost
0,1,5.149912,0.423525,1.157384,True,,0.2958606093137185,1398.924501271868,134.68473514196583,45.40948716812579,-132.20577826685084,1.8434047127784595e-07,2.3862449701584865,0.012415744023914895,0.267322,0.04455366863144768,0.04455366863144768,0.2958606093137185,0.27
0,2,6.930762,0.386006,1.015315,False,blowup,,,,,,,,,0.006392,0.001065416137377421,0.001065416137377421,0.2958606093137185,0.27
0,3,3.082742,0.289641,0.981797,True,,0.4638976128092255,1810.6403433101823,46.50537003867215,9.529254178619892,-44.026413163557145,1.202727592099786e-05,2.188941424657109,0.01014666525708286,0.245246,0.040874271657731796,0.040874271657731796,0.2958606093137185,0.52
0,4,4.343656,0.418069,1.043993,True,,0.18099039045615484,885.7478787054127,85.00773291489419,1.586039567980702,-82.52877603977919,3.8044502853705538e-06,2.780925549798247,0.009695175996010205,0.244067,0.04067785441875458,0.04067785441875458,0.18099039045615484,0.76
0,5,3.749494,0.422133,1.001219,True,,0.307043165585816,811.460987654113,67.43811376442704,19.780504050440715,-64.95915688931204,6.981759556669757e-06,2.86927711099542,0.007877089455150262,0.247524,0.04125396172205607,0.04125396172205607,0.18099039045615484,1.01
0,6,5.537203,0.342601,1.187147,False,min_image,,,,,,,,,0.004673,0.0007788169384002685,0.0007788169384002685,0.18099039045615484,1.02
0,7,1.982455,0.427915,1.042082,True,,0.5986227278044297,632.6610502608681,27.300380979407056,-7.656902066679919,-24.821424104292056,4.863458408015013e-05,3.116033189694037,0.00014233371345635405,0.254832,0.042472029195891485,0.042472029195891485,0.18099039045615484,1.27
0,8,6.606375,0.368481,1.103664,False,min_image,,,,,,,,,0.006391,0.0010652211639616224,0.0010652211639616224,0.18099039045615484,1.28
0,9,8.0,0.28,1.2,False,min_image,,,,,,,,,0.004794,0.0007990504635704888,0.0007990504635704888,0.18099039045615484,1.28
0,10,4.791922,0.424647,1.138298,True,,0.18232441408118874,1336.6079960959034,118.52750645501474,-105.94360643912727,-116.04854957989974,1.3797585070974878e-08,2.431843064818851,0.012495719962497672,0.260038,0.04333961645762126,0.04333961645762126,0.18099039045615484,1.54
0,11,4.381799,0.420204,1.077633,True,,0.16622947466647298,882.0013014142091,87.96514976463308,3.2151733705628733,-85.48619288951808,2.2076829055133276e-06,2.7916238548933463,0.008763434848843909,0.25352,0.042253407504823474,0.042253407504823474,0.16622947466647298,1.79
0,12,2.369515,0.285843,0.94106,True,,0.49796023386871885,1670.509119880485,30.172516766093523,-1.864411586012928,-27.693559890978523,2.24889514716467e-05,2.254732751592313,0.0026341722894764816,0.257866,0.04297767804728614,0.04297767804728614,0.16622947466647298,2.05
0,13,1.0,0.386782,1.2,True,,0.8627656018509556,291.469982921266,3.899285665100635,38.09682707168868,-1.4203287899856354,0.00040198863445895883,4.104627256847707,0.015557898278307324,0.300462,0.05007693085405562,0.05007693085405562,0.16622947466647298,2.35
0,14,1.611882,0.409963,1.2,True,,0.6309939654895536,642.4578780437325,20.700367430631342,0.435399835073657,-18.221410555516343,5.498794373968888e-05,3.093626667336576,0.0056803704536315,0.305543,0.05092381417751312,0.05092381417751312,0.16622947466647298,2.66
0,15,4.512977,0.421429,0.9,True,,0.2389669048122094,841.1398851328297,77.68179196126665,12.182743526375656,-75.20283508615165,4.658056763111061e-06,2.833575400480221,0.004035041449639316,0.277169,0.04619475642840067,0.04619475642840067,0.16622947466647298,2.94
0,16,4.289903,0.419316,1.2,True,,0.1402234154602865,908.6888220687754,90.76836984819658,0.6719761578452093,-88.28941297308158,2.16958595561889e-06,2.756592874250699,0.023514825539564146,0.295354,0.049225663542747496,0.049225663542747496,0.1402234154602865,3.23
0,17,5.122324,0.432381,1.2,False,blowup,,,,,,,,,0.104349,0.01739150027434031,0.01739150027434031,0.1402234154602865,3.34
0,18,3.586204,0.45,0.938985,True,,0.413076500457518,672.1953073104831,58.210912131882736,-0.6976650968381477,-55.73195525676773,7.156296519881461e-06,3.053681079276978,0.00426023306732456,0.275272,0.04587860465049744,0.04587860465049744,0.1402234154602865,3.61
0,19,3.595369,0.438934,0.949736,True,,0.3864819952572961,718.0106662421141,59.73801794070519,11.605639884556776,-57.25906106559019,1.0489739453995193e-05,2.9882091992674504,0.006793257234969789,0.291204,0.04853392554654015,0.04853392554654015,0.1402234154602865,3.9
0,20,3.617548,0.45,0.926381,False,blowup,,,,,,,,,0.005579,0.0009298449754714965,0.0009298449754714965,0.1402234154602865,3.91
0,21,1.0,0.28,0.9,True,,0.8915275777445018,263.3498546596282,0.6980864019738713,61.45085169180784,1.7808704731411285,0.0008647873688665664,4.285574528641865,0.004630209015302113,0.295939,0.04932315051555634,0.04932315051555634,0.1402234154602865,4.2
0,22,1.759572,0.28,1.2,False,min_image,,,,,,,,,0.024859,0.004143186145358616,0.004143186145358616,0.1402234154602865,4.23
0,23,1.787189,0.36253,0.9,True,,0.5733474627220826,816.0371398827602,18.639811586447493,0.09626510860857404,-16.160854711332494,7.235397126007853e-05,2.869668469031844,0.002049285654101804,0.314554,0.052425666981273225,0.052425666981273225,0.1402234154602865,4.54
0,24,3.10174,0.45,1.2,True,,0.3976976635965628,685.1236067752286,60.07496275201029,4.8856159941209825,-57.59600587689529,1.1878017761337235e-05,3.0308220519964646,0.01639366583833534,0.317059,0.05284317115942637,0.05284317115942637,0.1402234154602865,4.86
0,25,1.0,0.45,0.9,True,,0.9128167090141586,187.18613006286608,2.3311718681001747,39.43620571618538,0.1477850070148248,0.000499078120968916,4.756636037818463,0.005490697060030783,0.295506,0.04925107975800832,0.04925107975800832,0.1402234154602865,5.16
0,26,3.089628,0.45,1.2,True,,0.40046850190772587,683.6422476295418,59.67779325809562,-3.021117321759895,-57.198836382980616,8.773454828389526e-06,3.035567696532044,0.006147187325886822,0.322278,0.05371303942468431,0.05371303942468431,0.1402234154602865,5.48
0,27,3.097843,0.45,0.9,True,,0.505112627326743,631.3579881543375,44.41344896413235,-5.294427114887987,-41.93449208901735,1.643852298422974e-05,3.119068991739414,0.006220436053381218,0.309827,0.05163777920934889,0.05163777920934889,0.1402234154602865,5.79
0,28,3.11218,0.45,0.9,True,,0.503233126049133,631.5221871326695,44.743644303596156,-5.738902685170842,-42.26468742848115,1.953507044403902e-05,3.1162518042944893,0.006696815940799347,0.313195,0.052199104958110386,0.052199104958110386,0.1402234154602865,6.1
0,29,4.203253,0.418818,1.2,True,,0.15859476243972198,895.5603344176079,88.37415880494524,14.565699300870865,-85.89520192983024,2.3227090889046013e-06,2.7681486072818937,0.010310393012588194,0.317599,0.05293323914210002,0.05293323914210002,0.1402234154602865,6.42
0,30,3.334008,0.28,1.2,False,min_image,,,,,,,,,0.00633,0.0010549569129943849,0.0010549569129943849,0.1402234154602865,6.42
0,31,4.252568,0.444602,0.944361,True,,0.2982670951020105,737.1798974578907,74.40692503228911,-3.6353525441319987,-71.9279681571741,6.476803535028015e-06,2.961216511414958,0.012145382842368413,0.308885,0.05148082335789998,0.05148082335789998,0.1402234154602865,6.73
0,32,5.047127,0.421044,1.147611,False,blowup,,,,,,,,,0.130838,0.02180635306570265,0.02180635306570265,0.1402234154602865,6.86
0,33,1.576007,0.408226,1.2,True,,0.6366800002100707,639.9884327138435,19.84408470353465,0.4134615351055775,-17.365127828419652,6.528796901131285e-05,3.1053777856407514,0.0033812477943721527,0.327381,0.05456344915760888,0.05456344915760888,0.1402234154602865,7.19
0,34,2.091959,0.440889,1.112152,True,,0.5806534926068792,616.2879038385745,31.75479030763456,9.015461187891072,-29.275833432519562,3.4521864938051686e-05,3.140142769834812,0.007351256997717367,0.306815,0.05113577637407515,0.05113577637407515,0.1402234154602865,7.5
0,35,2.099059,0.440169,1.112066,True,,0.5779555731883008,619.452341074775,32.016978370602956,5.61217136988866,-29.538021495487957,3.076154036359132e-05,3.134263400218482,0.006798177143348294,0.299376,0.04989605638715956,0.04989605638715956,0.1402234154602865,7.8
0,36,4.780928,0.407162,1.137897,True,,0.20902665352531166,1453.1789778295663,114.95759428037776,-41.812481804190234,-112.47863740526276,7.87173982936964e-08,2.359320890522362,0.000942362030495443,0.310879,0.05181314640574985,0.05181314640574985,0.1402234154602865,8.11
0,37,2.457466,0.425737,1.08874,True,,0.5003469293960534,706.6045767215912,39.839420450629675,-5.2970273488320245,-37.36046357551467,2.0414056560737107e-05,3.0052056237290836,0.014109924422472138,0.31722,0.052870081663131716,0.052870081663131716,0.1402234154602865,8.43
0,38,5.160692,0.391203,1.158413,False,min_image,,,,,,,,,0.027841,0.004640158348613315,0.004640158348613315,0.1402234154602865,8.45
0,39,1.0,0.364371,0.9,True,,0.8935153676470362,241.99564748549582,1.880517836189096,52.16887813190754,0.5984390389259039,0.0006311081534409695,4.387148139328323,0.0010459242004302132,0.303849,0.05064158280690511,0.05064158280690511,0.1402234154602865,8.76
0,40,5.122368,0.441024,1.154751,True,,0.26818048440820796,1306.6055351860482,136.32291070049286,-36.815971422864784,-133.84395382537787,3.273637567092369e-08,2.448656218951431,0.01663111680283125,0.252663,0.04211049954096476,0.04211049954096476,0.1402234154602865,9.01
1,1,7.980294,0.438535,0.938437,False,blowup,,,,,,,,,0.004164,0.0006940510537889269,0.0006940510537889269,,0.0
1,2,7.993284,0.320135,1.018974,False,blowup,,,,,,,,,0.007799,0.001299791932106018,0.001299791932106018,,0.01
1,3,3.715375,0.393857,1.180662,True,,0.2162084633833162,973.66599410208,72.24032868578026,-20.312871840422964,-69.76137181066525,6.3202221159586735e-06,2.6990396656774864,0.007222746039897435,0.265889,0.044314765334129334,0.044314765334129334,0.2162084633833162,0.28
1,4,6.924176,0.333256,1.057364,False,min_image,,,,,,,,,0.006538,0.001089695890744527,0.001089695890744527,0.2162084633833162,0.28
1,5,4.10417,0.319028,1.060324,True,,0.22858460477913778,1587.6112691374385,73.20420197112739,1.3228254277944915,-70.72524509601239,4.614788588981542e-06,2.293369637678189,0.0016755598189983289,0.243972,0.04066207726796468,0.04066207726796468,0.2162084633833162,0.53
1,6,7.397734,0.357725,1.02921,False,min_image,,,,,,,,,0.006484,0.0010805946588516235,0.0010805946588516235,0.2162084633833162,0.53
1,7,7.573895,0.412326,1.114791,False,min_image,,,,,,,,,0.007707,0.0012845788399378458,0.0012845788399378458,0.2162084633833162,0.54
1,8,6.619303,0.295776,1.055446,False,min_image,,,,,,,,,0.006603,0.0011005321476194594,0.0011005321476194594,0.2162084633833162,0.55
1,9,1.366044,0.28,0.9,True,,0.7788584841908615,501.87005245280596,3.9555000180726925,56.067169247506605,-1.476543142957693,0.00033190253423415466,3.451450150170147,0.00798978647723414,0.240893,0.04014887577957577,0.04014887577957577,0.2162084633833162,0.79
1,10,2.330158,0.28,0.9,True,,0.5298985756944132,1729.7512528648842,28.64377709607743,-0.6116318522021387,-26.16482022096243,2.6777364038101135e-05,2.228389709292523,0.00805249709177961,0.252424,0.042070652511384754,0.042070652511384754,0.2162084633833162,1.04
1,11,3.036114,0.28,0.9,True,,0.5304719632700701,1941.5449571343418,43.85508099001657,46.57314265477641,-41.376124114901565,1.2801748650648453e-05,2.141517007166379,0.0008406944184898225,0.263944,0.043990614083078174,0.043990614083078174,0.2162084633833162,1.31
1,12,3.918918,0.360864,1.13061,True,,0.11896925204640374,1196.0610929463783,73.8555749434156,13.227226046100443,-71.3766180683006,3.9406906994810195e-06,2.5151022466246094,0.0073354066418302045,0.261124,0.04352059966988034,0.04352059966988034,0.11896925204640374,1.57
1,13,3.890367,0.28,0.9,True,,0.4886420509518965,2094.342227300089,62.51751440341414,-46.9489646427777,-60.03855752829914,4.787305573603199e-06,2.0896608511634476,0.016908698090309503,0.260968,0.043494688868522646,0.043494688868522646,0.11896925204640374,1.83
1,14,4.022618,0.45,1.2,False,blowup,,,,,,,,,0.004402,0.0007336260875066121,0.0007336260875066121,0.11896925204640374,1.83
1,15,3.684252,0.385011,1.171273,True,,0.20692175516036648,1021.0173599795322,70.50634056229342,-1.1094337598926904,-68.02738368717841,5.773898252991187e-06,2.656483430321918,0.00042028554561482546,0.258665,0.043110778397983975,0.043110778397983975,0.11896925204640374,2.09
1,16,3.621532,0.373476,1.15773,True,,0.19597218496741511,1084.0420824782968,67.94158942944205,-7.3270968709299105,-65.46263255432704,5.589139252144404e-06,2.6011658497797527,0.005406962763039088,0.327461,0.05457688914404975,0.05457688914404975,0.11896925204640374,2.42
1,17,3.806743,0.322706,1.053646,True,,0.23681319688960423,1514.0079759888029,66.38404601652198,19.166206043284955,-63.90508914140698,6.201620172757676e-06,2.3289219561935894,0.007612974045966017,0.305939,0.05098978002866109,0.05098978002866109,0.11896925204640374,2.72
1,18,3.82486,0.379221,1.193209,True,,0.16557997083080375,1071.7204366583353,74.36400050912071,-3.5814153512079505,-71.88504363400571,5.460062946286506e-06,2.613400006840485,0.0144084525567602,0.287467,0.047911195821232266,0.047911195821232266,0.11896925204640374,3.01
1,19,3.942304,0.352462,0.9,True,,0.1468864597740549,1226.7653912295123,66.55429098840935,-55.29813267858184,-64.07533411329435,4.8878644907847455e-06,2.495587870248328,0.008458799117405073,0.293403,0.048900571134355336,0.048900571134355336,0.11896925204640374,3.31
1,20,3.885413,0.363197,0.9,True,,0.19061937496612896,1137.7768643873267,65.0300211661719,17.54440395096981,-62.5510642910569,6.35739558353579e-06,2.5608249053716214,0.016065900063442794,0.284066,0.04734438525305854,0.04734438525305854,0.11896925204640374,3.59
1,21,3.941907,0.351472,1.2,False,min_image,,,,,,,,,0.005736,0.0009560530715518528,0.0009560530715518528,0.11896925204640374,3.6
1,22,3.074656,0.329602,1.053394,True,,0.26233859416956584,1346.3693656035257,49.61579692750967,-9.0991649707522,-47.13684005239467,1.2430237238400121e-05,2.4194577181714356,0.018145355094386268,0.302188,0.05036473804050022,0.05036473804050022,0.11896925204640374,3.9
1,23,7.028122,0.45,0.9,False,blowup,,,,,,,,,0.00482,0.0008032935857772828,0.0008032935857772828,0.11896925204640374,3.9
1,24,3.812905,0.380723,1.192521,True,,0.17344714435174508,1057.8677668344478,73.93391758086324,-0.35293553845576675,-71.45496070574823,3.216077168955307e-06,2.6218738515250606,0.00487957311848827,0.317179,0.052863165603743656,0.052863165603743656,0.11896925204640374,4.22
1,25,2.971516,0.28,0.9,True,,0.5317963101964114,1925.0383601681779,42.42039097790235,11.307853562326846,-39.94143410278735,1.3394220164176797e-05,2.1459080175899774,0.006028927317745612,0.327256,0.05454268972078959,0.05454268972078959,0.11896925204640374,4.55
1,26,3.944567,0.45,0.9,False,blowup,,,,,,,,,0.005639,0.0009398808744218615,0.0009398808744218615,0.11896925204640374,4.55
1,27,1.0,0.318839,1.067024,True,,0.8805526096851295,279.50664254758664,1.527167828286736,58.180997099525655,0.9517890468282637,0.0005892838132450774,4.194809467106144,0.01167481477248466,0.308239,0.05137317862775591,0.05137317862775591,0.11896925204640374,4.86
1,28,3.616965,0.320158,1.059426,True,,0.2631552783711095,1517.0786902410114,61.81184296958905,2.030979309209697,-59.33288609447405,6.850757061220517e-06,2.3269022813346654,0.013267001581203156,0.319531,0.05325514276822408,0.05325514276822408,0.11896925204640374,5.18
1,29,3.884051,0.361421,1.12883,True,,0.1264431666889379,1188.8736684288829,73.01507425143376,-25.413337122685302,-70.53611737631876,6.115321809033388e-06,2.5255125947995136,0.00754127384092396,0.331302,0.05521691805786556,0.05521691805786556,0.11896925204640374,5.51
1,30,3.747881,0.378725,1.180411,True,,0.1835094048175954,1062.044668854087,71.80053747631119,26.7122964955845,-69.32158060119619,4.244808980439305e-06,2.618910784342226,0.008061613497919425,0.326015,0.05433588253127204,0.05433588253127204,0.11896925204640374,5.84
1,31,3.705557,0.356725,0.9,True,,0.19888950221606994,1171.9782687438753,61.051615956105785,-21.510454104043546,-58.57265908099078,6.893145001216346e-06,2.538245970559226,0.012928185989515596,0.322947,0.053824527263641356,0.053824527263641356,0.11896925204640374,6.16
1,32,3.824588,0.362145,1.132383,True,,0.1403445226566683,1176.0344643117176,71.41348230849027,3.873638776939074,-68.93452543337527,3.958435823183155e-06,2.5347324048548385,0.003842586036120481,0.318212,0.053035413357946606,0.053035413357946606,0.11896925204640374,6.48
1,33,3.20071,0.392233,1.177408,True,,0.30574756453890695,934.6461364760075,58.765896194703515,1.7524800520174175,-56.28693931958851,8.972249570887146e-06,2.7331473186227826,0.010383810074911381,0.323416,0.05390270829200745,0.05390270829200745,0.11896925204640374,6.8
1,34,4.204486,0.379578,1.187463,True,,0.09721834920274902,1109.212038326494,84.09464610330777,12.672555638278288,-81.61568922819276,3.934670430048008e-06,2.5822660934542463,0.012438391993348707,0.332879,0.05547987527317471,0.05547987527317471,0.09721834920274902,7.14
1,35,2.102892,0.33743,1.066207,True,,0.40696929465046966,1104.992647751836,28.025095251064393,-19.38924891778111,-25.546138375949393,3.112051981951968e-05,2.591735660937693,0.008591974608672228,0.321155,0.05352579275767008,0.05352579275767008,0.09721834920274902,7.46
1,36,4.136537,0.375193,1.159987,True,,0.10785571896096284,1122.2918316627645,81.21279198340899,18.03354078318728,-78.73383510829399,3.557451221530669e-06,2.572500820059119,0.012384584510472179,0.30851,0.051418373319837785,0.051418373319837785,0.09721834920274902,7.76
1,37,3.679422,0.339588,0.9,True,,0.18984018180428763,1306.2207776397674,59.907200997140016,4.061929771846914,-57.42824412202501,7.431064079361521e-06,2.4429928073089937,0.0044882351407396605,0.306151,0.05102522916264004,0.05102522916264004,0.09721834920274902,8.07
1,38,4.057639,0.382487,1.18907,True,,0.13131117905693562,1070.8176833521477,80.66620235931299,-65.11612025807695,-78.18724548419799,4.064108769012176e-06,2.605779067472043,0.007206628985188201,0.244531,0.040755151377783884,0.040755151377783884,0.09721834920274902,8.32
1,39,3.378073,0.306876,0.9,True,,0.35394787071771017,1614.8054997764284,52.354612513209375,-9.069515114496786,-49.87565563809437,7.487241955281818e-06,2.284949908982024,0.015031056874677188,0.214906,0.03581763029098511,0.03581763029098511,0.09721834920274902,8.53
1,40,4.455242,0.356122,0.9,True,,0.08254175946069514,1293.3042480399408,78.50146730170292,8.510450348869131,-76.02251042658791,2.4346246184679447e-06,2.466814435972248,0.010289154755330992,0.300432,0.050071966648101804,0.050071966648101804,0.08254175946069514,8.83
10,1,3.091328,0.36408,1.032904,True,,0.29036220099043175,1075.9808423732109,51.34554742994312,21.191715669721262,-48.866590554828115,1.2857142785753877e-05,2.609105058430816,0.008397438660889088,0.264515,0.044085879193411934,0.044085879193411934,0.29036220099043175,0.26
10,2,6.82338,0.379165,0.907552,False,blowup,,,,,,,,,0.008307,0.0013845497369766235,0.0013845497369766235,0.29036220099043175,0.27
10,3,5.964456,0.325146,0.979081,False,min_image,,,,,,,,,0.028091,0.004681839413113064,0.004681839413113064,0.29036220099043175,0.3
10,4,2.052645,0.396249,1.144981,True,,0.5262631355434144,775.7409171301458,30.123142183257446,9.61645456025623,-27.644185308142447,3.616952608524129e-05,2.9080585173610274,0.010309155436081237,0.239542,0.03992372499571906,0.03992372499571906,0.29036220099043175,0.54
10,5,3.352501,0.431439,0.959437,True,,0.4048309298472279,734.6268605626616,55.19692754529801,13.638428095457476,-52.71797067018301,1.3296734453986103e-05,2.9599571127970465,0.011151868827558958,0.239967,0.03999451749854618,0.03999451749854618,0.29036220099043175,0.78
10,6,1.214317,0.429195,1.118231,True,,0.7885593970774158,399.91301838788496,9.562859889811211,2.754276631410252,-7.083903014696212,0.000185040099471256,3.63400131915375,0.013711664749274809,0.242592,0.040432049499617685,0.040432049499617685,0.29036220099043175,1.02
10,7,4.786167,0.302348,1.0241,True,,0.27484108801352336,1903.581691357759,87.63462280286429,5.6932493981243475,-85.15566592774928,1.8079282010539856e-06,2.1635541376989114,0.0011189891029193119,0.267374,0.04456236859162648,0.04456236859162648,0.27484108801352336,1.29
10,8,6.451102,0.379263,0.954789,False,blowup,,,,,,,,,0.012696,0.002115935285886129,0.002115935285886129,0.27484108801352336,1.3
10,9,1.944747,0.354797,0.943697,True,,0.5074987572617402,921.2434765589338,23.016379732985843,-2.2853932232962983,-20.537422857870844,4.901625425197043e-05,2.7427449348916006,0.007641580787502986,0.254211,0.042368470231692,0.042368470231692,0.27484108801352336,1.56
10,10,4.227693,0.28,1.2,False,min_image,,,,,,,,,0.004709,0.0007848559485541449,0.0007848559485541449,0.27484108801352336,1.56
10,11,4.745794,0.302762,1.023846,True,,0.2694424858423626,1874.3204144984127,86.50116697223638,42.730192324368595,-84.02221009712137,2.441761844418484e-06,2.1735877441968383,0.02900205224383861,0.24036,0.04005996194150713,0.04005996194150713,0.2694424858423626,1.8
10,12,2.793951,0.363228,1.048086,True,,0.338580139401199,1047.05812211004,44.6614016664789,6.928249802985044,-42.1824447913639,1.901500606306136e-05,2.6352038555584647,0.001930198708530176,0.198529,0.03308811916245354,0.03308811916245354,0.2694424858423626,2.0
10,13,2.608325,0.398688,1.109379,True,,0.43096506166019954,837.2844352706927,43.016930607442355,-0.6592210559323681,-40.53797373232735,2.05896174642727e-05,2.8376675794353274,0.00629593641202262,0.198188,0.033031345274713304,0.033031345274713304,0.2694424858423626,2.2
10,14,3.693173,0.433719,0.903385,True,,0.3862542169530787,733.7235684391657,58.643210003442995,5.011933443784625,-56.16425312832799,8.785515558838905e-06,2.9657890803053792,0.004679311235214428,0.197125,0.032854233317905004,0.032854233317905004,0.2694424858423626,2.4
10,15,1.0,0.302699,1.2,True,,0.8793330329431248,285.332431772714,1.3278443844236283,59.422282059627626,1.1511124906913714,0.0007069178474990079,4.168178104965666,0.010657244966295523,0.203434,0.03390566779507531,0.03390566779507531,0.2694424858423626,2.6
10,16,6.590163,0.302607,0.932465,False,blowup,,,,,,,,,0.030292,0.005048744214905633,0.005048744214905633,0.2694424858423626,2.63
10,17,4.747217,0.304103,1.01672,True,,0.2673334664685511,1864.4032075280495,86.16785510165289,-0.5933174678760225,-83.68889822653789,2.3011140202303823e-06,2.171268622736652,0.01627931485284887,0.267752,0.04462531473901537,0.04462531473901537,0.2673334664685511,2.9
10,18,3.059373,0.36991,1.0189,True,,0.31200786523533797,1033.244097430089,50.49650363036454,20.515965607709543,-48.01754675524954,1.2343158267468086e-05,2.6495175994144655,0.007115393069625375,0.292764,0.04879398577743106,0.04879398577743106,0.2673334664685511,3.19
10,19,2.233969,0.347642,1.074002,True,,0.4052941941806169,1062.1192230435206,31.43031449688967,-1.714161374378066,-28.951357621774672,3.451239250906968e-05,2.619416555729517,0.006561487550624455,0.300751,0.05012512418958876,0.05012512418958876,0.2673334664685511,3.49
10,20,3.764377,0.28,0.940058,True,,0.49614673272833854,2088.6929411603855,60.7431395620653,40.673346752974936,-58.2641826869503,5.326770919740859e-06,2.092678182770429,0.015556971884627506,0.291348,0.0485579647620519,0.0485579647620519,0.2673334664685511,3.78
10,21,1.51804,0.28,0.954989,True,,0.5212195675983119,1065.503627984671,10.087156508133093,-0.787018439447628,-7.608199633018094,0.00012116733078878258,2.6114031599270424,0.005616510717821301,0.302111,0.050351855291260614,0.050351855291260614,0.2673334664685511,4.08
10,22,1.792774,0.45,1.026032,True,,0.6645750966373442,532.8664610058057,22.51360072769924,-0.23002864938452944,-20.034643852584242,6.324718977891913e-05,3.3026261051236174,0.009877065111336066,0.307822,0.05130358689361148,0.05130358689361148,0.2673334664685511,4.39
10,23,4.74782,0.45,1.019312,True,,0.15799974329178024,989.7639985649344,100.3297961505352,-16.4995577212904,-97.8508392754202,2.4090634133326815e-07,2.6767390017881176,0.000709433027840093,0.317011,0.05283516837490929,0.05283516837490929,0.15799974329178024,4.71
10,24,1.0,0.45,0.9,True,,0.9116419046530517,188.3801143818737,2.4586444205710727,41.67340125721505,0.020312454543927126,0.0005141926054562032,4.752063228778217,0.003719989146056228,0.306367,0.051061231758859425,0.051061231758859425,0.15799974329178024,5.02
10,25,4.682362,0.45,1.003313,True,,0.19458570115633742,769.0974115937443,91.03114596950516,-2.654424948736286,-88.55218909439016,1.8122600255096935e-06,2.919534665794146,0.004759620046866865,0.304507,0.05075119561619229,0.05075119561619229,0.15799974329178024,5.32
10,26,1.673501,0.45,0.9,True,,0.7358998536348215,456.95955904603545,15.021630426455804,4.273501851400502,-12.542673551340805,0.0001132192536318728,3.4831083217211076,0.0014398305310297575,0.307981,0.051330173876550464,0.051330173876550464,0.15799974329178024,5.63
10,27,1.0,0.28,1.013673,True,,0.8868342252265679,275.8999871345498,0.644725658125725,60.664427880538305,1.8342312169892747,0.0008387637180052714,4.219166580690142,0.0010424610188558964,0.313724,0.052287411159939234,0.052287411159939234,0.15799974329178024,5.94
10,28,4.1085,0.45,0.9,True,,0.36063295845669396,692.8716380205743,66.26044757179058,-1.218105079035249,-63.781490696675576,7.3719743646301955e-06,3.0202505854831387,0.003362304716121385,0.314341,0.05239016969998678,0.05239016969998678,0.15799974329178024,6.26
10,29,1.594858,0.28,1.2,True,,0.4446654874911895,1313.1199796611572,14.027904599207861,-2.85626223819106,-11.548947724092862,6.905214354778508e-05,2.430017211402927,0.0016654253629666096,0.32134,0.05355663518110911,0.05355663518110911,0.15799974329178024,6.58
10,30,2.458135,0.28,0.9,True,,0.5344780803141544,1779.7773512905367,31.42789701747013,-19.970425545779243,-28.94894014235513,2.3481731083433003e-05,2.2096902304966712,0.006108029306872885,0.322925,0.053820804688665604,0.053820804688665604,0.15799974329178024,6.9
10,31,2.375149,0.45,0.988673,True,,0.5764066993323664,594.7614959299788,34.084368412523254,-7.528673207422456,-31.605411537408255,3.2929600388464635e-05,3.186664056621112,0.002694959357553097,0.318642,0.053107005225287544,0.053107005225287544,0.15799974329178024,7.22
10,32,3.108703,0.45,0.9,True,,0.504525202755595,631.0141405355663,44.5452252498354,-6.734526646080567,-42.066268374720394,1.669383426011993e-05,3.113123940099866,0.01164432099338625,0.292938,0.048823039995299446,0.048823039995299446,0.15799974329178024,7.51
10,33,8.0,0.45,1.2,False,blowup,,,,,,,,,0.00458,0.0007633961571587456,0.0007633961571587456,0.15799974329178024,7.52
10,34,4.269371,0.45,0.953076,True,,0.30074879232683155,719.4048286653882,75.24064334344106,16.10949397531817,-72.76168646832606,4.770939220766434e-06,2.984529531750001,0.019704983377290985,0.294431,0.04907176971435547,0.04907176971435547,0.15799974329178024,7.81
10,35,2.130226,0.28,1.2,False,min_image,,,,,,,,,0.009386,0.0015642797284656101,0.0015642797284656101,0.15799974329178024,7.82
10,36,1.490184,0.295981,1.195352,True,,0.5114494128881358,1062.0534484300872,12.114821120778597,-1.2528596350041517,-9.635864245663598,0.00010060027575110731,2.6115618866106045,0.0051815771297890065,0.315266,0.052544408043225604,0.052544408043225604,0.15799974329178024,8.14
10,37,2.00759,0.420053,1.132718,True,,0.5691155763709987,674.6416229941198,29.634897321977846,-6.691598999371795,-27.155940446862846,3.8178117438635496e-05,3.048313961089368,0.004176274389296637,0.318858,0.05314306027359433,0.05314306027359433,0.15799974329178024,8.45
10,38,1.400415,0.318345,1.183711,True,,0.5995090702136237,856.9548548439228,10.919473354307899,-4.990991651447248,-8.4405164791929,0.00011740891787447335,2.820212134965553,0.0036640309655702123,0.314302,0.052383608023325604,0.052383608023325604,0.15799974329178024,8.77
10,39,1.477286,0.28,1.19612,True,,0.502799462257701,1105.9518549880047,10.514640586908008,11.983014678276168,-8.035683711793009,9.463840987597742e-05,2.595809880321293,0.004636551063579489,0.255828,0.04263807084825304,0.04263807084825304,0.15799974329178024,9.02
10,40,2.501374,0.345309,1.088707,True,,0.3434142566606266,1131.8553381389706,37.64956224052635,-2.5085927247702178,-35.17060536541135,2.287672868491291e-05,2.5653147669606606,0.007294845694177861,0.198835,0.03313923332426283,0.03313923332426283,0.15799974329178024,9.22
11,1,1.478148,0.393002,0.958235,True,,0.696170812605023,583.5196692310917,13.100241810249017,-10.163238456172953,-10.621284935134018,0.00010135418088672528,3.190289155074634,0.004315269939700643,0.255666,0.04261094782087538,0.04261094782087538,0.696170812605023,0.26
11,2,7.483981,0.29788,0.967714,False,min_image,,,,,,,,,0.009248,0.00154127213690016,0.00154127213690016,0.696170812605023,0.26
11,3,7.274385,0.420451,0.927844,False,blowup,,,,,,,,,0.011777,0.0019629063871171738,0.0019629063871171738,0.696170812605023,0.28
11,4,7.227957,0.40134,1.05537,False,blowup,,,,,,,,,0.006792,0.001132057441605462,0.001132057441605462,0.696170812605023,0.28
11,5,6.497721,0.379903,1.121051,False,min_image,,,,,,,,,0.006231,0.0010384921895133124,0.0010384921895133124,0.696170812605023,0.29
11,6,5.707572,0.444912,1.196574,False,blowup,,,,,,,,,0.004026,0.0006710541910595364,0.0006710541910595364,0.696170812605023,0.29
11,7,6.446722,0.284275,1.176384,False,min_image,,,,,,,,,0.00441,0.0007350260681576199,0.0007350260681576199,0.696170812605023,0.3
11,8,3.876386,0.312249,0.961203,True,,0.286854639949224,1626.179833765067,65.38810466514484,-14.92277196700647,-62.909147790029834,6.093647742237946e-06,2.2759777819457256,0.0014277098649376034,0.242268,0.04037794391314189,0.04037794391314189,0.286854639949224,0.54
11,9,2.756028,0.28,1.2,False,min_image,,,,,,,,,0.00697,0.0011617169115278455,0.0011617169115278455,0.286854639949224,0.55
11,10,2.858431,0.28,0.9,True,,0.5334598128279016,1895.5716680271055,39.986777662323334,13.2005014325843,-37.50782078720833,1.394559340596991e-05,2.1592654847456845,0.005048648392553288,0.253379,0.04222982221179538,0.04222982221179538,0.286854639949224,0.8
11,11,2.93833,0.28,0.958762,True,,0.5324865958723508,1930.070165513431,42.658629206129014,17.78433831234054,-40.17967233101401,1.153279406873551e-05,2.146116297392761,0.0013658027999968768,0.25663,0.042771615849600896,0.042771615849600896,0.286854639949224,1.06
11,12,3.692306,0.45,0.923569,True,,0.40670857073583083,674.7534011241066,59.184889218343805,-6.676758558396964,-56.7059323432288,1.0857693518310364e-05,3.0466106290342863,0.006885048312544725,0.249333,0.041555514997906155,0.041555514997906155,0.286854639949224,1.31
11,13,3.784924,0.319915,0.954756,True,,0.25816624278453393,1525.679709886041,63.34182200745333,3.195763371343959,-60.86286513233833,5.650909607507298e-06,2.316950033718876,0.020888194138322585,0.261359,0.043559889131122166,0.043559889131122166,0.25816624278453393,1.57
11,14,3.696436,0.28,0.95275,True,,0.4995979925477383,2076.9244580537465,59.263983603999904,19.786836713522213,-56.7850267288849,5.8770221660600825e-06,2.095037065741988,0.007657820897510848,0.262049,0.043674877285957335,0.043674877285957335,0.25816624278453393,1.83
11,15,1.262081,0.45,0.9,True,,0.868956497971815,255.35844868391763,5.383913848598449,31.985630175474526,-2.9049569734834493,0.0003179800583028867,4.274367198917182,0.016676109491986467,0.240163,0.04002712580892775,0.04002712580892775,0.25816624278453393,2.07
11,16,2.17014,0.45,0.926373,True,,0.6303067384932538,559.6514928803389,26.813507786765292,1.007182202164732,-24.334550911650293,3.8564712599367405e-05,3.244613189474319,0.008982054723913172,0.297005,0.049500790304607814,0.049500790304607814,0.25816624278453393,2.37
11,17,3.418231,0.45,0.940568,True,,0.43694482849008753,662.8784847445248,54.540613598981004,-8.656173984349586,-52.061656723866,1.3449122192339842e-05,3.0676437774325125,0.01028141742181968,0.294392,0.049065270225207014,0.049065270225207014,0.25816624278453393,2.66
11,18,3.873857,0.28,0.939758,True,,0.48904872640416963,2102.61386438731,63.04165504558957,-7.392603787301302,-60.56269817047457,6.242254701066934e-06,2.084864738991868,0.01557669068200962,0.293671,0.048945153885417515,0.048945153885417515,0.25816624278453393,2.96
11,19,3.629335,0.45,0.968735,False,blowup,,,,,,,,,0.005028,0.0008380147483613756,0.0008380147483613756,0.25816624278453393,2.96
11,20,1.0,0.40224,0.922264,True,,0.8943687040770776,229.54306511716084,2.625707264788739,46.33691531065672,-0.1467503896737394,0.0005636552862153139,4.456857875147146,0.003920976134424262,0.276824,0.04613727000024584,0.04613727000024584,0.25816624278453393,3.24
11,21,8.0,0.342072,0.944559,False,blowup,,,,,,,,,0.009823,0.0016372452841864691,0.0016372452841864691,0.25816624278453393,3.25
11,22,3.208613,0.439279,0.932935,True,,0.4534170711139278,686.5277657639224,49.832490161113725,12.671924209971367,-47.35353328599872,1.4738964428962154e-05,3.0300914574686764,0.0005623335519105799,0.290455,0.04840923686822256,0.04840923686822256,0.25816624278453393,3.54
11,23,3.225339,0.32073,0.946712,True,,0.2954054353833513,1441.2978641032716,50.46229597430962,6.4168181806426094,-47.983339099194616,1.0429236605483883e-05,2.3738305732893825,0.01448497301911079,0.282576,0.04709592355622186,0.04709592355622186,0.25816624278453393,3.82
11,24,3.58497,0.307666,0.955421,True,,0.33341056738403085,1644.0688391964622,58.20855229783402,7.604340892563852,-55.729595422719015,8.30180767492618e-06,2.265621099667477,0.01678971791320687,0.209173,0.03486215697394477,0.03486215697394477,0.25816624278453393,4.03
11,25,1.236706,0.374512,0.951919,True,,0.8228132290090668,366.9614021674967,5.711527287576297,34.68658818787047,-3.232570412461297,0.00028971843415383805,3.7924418085351888,0.015171701251169853,0.206521,0.03442016839981079,0.03442016839981079,0.25816624278453393,4.24
11,26,3.543086,0.332044,0.945664,True,,0.2239369608386528,1369.4591240210646,58.274608128888445,-55.34752650860199,-55.79565125377344,7.420771962632078e-06,2.4075155538351263,0.002896099291506919,0.203401,0.03390008529027303,0.03390008529027303,0.2239369608386528,4.44
11,27,3.93246,0.299026,0.960321,True,,0.3557766494326341,1807.6437287966382,65.96668804268691,-33.03088246275399,-63.48773116757191,4.660652802829861e-06,2.196794356946808,0.004711890048244115,0.206693,0.03444880565007528,0.03444880565007528,0.2239369608386528,4.65
11,28,3.505809,0.336574,0.947689,True,,0.2095856455858742,1322.4587667159544,57.48776133613619,22.77812124699131,-55.008804461021185,8.59484627194004e-06,2.4348005226066642,0.011952540081538244,0.201796,0.033632690840297276,0.033632690840297276,0.2095856455858742,4.85
11,29,2.449196,0.28,0.914112,True,,0.5341405266001735,1777.3377090983217,31.312911386952823,25.434510142988703,-28.833954511837824,2.179152033458792e-05,2.205136354473754,0.004991292657693341,0.204013,0.03400208612283071,0.03400208612283071,0.2095856455858742,5.05
11,30,3.385916,0.344539,0.946644,True,,0.2046938340899409,1240.5770176099618,55.034574227968236,10.845866433165837,-52.55561735285323,8.90899556578407e-06,2.4891286600465907,0.013097531573508195,0.200779,0.03346311019526588,0.03346311019526588,0.2046938340899409,5.25
11,31,1.492133,0.28,0.9,True,,0.6255205083964352,837.5766344856708,7.586709192926321,8.881863687547774,-5.107752317811322,0.0001623281738296495,2.8477306275466523,0.01922937299304509,0.197638,0.03293964591291216,0.03293964591291216,0.2046938340899409,5.45
11,32,1.0,0.45,0.941487,True,,0.9044038502828717,199.52771880413414,2.969841896978722,38.88924397992544,-0.4908850218637223,0.00046582275605161504,4.6554012818641155,0.003651628618323242,0.191143,0.0318571447663837,0.0318571447663837,0.2046938340899409,5.64
11,33,3.047426,0.296578,0.967969,True,,0.42457870583056145,1703.1593167936521,45.88902282763496,-9.493440872890126,-43.41006595251996,1.3091236410430934e-05,2.2415209518013883,0.0063462870134559195,0.207273,0.034545420871840586,0.034545420871840586,0.2046938340899409,5.85
11,34,2.106913,0.343243,0.9,True,,0.4486296522131673,1033.1153278093673,25.640650253137743,-7.923691045787018,-23.161693378022743,3.3748239477464344e-05,2.648292914442616,0.016665884020167922,0.199608,0.03326805863115523,0.03326805863115523,0.2046938340899409,6.05
11,35,3.064661,0.45,0.909067,True,,0.5049759509085466,631.2406276828283,44.44681088320032,-1.8101897451645899,-41.96785400808532,1.8044537488974036e-05,3.116145587189504,0.0009642838245645834,0.197838,0.03297303941514757,0.03297303941514757,0.2046938340899409,6.25
11,36,3.342584,0.3446,0.949322,True,,0.21112221704559075,1236.0795518639843,54.18983849100941,-12.834873822591204,-51.71088161589441,9.461643527708757e-06,2.49102940784861,0.013101935582316,0.206029,0.03433813194433848,0.03433813194433848,0.2046938340899409,6.45
11,37,3.498763,0.347694,0.947254,True,,0.19344810596234055,1229.6253732860766,57.873254497885675,42.97342730615476,-55.39429762277067,9.528227971639697e-06,2.4956715003166576,0.0011721588018580836,0.20275,0.033791598280270896,0.033791598280270896,0.19344810596234055,6.65
11,38,1.0,0.309804,0.971346,True,,0.887483662249732,266.4049835801013,1.2131502777728713,60.51991772310224,1.2658065973421284,0.0007913839253596887,4.265805466141087,0.011557694452032639,0.193659,0.032276541988054915,0.032276541988054915,0.19344810596234055,6.85
11,39,3.374181,0.363989,0.945817,True,,0.26279044670440305,1090.4273656716655,55.31892010783937,-24.261699525903396,-52.839963232724365,1.0197173410159829e-05,2.599386802852684,0.00657393007464311,0.203212,0.03386862946881188,0.03386862946881188,0.19344810596234055,7.05
11,40,2.989324,0.28,0.934188,True,,0.5309215618871059,1935.9451940996405,43.368312499950456,3.0257840225765835,-40.88935562483545,1.4444115566761414e-05,2.1502056182012015,0.0010303314519042074,0.223681,0.03728021641572316,0.03728021641572316,0.19344810596234055,7.28
2,1,2.295575,0.438362,1.184319,True,,0.5296611154141482,653.376236484296,38.353395430678006,-5.07837504140748,-35.874438555563,3.1025154768645404e-05,3.0792377182589274,0.008272014534636008,0.268625,0.04477091444863213,0.04477091444863213,0.5296611154141482,0.27
2,2,4.393244,0.334491,0.946328,True,,0.14291222320077657,1438.649008754028,78.02451113446482,-23.433818460396676,-75.54555425934981,3.4047340781621703e-06,2.366784603779722,0.01685840220719276,0.238291,0.0397151482767529,0.0397151482767529,0.14291222320077657,0.51
2,3,5.892039,0.300392,1.045553,False,min_image,,,,,,,,,0.009055,0.0015091388093100653,0.0015091388093100653,0.14291222320077657,0.52
2,4,5.429164,0.419099,1.104908,False,blowup,,,,,,,,,0.245996,0.04099928445286221,0.04099928445286221,0.14291222320077657,0.76
2,5,4.489928,0.379755,1.115926,True,,0.004877632403619478,1255.0644870918418,91.64652465162085,10.898605504351842,-89.16756777650585,1.256520583802904e-06,2.4773282083206674,0.005782866250133077,0.262205,0.04370083835389879,0.04370083835389879,0.004877632403619478,1.02
2,6,2.809487,0.372855,1.022192,True,,0.361151996161817,986.6495195150352,44.9217144195695,1.0072029429325025,-42.442757544454494,1.5255436164445534e-05,2.685109952133506,0.010032343819823762,0.268422,0.04473700669076708,0.04473700669076708,0.004877632403619478,1.29
2,7,2.238892,0.444838,0.989106,True,,0.5905022044743278,598.6769396966364,31.235844881989966,-1.7870982250428984,-28.756888006874966,3.3334003717908695e-05,3.167146929354984,0.010862223931629193,0.25735,0.04289158390627967,0.04289158390627967,0.004877632403619478,1.55
2,8,3.015082,0.299753,0.954518,True,,0.40916151363230574,1653.9915640014178,45.13943249422949,-11.756690704557487,-42.660475619114486,1.2443340897068441e-05,2.2639635021657196,0.0018452866965450328,0.257838,0.04297306193245782,0.04297306193245782,0.004877632403619478,1.81
2,9,4.494159,0.45,0.9,False,blowup,,,,,,,,,0.0044,0.0007333105802536011,0.0007333105802536011,0.004877632403619478,1.81
2,10,3.912958,0.361028,1.2,True,,0.11296204383423997,1197.7912165228488,74.82377459592927,-15.10628955912887,-72.34481772081426,4.409070350919725e-06,2.518168434455185,0.016759080739187828,0.256449,0.04274146060148875,0.04274146060148875,0.004877632403619478,2.07
2,11,1.509038,0.365359,0.904925,True,,0.6715848648442393,656.913283378575,12.267494849897783,5.266793094503164,-9.788537974782784,0.00011861012474950493,3.0883824664658586,0.01104434377410826,0.192221,0.03203682197464837,0.03203682197464837,0.004877632403619478,2.26
2,12,1.693519,0.28,1.193878,False,min_image,,,,,,,,,0.024711,0.004118440217441983,0.004118440217441983,0.004877632403619478,2.29
2,13,4.467905,0.377633,1.115927,True,,0.04293977966333718,1169.4157068115926,89.61977469134342,-5.301757671684244,-87.14081781622842,2.3224220924745177e-06,2.549198344268508,0.012628464166289353,0.241865,0.04031082332134247,0.04031082332134247,0.004877632403619478,2.53
2,14,4.419215,0.373914,1.111377,True,,0.06218712345549303,1155.1363028358078,87.14935964834558,8.68247297133945,-84.67040277323058,3.1552834387970084e-06,2.5529030514441264,0.0009209799250032626,0.31136,0.051893296705351935,0.051893296705351935,0.004877632403619478,2.84
2,15,3.377258,0.309698,0.9,True,,0.33983883048338115,1580.8759088075121,52.468871712071994,22.152899818639224,-49.98991483695699,1.006565090442471e-05,2.2985584840210556,0.007382268869932697,0.307221,0.05120343499713474,0.05120343499713474,0.004877632403619478,3.15
2,16,4.437043,0.381932,1.095253,True,,0.07945380536766344,1100.3718910701343,87.96705992834414,8.961563999004902,-85.48810305322914,2.0425727272380675e-06,2.5950425839330036,0.006933102918503147,0.303803,0.050633793671925865,0.050633793671925865,0.004877632403619478,3.45
2,17,1.753724,0.39504,0.984252,True,,0.6134046281252994,692.5365502918784,20.280235242733234,-12.90023656987588,-17.801278367618234,6.248367522699003e-05,3.020504505365795,0.011560870680728946,0.283852,0.047308641340997486,0.047308641340997486,0.004877632403619478,3.73
2,18,4.176601,0.341649,1.100861,True,,0.11774536956885082,1370.589219918284,77.68319955074175,16.95118364659074,-75.20424267562674,4.219029260252433e-06,2.4053040155986785,0.003977316426623042,0.290574,0.048428930905130174,0.048428930905130174,0.004877632403619478,4.02
2,19,4.553856,0.375975,1.063181,True,,0.04406629026751852,1164.889920711777,89.74202768182363,9.687917550648582,-87.26307080670863,1.6187478716688786e-06,2.5456233477719308,0.011233308514308944,0.22666,0.0377767296632131,0.0377767296632131,0.004877632403619478,4.25
2,20,3.085026,0.34093,1.2,True,,0.2128377516290647,1262.0207766092242,52.525362222772294,-22.291211048576006,-50.04640534765729,1.0380951688366961e-05,2.4768281671417793,0.004831534395717589,0.210425,0.03507086005475786,0.03507086005475786,0.004877632403619478,4.46
2,21,1.0,0.394718,1.2,True,,0.8607675558625475,292.653204330047,4.177366503364195,37.27109232322167,-1.6984096282491952,0.00037608830535524587,4.087814870049242,0.003069712335387282,0.194922,0.03248695896731483,0.03248695896731483,0.004877632403619478,4.66
2,22,3.503477,0.362042,1.2,True,,0.1901976911863142,1147.0989461287422,64.43265013279748,-29.730064042737517,-61.953693257682474,8.243872687024242e-06,2.5518407818223086,0.0099778648880855,0.209559,0.03492652773857117,0.03492652773857117,0.004877632403619478,4.87
2,23,1.0,0.45,1.2,True,,0.8590904236517627,273.6512861204315,5.856710221381071,25.458789822062577,-3.377753346266072,0.0003481611193341725,4.160030967007643,0.007005855831150907,0.193633,0.0322720863421758,0.0322720863421758,0.004877632403619478,5.06
2,24,2.466077,0.353284,1.2,True,,0.3595046912590614,1079.2189964200902,38.52745016873687,30.394707553808463,-36.04849329362187,2.1994233260387666e-05,2.608971953660036,0.01418007608158915,0.208207,0.03470115893416935,0.03470115893416935,0.004877632403619478,5.27
2,25,3.537248,0.282668,1.2,False,min_image,,,,,,,,,0.004017,0.0006694671842787001,0.0006694671842787001,0.004877632403619478,5.27
2,26,2.827473,0.304569,0.9,True,,0.39310284907561654,1543.7172059126615,40.087724044566606,9.65410643691529,-37.6087671694516,1.4490210695863409e-05,2.3144963586729257,0.010424190043122537,0.202698,0.0337830732928382,0.0337830732928382,0.004877632403619478,5.47
2,27,1.638603,0.43893,1.061235,True,,0.6767070220915117,540.1161062930709,19.781339086250917,0.47049674149713155,-17.302382211135917,7.222539151077403e-05,3.274248036109113,0.015189409580078186,0.196472,0.03274527139133877,0.03274527139133877,0.004877632403619478,5.67
2,28,3.89942,0.335357,1.2,False,min_image,,,,,,,,,0.007951,0.0013251845041910807,0.0013251845041910807,0.004877632403619478,5.68
2,29,3.638386,0.36622,1.084214,True,,0.18980806713242526,1126.3480193844332,66.0041452561648,-16.317586412542113,-63.52518838104981,6.320835839919192e-06,2.568278271919324,0.010544694769994579,0.20479,0.03413170079390208,0.03413170079390208,0.004877632403619478,5.88
2,30,3.607389,0.366001,1.080388,True,,0.19755794376960306,1120.9691964018841,64.98263218007699,24.678623425665084,-62.503675304961995,6.259689147436804e-06,2.5725166698628783,0.0011724406797037122,0.242154,0.04035903884304894,0.04035903884304894,0.004877632403619478,6.13
2,31,4.164214,0.342803,1.08969,True,,0.1159485371979655,1360.5355118850982,77.2831987010001,21.850263782517153,-74.8042418258851,4.922758342081332e-06,2.413160219529206,0.0036696607730414567,0.320159,0.05335977660285102,0.05335977660285102,0.004877632403619478,6.45
2,32,4.179856,0.34626,1.063565,True,,0.1020648840572251,1327.2871321006994,77.40569858820585,12.603588019488148,-74.92674171309085,3.7201009615631826e-06,2.429620406163321,0.007765446972507425,0.328328,0.054721396962801615,0.054721396962801615,0.004877632403619478,6.77
2,33,4.236774,0.342694,1.098023,True,,0.10823858025120044,1369.424160596984,79.32918504902209,13.807648427642494,-76.85022817390708,3.450611342837807e-06,2.4120407282384764,0.012863533331138865,0.332046,0.05534107585748037,0.05534107585748037,0.004877632403619478,7.11
2,34,3.019711,0.341925,1.193139,True,,0.22388388946682203,1247.0681320405522,51.07258537856871,16.631963508960784,-48.59362850345371,1.2555392868868777e-05,2.4862243678827016,0.00486515596264363,0.331307,0.055217835240893895,0.055217835240893895,0.004877632403619478,7.44
2,35,4.413649,0.334729,0.91693,True,,0.14340366621794254,1436.9752546549225,77.81403256842182,-1.230313399625499,-75.33507569330682,2.9126751149722183e-06,2.3736497157257834,0.004276421572552853,0.301412,0.050235257148742676,0.050235257148742676,0.004877632403619478,7.74
2,36,2.39265,0.300164,0.930189,True,,0.42376601387096047,1496.2431392722265,31.073986042691647,5.987404799625519,-28.595029167576648,2.4140792232535415e-05,2.3306590550435087,0.0039065846564960045,0.308187,0.05136456032594045,0.05136456032594045,0.004877632403619478,8.05
2,37,1.609814,0.443822,1.034409,True,,0.6948247203415356,513.236253086859,18.427709042385835,4.976032405400854,-15.948752167270834,7.169666823144746e-05,3.3444105834457503,0.003314013094730179,0.306407,0.0510677609178755,0.0510677609178755,0.004877632403619478,8.35
2,38,4.549562,0.347602,1.05473,True,,0.0708594507879589,1374.9551154078238,86.53215235178534,-1.7593290132185195,-84.05319547667034,2.4981468004799464e-06,2.4047427983104983,0.0019774710422835236,0.325903,0.05431721554862128,0.05431721554862128,0.004877632403619478,8.68
2,39,4.244324,0.338874,0.967447,True,,0.1356990395950628,1386.445402129348,75.56225635263901,8.680987512886444,-73.08329947752401,3.367403941521375e-06,2.394493412991846,0.0012509075952968217,0.269334,0.044889068007469175,0.044889068007469175,0.004877632403619478,8.95
2,40,3.917606,0.364093,1.196891,True,,0.11949961706942022,1177.1104156315284,75.12944872827566,9.95547028584967,-72.65049185316066,5.042047654738306e-06,2.530583264783963,0.0034547162005078226,0.220511,0.03675185667143928,0.03675185667143928,0.004877632403619478,9.17
3,1,1.495074,0.422791,0.936399,True,,0.738030336898561,484.2236585622342,12.66230502810198,3.608496248043902,-10.18334815298698,0.000141064746255449,3.402751453023724,0.000296299639509523,0.253036,0.04217258340782589,0.04217258340782589,0.738030336898561,0.25
3,2,4.985179,0.354301,0.905624,True,,0.14361457786683715,1556.3072827587946,95.59497115408294,-2.8637706251357544,-93.11601427896794,1.4072810796382736e-07,2.310544014985339,0.014750621243014569,0.235122,0.039186936683124965,0.039186936683124965,0.14361457786683715,0.49
3,3,1.284415,0.322141,0.928065,True,,0.7991120777566731,439.1109991350909,4.807707282731419,44.42031551533704,-2.3287504076164196,0.00036136436623553157,3.5900895919859344,0.0017974838092714629,0.228006,0.03800093829631805,0.03800093829631805,0.14361457786683715,0.72
3,4,5.863766,0.304713,1.035952,False,min_image,,,,,,,,,0.0267,0.0044500469499164155,0.0044500469499164155,0.14361457786683715,0.74
3,5,2.509039,0.340164,1.047791,True,,0.3327675344386579,1167.388768184811,37.01769946260149,18.79468360773458,-34.53874258748649,2.0815559544698288e-05,2.537384430146411,0.003455349156441335,0.195365,0.032560782233874,0.032560782233874,0.14361457786683715,0.94
3,6,7.39311,0.41019,1.192094,False,min_image,,,,,,,,,0.004241,0.0007068121433258057,0.0007068121433258057,0.14361457786683715,0.94
3,7,3.816525,0.373971,0.991908,True,,0.19686357606739546,1079.4920592545093,68.10838685427159,-5.6112878699904085,-65.62942997915658,4.787903707361839e-06,2.609835855650365,0.015386770431406472,0.198203,0.033033812244733174,0.033033812244733174,0.14361457786683715,1.14
3,8,5.10634,0.326736,1.036382,True,,0.3084453869634721,1879.8695595431986,102.19607988187269,-30.78162502836326,-99.71712300675769,2.683916394304745e-07,2.1649733032797935,0.005899022347543821,0.221939,0.0369897719224294,0.0369897719224294,0.14361457786683715,1.36
3,9,4.649483,0.28,1.2,False,min_image,,,,,,,,,0.004617,0.0007694372865888808,0.0007694372865888808,0.14361457786683715,1.37
3,10,4.891423,0.330114,1.030287,True,,0.18689081993475873,1683.5498809675917,94.2698196540234,45.045099314936095,-91.79086277890839,1.1988401046893443e-06,2.24129037138967,0.024113879812122728,0.25818,0.04303001668718126,0.04303001668718126,0.14361457786683715,1.63
3,11,1.0,0.426725,0.9,True,,0.9050424543995927,204.75369537138175,2.475704419112211,44.09941395016386,0.0032524560027886312,0.0005786746604625323,4.623192380549729,0.006696629521705741,0.240449,0.040074901382128394,0.040074901382128394,0.14361457786683715,1.87
3,12,3.63905,0.370323,0.967238,True,,0.2266342672358988,1080.9959521801609,62.5813684740052,11.228843788985,-60.1024115988902,7.070809878833773e-06,2.610042045222745,0.002911974182846409,0.25285,0.04214162084791395,0.04214162084791395,0.14361457786683715,2.12
3,13,5.133959,0.356184,0.9,True,,0.1894932681285355,1610.5943586944838,100.01917448057749,-84.99901120749945,-97.54021760546249,3.5282951992999714e-07,2.272161614437809,0.004183385218427525,0.31941,0.05323493248886532,0.05323493248886532,0.14361457786683715,2.44
3,14,2.79724,0.375877,0.963239,True,,0.38313353625450525,957.8718548183605,43.00210359456721,-1.2769198987168124,-40.52314671945221,1.5012991799055136e-05,2.7121533847986945,0.0028980602774305404,0.291337,0.04855611410405901,0.04855611410405901,0.14361457786683715,2.73
3,15,4.856594,0.352839,0.913835,True,,0.09028419389439248,1482.6447013638797,90.78431916522013,-11.697366296255893,-88.30536229010512,4.1407978788042466e-07,2.349233568123824,0.008854267530874739,0.27911,0.046518280042542354,0.046518280042542354,0.09028419389439248,3.01
3,16,4.723762,0.351365,0.925316,True,,0.07623650394373785,1395.8579488550733,87.06509721184212,28.180304592146562,-84.58614033672711,1.0086994046579542e-06,2.392992389514987,0.026106653424629426,0.294077,0.04901283661524455,0.04901283661524455,0.07623650394373785,3.3
3,17,1.0,0.41619,0.9,True,,0.9023274897585768,212.7049195380411,2.3948427651137405,43.867300753937826,0.08411411000125929,0.0005361098255811285,4.565392205151762,0.009531477612870997,0.274484,0.04574737952815162,0.04574737952815162,0.07623650394373785,3.58
3,18,5.083455,0.350656,0.964686,True,,0.2417793434179385,1699.6992027454473,103.09170807212544,18.087526071591807,-100.61275119701044,1.7188389422598934e-07,2.229408563167674,0.008106262494535813,0.290318,0.04838634696271685,0.04838634696271685,0.07623650394373785,3.87
3,19,4.523451,0.351892,0.901406,True,,0.07272035859970709,1286.2501076833016,79.77884880286065,-7.458312521277589,-77.29989192774565,3.5794425954196926e-06,2.4615418537354934,1.3816681603214036e-05,0.305643,0.05094051029947069,0.05094051029947069,0.07272035859970709,4.17
3,20,3.432887,0.330654,1.159585,True,,0.22655205514613921,1395.0919319472523,59.65227310834859,-4.3382771245431595,-57.173316233233585,8.442875951741409e-06,2.394156978297546,0.0042196277898863795,0.33106,0.05517673823568556,0.05517673823568556,0.07272035859970709,4.5
3,21,4.264302,0.352193,0.9,True,,0.09592500929273075,1257.4775637999144,73.60835340583664,37.04925586258474,-71.12939653072164,5.043594184105333e-06,2.4749028545074294,0.0050155377309954305,0.314165,0.052360832823647396,0.052360832823647396,0.07272035859970709,4.82
3,22,4.574871,0.352377,1.092088,True,,0.06830276744705048,1402.746825582321,89.0071998274906,-37.19496728436018,-86.52824295237559,2.146017296192905e-06,2.3880962782427098,0.007205893601573437,0.318915,0.05315244052145216,0.05315244052145216,0.06830276744705048,5.14
3,23,1.0,0.332241,0.9,True,,0.8917256988506649,253.0162533047249,1.4092929214406176,54.00900441733651,1.0696639536743822,0.0006073602222387631,4.327235648662946,0.0007597345387671104,0.307224,0.051203971107800804,0.051203971107800804,0.06830276744705048,5.44
3,24,4.73214,0.367443,0.9,True,,0.04975326651534651,1328.682156864774,87.02729287079183,-31.68138072101137,-84.54833599567682,9.98160350042869e-07,2.4369173922920733,0.003061648209160944,0.31682,0.05280334969361623,0.05280334969361623,0.04975326651534651,5.76
3,25,4.791664,0.368498,1.2,False,min_image,,,,,,,,,0.009855,0.0016425489054785834,0.0016425489054785834,0.04975326651534651,5.77
3,26,4.574925,0.362768,1.08564,True,,0.028704036104617015,1321.8526336815935,90.36438232742204,38.76651129549528,-87.88542545230703,1.6562091852179878e-06,2.444282492154293,0.01603320503971924,0.327295,0.05454909549819099,0.05454909549819099,0.028704036104617015,6.1
3,27,3.320823,0.347429,1.140692,True,,0.1885531558973709,1238.0369928314576,58.15585713680037,21.122600913606245,-55.67690026168537,6.52930181466178e-06,2.4924648023498612,0.0029282934461453817,0.32218,0.05369674722353617,0.05369674722353617,0.028704036104617015,6.42
3,28,3.91184,0.369356,1.081858,True,,0.15161920470384044,1127.2153325289553,72.89179929242701,8.331044554017202,-70.412842417312,4.3967195772331636e-06,2.565033197277052,0.013743362467308666,0.229133,0.038188768095440334,0.038188768095440334,0.028704036104617015,6.65
3,29,4.703145,0.41582,1.079552,True,,0.0903072084378611,1278.3450698669665,105.99360316431918,-35.31394101715468,-103.51464628920418,6.472546324137638e-08,2.461095793226149,0.026568423578246948,0.20065,0.03344169749153985,0.03344169749153985,0.028704036104617015,6.85
3,30,4.508541,0.331223,1.085327,True,,0.13948982237847146,1521.8601561313312,84.66472312173924,-16.525439215261354,-82.18576624662424,2.6555705973200556e-06,2.3293125511230954,0.004163448001263285,0.212143,0.03535713725619846,0.03535713725619846,0.028704036104617015,7.06
3,31,3.716217,0.45,1.077292,False,blowup,,,,,,,,,0.003824,0.0006373780303531223,0.0006373780303531223,0.028704036104617015,7.07
3,32,4.538689,0.415652,1.066651,True,,0.1362065796085696,924.3872853679703,91.63578548024512,-5.478320527932943,-89.15682860513012,2.6234710479490996e-06,2.7484960887534524,0.009425939879577069,0.213733,0.0356221905681822,0.0356221905681822,0.028704036104617015,7.28
3,33,4.679462,0.363263,1.078818,True,,0.06884965326395157,1392.1094656687192,93.86156396345,5.484694172974341,-91.38260708833499,8.053158801881108e-07,2.406388890849316,0.013868924307132406,0.202492,0.03374867452515496,0.03374867452515496,0.028704036104617015,7.48
3,34,2.88369,0.342597,1.127463,True,,0.2591033029324978,1215.251326893884,46.96345415288471,5.986936153682752,-44.484497277769705,1.493728742208754e-05,2.5066279143593784,0.0053837105741067984,0.211286,0.03521437757545047,0.03521437757545047,0.028704036104617015,7.69
3,35,4.916363,0.35661,1.098225,True,,0.2259981181765085,1649.7327573566654,103.83280108770454,-18.911080776343812,-101.35384421258954,4.884529914328853e-07,2.2530292587306695,0.03710222668609097,0.213095,0.035515799787309434,0.035515799787309434,0.028704036104617015,7.91
3,36,8.0,0.349073,0.911277,False,blowup,,,,,,,,,0.006221,0.001036789682176378,0.001036789682176378,0.028704036104617015,7.91
3,37,3.965442,0.358424,1.078571,True,,0.11626598161227387,1210.7090292175608,73.288318572569,23.792023398493225,-70.809361697454,5.778448012814945e-06,2.5119799221897328,9.797097322744992e-05,0.214142,0.035690398282474944,0.035690398282474944,0.028704036104617015,8.13
3,38,4.654503,0.410842,1.067701,True,,0.07113939367862505,1214.9228843169685,100.80336335011698,26.942155930152726,-98.32440647500198,1.3718517173337627e-07,2.4971675969089295,0.028346860966906934,0.211848,0.0353079570002026,0.0353079570002026,0.028704036104617015,8.34
3,39,3.236788,0.331016,1.142881,True,,0.24188964733810958,1367.6092282577267,54.87344573202693,8.827881108686107,-52.39448885691193,9.997408432460546e-06,2.4103746264468553,0.005811961395256254,0.225738,0.0376229938533571,0.0376229938533571,0.028704036104617015,8.56
3,40,4.404736,0.361858,1.086274,True,,0.04408619448793747,1234.6057296524402,84.69697264899,-33.779898575773636,-82.218015773875,3.5039957314433266e-06,2.492672573273367,0.0017522973467482472,0.299751,0.04995849662356906,0.04995849662356906,0.028704036104617015,8.86
4,1,7.30435,0.309358,1.156686,False,min_image,,,,,,,,,0.005517,0.0009194610516230265,0.0009194610516230265,,0.01
4,2,5.263249,0.381585,0.942439,True,,0.2510305643697266,1579.7301673580473,113.45087705923311,-98.60552933629667,-110.9719201841181,3.6113679439507065e-07,2.2827778594674184,0.04157063140419105,0.262753,0.043792111741171945,0.043792111741171945,0.2510305643697266,0.27
4,3,2.571541,0.398731,1.170954,True,,0.42933146516258935,837.8584583796253,43.272735234444106,4.95366287061122,-40.7937783593291,2.1684126291684722e-05,2.835099321620654,0.0006320571982812121,0.24297,0.04049497385819753,0.04049497385819753,0.2510305643697266,0.51
4,4,5.430742,0.280877,1.071707,False,min_image,,,,,,,,,0.006192,0.0010319816403918797,0.0010319816403918797,0.2510305643697266,0.52
4,5,3.530474,0.382702,1.01753,True,,0.2610079026582135,1000.1600638097487,62.17093726715307,-7.491438733570779,-59.69198039203807,9.913980666076607e-06,2.6729332096607283,0.009331982472790367,0.246913,0.041152238117323985,0.041152238117323985,0.2510305643697266,0.76
4,6,6.683634,0.384129,0.979942,False,blowup,,,,,,,,,0.008678,0.0014463599522908529,0.0014463599522908529,0.2510305643697266,0.77
4,7,5.5074,0.417881,0.905707,True,,0.19078672331246388,1356.8909101048741,118.60090708569778,-64.89454794436386,-116.12195021058278,4.382045989224166e-08,2.4159266274970266,0.0010843639371721611,0.245998,0.04099973996480306,0.04099973996480306,0.19078672331246388,1.02
4,8,1.278463,0.440651,1.033905,True,,0.7907315987056738,389.6419637703167,9.910260746391586,5.057803494341918,-7.431303871276587,0.00016738700059626963,3.6681244589073683,0.010950796622289677,0.250658,0.041776259475284155,0.041776259475284155,0.19078672331246388,1.27
4,9,5.228843,0.393058,0.928786,True,,0.15532422746300917,1397.7597249259463,109.19134333957321,76.04490092157265,-106.7123864644582,5.30929563185867e-08,2.386376655778761,0.020612877348898224,0.256028,0.04267137083742353,0.04267137083742353,0.15532422746300917,1.53
4,10,4.585341,0.444696,0.911633,True,,0.2722316926197568,744.6638621894206,78.60417248735773,21.594108035980963,-76.12521561224273,3.1286321792172122e-06,2.9510247092780597,0.00825496449799679,0.247733,0.041288754410213895,0.041288754410213895,0.15532422746300917,1.77
4,11,2.447907,0.421598,1.06479,True,,0.503691556634171,715.5706826442107,38.582322865003675,8.72367385311589,-36.10336598988867,2.4793734857394267e-05,2.984680866444852,0.0006755885383104239,0.253301,0.042216828929053415,0.042216828929053415,0.15532422746300917,2.03
4,12,1.0,0.293345,0.9,True,,0.8905158867363228,263.95811837794724,0.8382281527740763,58.40731493993397,1.6407287223409235,0.0007104584850791883,4.278882153433078,0.003421168391543209,0.287538,0.047922976083225675,0.047922976083225675,0.15532422746300917,2.31
4,13,2.361181,0.28,1.000024,True,,0.532350024703838,1759.4360990466864,30.344244815128803,-25.27124711637517,-27.865287940013804,2.2751545670442807e-05,2.21810023389082,0.011086023203920022,0.322172,0.05369540340370602,0.05369540340370602,0.15532422746300917,2.64
4,14,5.209576,0.406795,0.913717,True,,0.09351574806517227,1284.3674322431068,106.14205596499207,-5.470467351841217,-103.66309908987706,7.493479868569933e-08,2.4636963508523695,0.001400447994851945,0.287483,0.047913816968599955,0.047913816968599955,0.09351574806517227,2.92
4,15,5.296386,0.419457,0.900823,True,,0.08999713129142621,1265.1906347246324,106.88841959883682,35.88305849270054,-104.40946272372182,1.5003335807141227e-07,2.4687526058687586,0.017591169823815547,0.288565,0.04809413784080081,0.04809413784080081,0.08999713129142621,3.21
4,16,4.81162,0.402471,0.942605,True,,0.05533651688885151,1152.2127741828542,93.39241776054762,4.707244972531237,-90.91346088543261,3.678332833413127e-07,2.5528463076578896,0.0009158217502591338,0.297185,0.049530801640616524,0.049530801640616524,0.05533651688885151,3.51
4,17,3.52863,0.421342,0.984618,True,,0.3468060211712539,796.8586055929379,61.257231428334215,31.516515024355726,-58.77827455321921,8.549221000995269e-06,2.8853598420255318,0.01273385620511818,0.276901,0.046150204141934714,0.046150204141934714,0.05533651688885151,3.79
4,18,1.832151,0.289918,1.195097,False,min_image,,,,,,,,,0.029862,0.004976932538880242,0.004976932538880242,0.05533651688885151,3.82
4,19,2.71055,0.425289,1.163234,True,,0.4433177185694248,739.8995615113247,47.8110416400003,-4.498134525397538,-45.332084764885295,1.563757097660311e-05,2.9536961335906216,0.003781567880848669,0.307925,0.051320782237582734,0.051320782237582734,0.05533651688885151,4.12
4,20,2.490475,0.305315,0.95993,True,,0.39949591948979224,1475.5447813268845,33.99436113723995,-13.071149591400232,-31.51540426212495,1.8887808544841168e-05,2.352913592407736,0.009504329241437138,0.325432,0.05423864252037472,0.05423864252037472,0.05533651688885151,4.45
4,21,4.809962,0.407,0.950962,True,,0.09326822901742088,1033.8759481831116,91.73857426466007,44.13590660875046,-89.25961738954507,2.0341144185512335e-06,2.6476408453862574,0.022213073034218152,0.315763,0.052627091407775876,0.052627091407775876,0.05533651688885151,4.77
4,22,4.80953,0.392278,0.939524,True,,0.0465935771352207,1148.8112605181605,91.55522549756805,-9.228828740065405,-89.07626862245304,7.232543744743393e-07,2.556664679775093,0.014178143038481196,0.313996,0.05233273386955261,0.05233273386955261,0.0465935771352207,5.08
4,23,4.659007,0.396253,0.937491,True,,0.13103263754838443,1001.489361013048,85.73030865326702,-20.230593295312495,-83.25135177815201,3.18162515988524e-06,2.674636078461657,0.006990897034359802,0.318068,0.0530113877190484,0.0530113877190484,0.0465935771352207,5.4
4,24,4.896089,0.388572,0.941564,True,,0.048072297140590435,1297.482600809241,96.92293694668781,-11.211968554298052,-94.44398007157281,4.880731437623264e-07,2.464553488399529,0.012332447543247601,0.323834,0.053972386452886795,0.053972386452886795,0.0465935771352207,5.72
4,25,5.114927,0.436448,0.916349,True,,0.1309165107681007,1032.568925157637,98.49604541540857,-16.07868581728918,-96.01708854029357,2.3331432530418394e-07,2.6452142087336443,0.024659620351930367,0.317709,0.052951545516649885,0.052951545516649885,0.0465935771352207,6.04
4,26,2.809819,0.365753,1.019544,True,,0.3462754573969885,1029.8313200025734,44.50659361306614,8.496717334205945,-42.027636737951134,1.7431142600720186e-05,2.6455651855535023,0.0028990260153532216,0.318634,0.053105716109275815,0.053105716109275815,0.0465935771352207,6.36
4,27,4.898842,0.396037,0.937032,True,,0.04506138574966267,1200.6512200949799,95.02512407281111,77.69161052236886,-92.54616719769611,5.770463280906313e-07,2.513322258819096,0.0019561383784324005,0.309725,0.051620842152171664,0.051620842152171664,0.04506138574966267,6.67
4,28,1.261985,0.45,0.98553,True,,0.826472817901339,323.76739618121627,8.169015599926192,12.804758495547803,-5.690058724811192,0.00024081685963405622,3.9173537645812173,0.001026726726077947,0.305911,0.05098510166009267,0.05098510166009267,0.04506138574966267,6.97
4,29,4.858552,0.28,0.937415,True,,0.425296191208356,2242.855158550343,84.78603235144696,105.57367104526685,-82.30707547633196,1.8701245042756294e-06,2.0420379683417265,0.003521725736288847,0.342908,0.0571512805753284,0.0571512805753284,0.04506138574966267,7.32
4,30,4.99481,0.350367,0.927438,True,,0.1681048505259599,1606.5615135576322,96.4181138401108,5.242287148293617,-93.9391569649958,5.228317231168752e-07,2.2910709330244914,0.0057862076502155765,0.30215,0.05035837193330129,0.05035837193330129,0.04506138574966267,7.62
4,31,3.327407,0.28,1.006235,True,,0.5168411205253031,2016.6537315362277,51.76731400606418,-14.971335305689129,-49.28835713094918,9.368492094395476e-06,2.1154473876506974,0.0015377561728906872,0.316782,0.052796930736965605,0.052796930736965605,0.04506138574966267,7.94
4,32,3.80669,0.28,0.939523,True,,0.4930252711489239,2090.82292345472,61.46527321477019,9.636859814186389,-58.98631633965519,5.145856734232443e-06,2.092290464363886,0.009809525797197542,0.32218,0.05369660139083862,0.05369660139083862,0.04506138574966267,8.26
4,33,2.457877,0.45,0.988337,True,,0.5618848106413759,603.6738834805245,36.0828613190168,-3.6667322789987504,-33.6039044439018,2.9163239760822607e-05,3.161058760073739,0.008411838143062105,0.318539,0.05308987942006853,0.05308987942006853,0.04506138574966267,8.58
4,34,4.856282,0.45,0.940818,True,,0.21128576846950123,761.2348559505882,88.498015018157,7.782562438998134,-86.019058143042,2.3871192353269183e-06,2.923277058237541,0.0021341606772813417,0.287093,0.04784875167740716,0.04784875167740716,0.04506138574966267,8.86
4,35,2.598299,0.28,0.9,True,,0.5350970244024575,1821.162938310268,34.30800858532169,8.600524970221745,-31.829051710206684,1.9017109944951432e-05,2.190151043477947,0.00938087020523143,0.230915,0.03848590109083388,0.03848590109083388,0.04506138574966267,9.09
4,36,2.738864,0.284531,1.142266,False,min_image,,,,,,,,,0.007592,0.0012653455469343398,0.0012653455469343398,0.04506138574966267,9.1
4,37,2.281558,0.421767,1.186861,True,,0.5115279640449472,711.7782846277605,37.43034037445678,-5.26737101660198,-34.95138349934178,2.7953269358314185e-05,2.999979830608319,0.007325301875965947,0.179615,0.029935894740952387,0.029935894740952387,0.04506138574966267,9.28
4,38,3.019679,0.28,0.978507,True,,0.5297606880797973,1950.9257836368392,44.66289862751278,-2.078274829521875,-42.18394175239778,1.1210187261040305e-05,2.140222857583502,0.007953092574189987,0.164675,0.027445834742652046,0.027445834742652046,0.04506138574966267,9.45
4,39,3.631695,0.334673,0.994409,True,,0.20225728356643818,1362.7857723934467,61.73773231192195,-5.601552236273625,-59.25877543680695,7.65936376995983e-06,2.411315258913673,0.00046017879609886017,0.153024,0.025503964755270215,0.025503964755270215,0.04506138574966267,9.6
4,40,1.57869,0.320509,0.972481,True,,0.5391003466710379,963.5001821728381,14.209136955355957,3.2079861808498125,-11.730180080240958,7.342013326698821e-05,2.707318127572262,0.0050285187611238255,0.129923,0.02165386113855574,0.02165386113855574,0.04506138574966267,9.73
5,1,1.386261,0.421326,1.009121,True,,0.7442786476735295,476.4347282368333,12.088361560836724,8.543440587085685,-9.609404685721724,0.00014092211915803004,3.430076095868984,0.008865023749189132,0.255111,0.04251855585310194,0.04251855585310194,0.7442786476735295,0.26
5,2,7.856115,0.29527,1.019021,False,min_image,,,,,,,,,0.006848,0.0011413607994715373,0.0011413607994715373,0.7442786476735295,0.26
5,3,3.478966,0.362728,1.197246,True,,0.19338209936636958,1143.6689253580446,64.1011265361233,-2.4796724418509757,-61.6221696610083,7.129615875449886e-06,2.557028202548094,0.002913940395396142,0.244687,0.04078109668360816,0.04078109668360816,0.19338209936636958,0.51
5,4,6.657972,0.390408,1.145842,False,min_image,,,,,,,,,0.006596,0.0010993613137139215,0.0010993613137139215,0.19338209936636958,0.51
5,5,2.697783,0.409943,0.93327,True,,0.47922763949853797,764.7611344474572,39.477595012792946,-5.419950231626504,-36.99863813767794,2.6874200551259536e-05,2.9264737462946413,0.0021443424294729503,0.238927,0.03982110526826647,0.03982110526826647,0.19338209936636958,0.75
5,6,2.429083,0.300246,1.163371,False,min_image,,,,,,,,,0.015289,0.0025482427411609226,0.0025482427411609226,0.19338209936636958,0.77
5,7,4.665727,0.363663,1.119561,True,,0.06515921713410092,1368.5926159506937,94.89050322445125,1.4136426785628782,-92.41154634933625,9.729364944568843e-07,2.413217585198042,0.0028795975872676197,0.254438,0.04240640229649014,0.04240640229649014,0.06515921713410092,1.02
5,8,1.102065,0.295872,1.147966,True,,0.8589027492215583,328.8304085421086,1.9006411727222483,61.24276665122338,0.5783157023927515,0.000538191091346709,3.976657517370587,0.007696085933113361,0.253051,0.042175165017445886,0.042175165017445886,0.06515921713410092,1.27
5,9,4.012102,0.384734,1.085827,True,,0.16367436434833255,1042.337311716243,76.8356336430074,-0.7066240086795998,-74.3566767678924,5.4760316812972186e-06,2.633502415490709,0.017245802633663886,0.259152,0.043192015753851995,0.043192015753851995,0.06515921713410092,1.53
5,10,4.550433,0.28,0.932595,True,,0.4447155698969506,2199.19607827639,78.09454053427905,9.8297256579427,-75.61558365916405,2.690642643516979e-06,2.0566498470513146,0.008756410565467923,0.259089,0.043181499441464745,0.043181499441464745,0.06515921713410092,1.79
5,11,3.589103,0.373611,1.169528,True,,0.20127992467683065,1081.125519958391,67.18648924901584,6.400311237826446,-64.70753237390083,5.730158460870494e-06,2.6094908613725805,0.004955188996863287,0.25783,0.04297167082627614,0.04297167082627614,0.06515921713410092,2.05
5,12,4.586106,0.362052,1.109603,True,,0.011269104124732723,1283.3347905939193,90.75215873274321,17.643372256163673,-88.27320185762821,1.595701796844672e-06,2.4609948753586117,0.022096748809561056,0.312094,0.05201567139890459,0.05201567139890459,0.011269104124732723,2.36
5,13,3.025555,0.45,1.2,False,blowup,,,,,,,,,0.005758,0.0009596875641081068,0.0009596875641081068,0.011269104124732723,2.37
5,14,4.044078,0.370883,1.095813,True,,0.12820777516024695,1133.5572575036606,76.69406919226456,-8.758570518563584,-74.21511231714956,6.08640060031443e-06,2.5641599504086146,0.01876887359535615,0.304176,0.05069596118397183,0.05069596118397183,0.011269104124732723,2.67
5,15,3.550331,0.341915,1.2,True,,0.16980077754234146,1312.9148865113846,64.03845069369562,-1.8685315832594642,-61.55949381858062,6.963567503716307e-06,2.438538291084256,0.015360881270152787,0.294633,0.04910558309819963,0.04910558309819963,0.011269104124732723,2.97
5,16,2.706069,0.410985,0.9,True,,0.4922060554264832,752.6172553068528,37.9936963922564,-10.970069661452834,-35.5147395171414,1.9062462710107258e-05,2.9425161913938105,0.00451864656275256,0.282519,0.04708645840485891,0.04708645840485891,0.011269104124732723,3.25
5,17,2.63868,0.39956,0.9,True,,0.479579475057605,799.5186454983733,36.90010456339385,2.658310957183907,-34.42114768827885,2.8411980508418744e-05,2.883290260763628,0.0004516780443299591,0.290702,0.048450348575909935,0.048450348575909935,0.011269104124732723,3.54
5,18,3.765652,0.345495,1.079785,True,,0.14283842073810651,1291.1199296719562,67.3695180424383,-32.157043358724444,-64.8905611673233,5.593115096539123e-06,2.4564807343112753,0.014887750236348772,0.28769,0.04794828222857581,0.04794828222857581,0.011269104124732723,3.83
5,19,4.520121,0.362063,1.072563,True,,0.025736059560087652,1242.6837905334744,87.45253991074256,-46.81860998507867,-84.97358303562756,2.9034349715094864e-06,2.4839500208997243,0.002286462308871968,0.308873,0.05147881746292114,0.05147881746292114,0.011269104124732723,4.14
5,20,4.602953,0.358328,1.2,False,min_image,,,,,,,,,0.013159,0.002193110783894857,0.002193110783894857,0.011269104124732723,4.15
5,21,4.659962,0.363277,1.111669,True,,0.036803402705819506,1315.3057217461735,93.58313610833504,10.000692211945427,-91.10417923322004,1.055183344781118e-06,2.4473356108627486,0.014074464768598841,0.325711,0.05428519109884898,0.05428519109884898,0.011269104124732723,4.48
5,22,4.632083,0.362233,1.107571,True,,0.029670337004344537,1314.076714852024,92.37379261615261,17.313064246534843,-89.89483574103761,1.8929179279364805e-06,2.4439688174296084,0.01949321624436894,0.325831,0.05430514858828651,0.05430514858828651,0.011269104124732723,4.8
5,23,4.456135,0.35035,1.079842,True,,0.058320175952934275,1324.8718954448514,85.19257991989198,-29.65761128681204,-82.71362304477698,2.5040948876802607e-06,2.438657463349625,0.003798146113937505,0.318843,0.05314058330323961,0.05314058330323961,0.011269104124732723,5.12
5,24,4.519458,0.389087,1.053463,True,,0.08873760820080842,1062.9687514983023,88.98218030241036,36.22469041181576,-86.50322342729535,2.573785613306088e-06,2.623870544906162,0.002257203125505995,0.322919,0.053819864723417495,0.053819864723417495,0.011269104124732723,5.44
5,25,3.819631,0.28,1.100653,False,min_image,,,,,,,,,0.009138,0.0015230655670166015,0.0015230655670166015,0.011269104124732723,5.45
5,26,3.79756,0.3554,1.076896,True,,0.13825581844258475,1215.985395634525,68.90461284673806,4.570148667925514,-66.42565597162306,5.542607576710673e-06,2.502309540506703,0.0007855635843817428,0.328695,0.05478255311648051,0.05478255311648051,0.011269104124732723,5.78
5,27,3.490599,0.352698,1.192924,True,,0.16756543563553083,1217.566977894994,63.455891899612766,-22.91553893916488,-60.97693502449776,6.944604077295994e-06,2.506303341558837,0.00267143422711201,0.337288,0.05621461113293966,0.05621461113293966,0.011269104124732723,6.12
5,28,4.561157,0.365468,1.112524,True,,0.006516789194307427,1270.9587469392848,90.72211821555126,24.48262855503401,-88.24316134043626,1.5538557400059718e-06,2.477197334735306,0.027645664408852657,0.317125,0.052854101392957896,0.052854101392957896,0.006516789194307427,6.44
5,29,4.415931,0.361559,1.061313,True,,0.04885788496136624,1227.233804252547,84.36161876174386,36.3107690392438,-81.88266188662885,3.1684602238030233e-06,2.5016663169972815,0.015404846232388358,0.3246,0.054099923372268675,0.054099923372268675,0.006516789194307427,6.76
5,30,3.770817,0.368518,1.132759,True,,0.16273393502121536,1128.0783427714962,70.80651060919178,25.176570565473277,-68.32755373407677,5.676378525365559e-06,2.572959840839325,0.019224047674276344,0.303546,0.05059091892507341,0.05059091892507341,0.006516789194307427,7.06
5,31,4.472669,0.31588,0.916544,True,,0.2238863653806235,1640.0469461612443,77.85111769007268,25.822256846722652,-75.37216081495768,3.6654191220496084e-06,2.2623166368379413,0.009609809364089271,0.218775,0.036462570230166115,0.036462570230166115,0.006516789194307427,7.28
5,32,4.30559,0.395945,1.07074,True,,0.13851556540604895,1001.3644348649102,84.3774496988432,-2.461612568841809,-81.89849282372819,3.435810473197815e-06,2.6781548912761344,0.01115488056504017,0.198997,0.03316614329814911,0.03316614329814911,0.006516789194307427,7.48
5,33,4.534889,0.373222,1.016437,True,,0.06360203658481435,1157.7181921109736,86.70513858973719,-30.55154879297345,-84.22618171462219,2.1640139769910364e-06,2.5410481304183836,0.0032685194540440277,0.205316,0.03421939366393619,0.03421939366393619,0.006516789194307427,7.69
5,34,4.432506,0.396697,1.016727,True,,0.135232678325307,998.0983300515206,85.2111204129693,-36.794514775522565,-82.73216353785429,2.568848265467475e-06,2.6752918143492286,0.005733354342431334,0.207634,0.034605613615777756,0.034605613615777756,0.006516789194307427,7.9
5,35,4.598442,0.36132,1.045,True,,0.022690576513390633,1297.1173782129908,89.67012548252711,-13.998275572678622,-87.19116860741211,1.1378700592073971e-06,2.4495395279277243,0.014996184083468304,0.213324,0.035553961396217346,0.035553961396217346,0.006516789194307427,8.11
5,36,1.0,0.378368,0.978352,True,,0.8847260603075155,253.4365827923017,2.6528314088864002,46.46660960521828,-0.17387453377140039,0.0005206576059654844,4.310828059935807,0.0020257370037793793,0.202075,0.033679106897777984,0.033679106897777984,0.006516789194307427,8.31
5,37,4.747503,0.289353,0.9,True,,0.3665156241268993,2058.975147213622,82.18698730245137,5.84903654338812,-79.70803042733637,2.4083683039754093e-06,2.102424749464642,0.005009481860058007,0.215265,0.035877575543191695,0.035877575543191695,0.006516789194307427,8.53
5,38,4.463713,0.346854,0.97604,True,,0.08381631349688602,1336.702312969576,81.40778828640798,-4.406750813762081,-78.92883141129298,3.7226825822569895e-06,2.4251720624698563,0.011607630089950154,0.205439,0.034239859713448416,0.034239859713448416,0.006516789194307427,8.73
5,39,4.00211,0.352966,0.961291,True,,0.12002702037793263,1241.4272882461928,70.38244781060315,15.259720533388554,-67.90349093548815,3.804278302829822e-06,2.486048577436464,0.027366818543020366,0.190597,0.031766243908140396,0.031766243908140396,0.006516789194307427,8.92
5,40,1.0,0.306215,1.107473,True,,0.8802561536878152,282.86007210457046,1.3386227485284574,59.14365114489539,1.1403341265865423,0.0007934340724798013,4.183112823436634,0.0038870011499686705,0.178549,0.02975813302728865,0.02975813302728865,0.006516789194307427,9.1
6,1,7.632333,0.315599,0.919276,False,blowup,,,,,,,,,0.008758,0.0014597036441167195,0.0014597036441167195,,0.01
6,2,3.590766,0.447455,0.929842,True,,0.4128453546988593,679.7953869638818,57.703388123039296,-11.040310918845064,-55.224431247924294,1.0060019340318592e-05,3.0420707432021827,0.0012385506266098158,0.254189,0.042364871634377375,0.042364871634377375,0.4128453546988593,0.26
6,3,5.259315,0.370167,1.04485,False,blowup,,,,,,,,,0.094658,0.015776262482007343,0.015776262482007343,0.4128453546988593,0.36
6,4,6.776465,0.408352,1.016993,False,blowup,,,,,,,,,0.009125,0.001520784099896749,0.001520784099896749,0.4128453546988593,0.37
6,5,2.678697,0.306455,1.117299,True,,0.386485954122619,1524.9068371516355,39.93174498668177,9.622439073719285,-37.45278811156677,1.273885823684997e-05,2.3229805161675565,0.022748845401742185,0.248309,0.041384813653098214,0.041384813653098214,0.386485954122619,0.62
6,6,7.399368,0.360414,1.103551,False,min_image,,,,,,,,,0.005934,0.0009890118572447035,0.0009890118572447035,0.386485954122619,0.62
6,7,6.612046,0.357891,1.10215,False,min_image,,,,,,,,,0.006094,0.0010156881146960789,0.0010156881146960789,0.386485954122619,0.63
6,8,2.034913,0.340706,1.084943,True,,0.4306742274947688,1063.9042332301613,26.682067118564397,2.738231076485293,-24.203110243449398,3.4819408592598205e-05,2.6160825621569295,0.02038603440193015,0.251604,0.04193403833442264,0.04193403833442264,0.386485954122619,0.88
6,9,3.464502,0.441014,0.940589,True,,0.41393937899963085,699.6248975228237,56.07032349045803,5.954351228297686,-53.59136661534303,9.263251052117933e-06,3.011258598888062,0.013581392638857905,0.243003,0.04050042781564924,0.04050042781564924,0.386485954122619,1.12
6,10,1.0,0.28,1.2,True,,0.8836496325642833,282.0014356791764,0.7831010700542065,64.24505941743602,1.6958558050607933,0.0007081204023309936,4.194899814695418,0.007136995129114592,0.259374,0.04322901891337501,0.04322901891337501,0.386485954122619,1.38
6,11,3.170376,0.28,1.2,False,min_image,,,,,,,,,0.005155,0.0008592089017232259,0.0008592089017232259,0.386485954122619,1.39
6,12,2.636381,0.308503,1.114399,True,,0.3779930899183549,1491.2871009507041,39.04626700112932,-5.881846934741657,-36.56731012601432,2.0759186523130907e-05,2.340822787068577,0.009127620250741968,0.26146,0.04357663604948256,0.04357663604948256,0.3779930899183549,1.65
6,13,2.550107,0.309456,1.112843,True,,0.37699619598574985,1460.9702110783292,37.03536461931567,-6.424495287216542,-34.55640774420067,2.2400691686128477e-05,2.359977044124214,0.003971188864273141,0.261132,0.04352197971608904,0.04352197971608904,0.37699619598574985,1.91
6,14,3.39985,0.447203,0.93333,False,blowup,,,,,,,,,0.004717,0.0007861341370476617,0.0007861341370476617,0.37699619598574985,1.91
6,15,1.0,0.45,0.9,True,,0.9106715018895877,190.7098640234253,2.4667840924175777,42.83827800429237,0.012172782697421915,0.0005999409259626198,4.731451020339683,0.014621056871718125,0.250406,0.041734390523698595,0.041734390523698595,0.37699619598574985,2.16
6,16,1.0,0.45,0.9,True,,0.9106715018895877,190.7098640234253,2.4667840924175777,42.83827800429237,0.012172782697421915,0.0005999409259626198,4.731451020339683,0.014621056871718125,0.308648,0.051441403031349184,0.051441403031349184,0.37699619598574985,2.47
6,17,3.603063,0.427743,0.929611,True,,0.3744229892510888,760.0235469728527,58.89463549338894,3.956476556163324,-56.41567861827394,7.927079995231588e-06,2.931269506516307,0.011710913507282867,0.286685,0.047780914107958476,0.047780914107958476,0.3744229892510888,2.76
6,18,2.561583,0.394859,1.113155,True,,0.43311407559317766,849.5874813370493,41.736126988329424,14.031345606818434,-39.25717011321442,1.8186261338046837e-05,2.8229642510572326,0.011385784909859711,0.280078,0.04667964975039164,0.04667964975039164,0.3744229892510888,3.04
6,19,2.658807,0.280671,1.114996,False,min_image,,,,,,,,,0.012363,0.0020604372686809963,0.0020604372686809963,0.3744229892510888,3.05
6,20,3.603131,0.44724,0.929617,True,,0.411100532474471,681.4921984629445,57.898242456995334,0.2482499456779821,-55.41928558188033,8.940886834446501e-06,3.034129499566132,0.006790631427190256,0.286518,0.047753021717071534,0.047753021717071534,0.3744229892510888,3.34
6,21,2.56196,0.309425,1.113154,True,,0.3772629006789186,1467.867833469877,37.48561937281222,-7.454137608746876,-35.006662497697214,1.693178363562385e-05,2.3533840210024493,0.002347953269645733,0.2913,0.048550046020083955,0.048550046020083955,0.3744229892510888,3.63
6,22,2.673141,0.307049,1.116916,True,,0.3835543564363594,1514.6902700574217,39.7264944261234,28.168448010531343,-37.2475375510084,1.740842219953782e-05,2.3266158696428527,0.02030366983526064,0.310664,0.05177734004126655,0.05177734004126655,0.3744229892510888,3.94
6,23,2.642229,0.309285,1.114491,True,,0.37412369889637254,1482.7340456974775,39.13199010542985,15.870521268760537,-36.65303323031485,1.5963699337756724e-05,2.344483643433636,0.006427719829280779,0.324503,0.05408375693692102,0.05408375693692102,0.37412369889637254,4.26
6,24,3.47041,0.440652,0.940937,True,,0.4120140449121099,701.6743192136572,56.2725323126117,-0.8383846054658094,-53.7935754374967,1.058074776641417e-05,3.0097241571531925,0.004789153739184247,0.312591,0.05209857271777259,0.05209857271777259,0.37412369889637254,4.58
6,25,2.676134,0.307693,1.117247,True,,0.38118735353840155,1512.4126375228893,39.992584121509104,-11.20229265348767,-37.5136272463941,1.880577409928092e-05,2.3275677126309584,0.000676515454986336,0.332451,0.055408472749922014,0.055408472749922014,0.37412369889637254,4.91
6,26,3.612258,0.428336,0.929468,True,,0.3742255920376927,757.4939517941311,59.11348705741557,11.35450054711322,-56.634530182300566,9.285518621780529e-06,2.936903562918457,0.021888615945968453,0.298189,0.049698213007715014,0.049698213007715014,0.37412369889637254,5.21
6,27,3.600147,0.444268,0.929735,True,,0.40675330765121803,691.3787150931498,57.974503320990216,13.166825025207336,-55.49554644587521,1.170015635902089e-05,3.0225582494924934,0.02301830457812865,0.314129,0.052354916135470074,0.052354916135470074,0.37412369889637254,5.52
6,28,2.54992,0.310654,1.112783,True,,0.3710640176432146,1445.8326346397346,37.020361624452924,12.41466908529858,-34.54140474933792,2.0501935013606063e-05,2.3613300631230674,0.0018565954511923252,0.33203,0.05533838252226512,0.05533838252226512,0.3710640176432146,5.85
6,29,3.608384,0.425669,0.929482,True,,0.3684289927414893,769.463896755061,59.30287293586891,-30.532815725495613,-56.82391606075391,8.805162005060078e-06,2.90915107235273,0.008337660813425534,0.316297,0.05271619783507453,0.05271619783507453,0.3684289927414893,6.17
6,30,2.466188,0.310452,1.112812,True,,0.3752705455515257,1432.152076131178,35.265476958777754,-1.884127608306096,-32.78652008366275,2.4015060655890924e-05,2.3724273417016595,0.012498817400931556,0.319085,0.053180800278981526,0.053180800278981526,0.3684289927414893,6.49
6,31,2.378834,0.39992,1.113262,True,,0.4726954957328712,805.9955019486416,37.684621081984275,-1.4528573945979117,-35.20566420686927,2.4041360795723222e-05,2.8717041759314963,0.009777948508952035,0.315768,0.052628056671884325,0.052628056671884325,0.3684289927414893,6.81
6,32,3.722878,0.426297,0.929522,True,,0.3521470754962698,775.3674427742567,61.83927255492894,10.900568425838884,-59.36031567981394,7.979414550239448e-06,2.9103192204040065,0.007693576351409812,0.316329,0.05272150390677982,0.05272150390677982,0.3521470754962698,7.12
6,33,2.58966,0.309817,1.114008,True,,0.3737654884077687,1466.7267006474178,38.039628470653085,-11.41815562767788,-35.56067159553808,1.7336551966061136e-05,2.3527197780641593,0.0019791359594461084,0.328485,0.05474745472272237,0.05474745472272237,0.3521470754962698,7.45
6,34,1.803991,0.339999,1.084073,True,,0.4863469522779149,996.0139163626513,21.459054948450895,-10.897386578699862,-18.980098073335895,5.302253454242136e-05,2.6671211940942765,0.01707044140178697,0.300032,0.050005355874697364,0.050005355874697364,0.3521470754962698,7.75
6,35,3.637993,0.436683,0.940718,True,,0.3796139091508025,727.6579794698621,60.29037332495649,1.8723806299107089,-57.81141644984149,6.054365002491831e-06,2.9731505704895627,0.013926713568069552,0.296824,0.04947065360016293,0.04947065360016293,0.3521470754962698,8.05
6,36,1.412167,0.340086,1.085205,True,,0.6373940524762234,752.4958177806601,11.578262568494495,6.469938892141174,-9.099305693379495,0.00010011152082014621,2.9270338112003023,0.007268723065472809,0.313255,0.052209086020787554,0.052209086020787554,0.3521470754962698,8.36
6,37,2.660733,0.341093,1.084485,True,,0.29969111710525753,1192.3070529230708,41.23566533910041,-2.1210098040458236,-38.756708463985404,1.855527446710765e-05,2.517165316552991,0.008024569136732268,0.321937,0.053656104736857946,0.053656104736857946,0.29969111710525753,8.68
6,38,2.905671,0.341293,1.084427,True,,0.25544443355817187,1225.9771186321636,46.853742943392625,26.285094085908614,-44.37478606827762,1.5448592139457437e-05,2.5042849285739717,0.013087737575728014,0.269951,0.04499187502596114,0.04499187502596114,0.25544443355817187,8.95
6,39,3.137047,0.341495,1.084396,True,,0.21375365099870336,1256.0770715334145,52.2648158825552,46.10911981310641,-49.785859007440195,1.0170799521717292e-05,2.478562650800922,0.002959896076726487,0.21547,0.035911701652738784,0.035911701652738784,0.21375365099870336,9.17
6,40,3.386826,0.341725,1.08438,True,,0.1898829392679242,1284.6174934552828,58.337198175004104,-20.95632464667509,-55.8582412998891,8.568173005618378e-06,2.4618869565654644,0.01138752161775327,0.172883,0.028813806109958224,0.028813806109958224,0.1898829392679242,9.34
7,1,2.591374,0.334225,1.193467,True,,0.28274325829597186,1246.4052378093743,40.40811681796764,-21.524026249906793,-37.929159942852635,1.947871705201122e-05,2.487165111167678,0.017710018594653817,0.273269,0.045544858111275566,0.045544858111275566,0.28274325829597186,0.27
7,2,4.189094,0.332362,0.979161,True,,0.16595388554931217,1446.1215824093483,74.37130064888301,-1.5478875470180435,-71.892343773768,4.7076240676308615e-06,2.3678740652574772,0.010462737801657365,0.241818,0.04030306445227729,0.04030306445227729,0.16595388554931217,0.52
7,3,1.607204,0.351293,0.904773,True,,0.6074883589395652,787.1779531801351,14.51309313311334,3.024833563058154,-12.034136257998341,8.578972423297372e-05,2.908395679339968,0.006220881144774103,0.237937,0.03965613610214657,0.03965613610214657,0.16595388554931217,0.75
7,4,4.694354,0.427696,0.999252,True,,0.16097649633480623,863.2251933264164,91.72103176769625,-4.25978408178209,-89.24207489258124,2.3248710674960565e-06,2.802267287859508,0.004402789207401392,0.245363,0.040893885559505884,0.040893885559505884,0.16097649633480623,1.0
7,5,3.750596,0.394636,1.101695,True,,0.22503658927544817,965.7170627879634,71.20842918662315,38.74822259766535,-68.72947231150815,4.775598854042935e-06,2.706416659006881,0.0016586451198563829,0.25959,0.0432649349504047,0.0432649349504047,0.16097649633480623,1.26
7,6,5.858221,0.338815,1.178858,False,min_image,,,,,,,,,0.005143,0.0008571586343977186,0.0008571586343977186,0.16097649633480623,1.26
7,7,2.838086,0.40763,0.976468,True,,0.43693981725424313,800.0738481109237,44.62037333435104,1.2877545347028043,-42.141416459236034,1.3971838033275521e-05,2.8794574231112247,0.0016750812947063998,0.252636,0.04210598051548004,0.04210598051548004,0.16097649633480623,1.52
7,8,6.959062,0.309589,1.137229,False,min_image,,,,,,,,,0.005152,0.00085874252849155,0.00085874252849155,0.16097649633480623,1.52
7,9,4.638364,0.424113,0.994304,False,blowup,,,,,,,,,0.004164,0.0006939891974131266,0.0006939891974131266,0.16097649633480623,1.53
7,10,1.0,0.45,1.2,True,,0.8593476341340536,274.61203736565136,5.74042210041674,24.729946902421762,-3.261465225301741,0.00033556592987737943,4.157058808813941,0.004323968426073097,0.247459,0.041243120829264325,0.041243120829264325,0.16097649633480623,1.77
7,11,2.222179,0.28,0.9,True,,0.5242651021858241,1681.8615439896914,26.205970492343635,24.985326196826627,-23.727013617228636,2.410166503159393e-05,2.2613311810899863,0.0012780072256693919,0.255254,0.0425422516796324,0.0425422516796324,0.16097649633480623,2.03
7,12,2.276353,0.45,1.2,False,blowup,,,,,,,,,0.004106,0.0006842682758967082,0.0006842682758967082,0.16097649633480623,2.03
7,13,2.620642,0.298007,1.002575,True,,0.4318757351259291,1599.4490490881342,37.06125405436333,-10.421471454054938,-34.58229717924833,1.5778294158118765e-05,2.2889611069571485,0.011159628508542869,0.311016,0.051836063067118326,0.051836063067118326,0.16097649633480623,2.34
7,14,2.857601,0.28,1.091043,False,min_image,,,,,,,,,0.01547,0.0025784022278255887,0.0025784022278255887,0.16097649633480623,2.36
7,15,2.591374,0.334225,1.193467,True,,0.2831489599458652,1245.5209670041365,40.39822432054515,-22.66039704467437,-37.919267445430144,2.002957762527268e-05,2.4853979471821863,0.0038986887170850927,0.315216,0.05253596802552541,0.05253596802552541,0.16097649633480623,2.67
7,16,3.739174,0.394267,1.104376,True,,0.22646291386641254,966.0782503042974,70.92271917910134,0.07613444450697898,-68.44376230398633,5.439435210029061e-06,2.7072999742243633,0.0008923269872328786,0.287279,0.04787977390819126,0.04787977390819126,0.16097649633480623,2.96
7,17,4.735833,0.430351,1.002918,False,blowup,,,,,,,,,0.004985,0.0008308005332946778,0.0008308005332946778,0.16097649633480623,2.97
7,18,4.180685,0.332447,1.038051,True,,0.16269013439431512,1456.6226113981263,75.72467529009914,3.7385763312961764,-73.24571841498414,3.4021884122467027e-06,2.3608699322435083,0.010519964001204724,0.299253,0.0498754663599862,0.0498754663599862,0.16097649633480623,3.27
7,19,4.693387,0.427634,0.992859,True,,0.15694936138331642,864.2813786559607,91.0644702448186,-13.629155070498491,-88.58551336970359,1.5237865798027507e-06,2.8077286348242922,0.0010816133245485852,0.292149,0.04869153062502543,0.04869153062502543,0.15694936138331642,3.56
7,20,4.165528,0.332336,1.02312,True,,0.16414308231588134,1449.8760582929383,74.9723681925857,3.3012262208459258,-72.4934113174707,4.124791858491974e-06,2.3610127131115917,0.0013371005996441125,0.293095,0.048849084708425736,0.048849084708425736,0.15694936138331642,3.85
7,21,2.103321,0.28,1.032439,True,,0.5232958587598568,1663.1185919556478,25.026994033077273,23.607295233398453,-22.548037157962273,3.7452525660073825e-05,2.2570505157541705,0.013013090591026654,0.315757,0.05262621641159058,0.05262621641159058,0.15694936138331642,4.17
7,22,3.667444,0.394499,1.036539,True,,0.2563683937687611,949.4552258407631,66.68200005221212,8.231683651204161,-64.20304317709711,6.2222457323332005e-06,2.7247162387904056,0.028653103717289755,0.318402,0.05306700587272644,0.05306700587272644,0.15694936138331642,4.48
7,23,4.718941,0.427643,0.90768,True,,0.2160324504456212,827.6955172045048,82.82807934501747,26.70634909239289,-80.34912246990247,4.115073585422683e-06,2.8535078500973383,0.02516373768321919,0.312448,0.05207466198338403,0.05207466198338403,0.15694936138331642,4.8
7,24,2.753328,0.334037,1.193282,True,,0.2632781962856931,1272.3576310353467,44.09270109880784,2.2983939911374063,-41.613744223692834,1.6279014838671722e-05,2.469307746594701,0.004492147551843237,0.327031,0.05450510031647152,0.05450510031647152,0.15694936138331642,5.12
7,25,4.66953,0.427665,1.107986,True,,0.13244187488268425,1111.6988067576822,104.49586386608422,26.745104183312876,-102.01690699096922,4.78025797145137e-07,2.5742256892003796,0.012082545326837554,0.318947,0.053157776196797686,0.053157776196797686,0.13244187488268425,5.44
7,26,2.633476,0.333577,0.986864,True,,0.2954905266428975,1237.5167858732425,38.73087393288629,15.48941642831668,-36.25191705777129,2.126006231711122e-05,2.495698861583052,0.006708934071384008,0.321504,0.05358406616581811,0.05358406616581811,0.13244187488268425,5.76
7,27,3.965339,0.332718,0.9,True,,0.19263455091165688,1403.0961014545278,66.40407278967446,18.862218080994978,-63.925115914559456,6.462339204737277e-06,2.3901586937048243,0.001723028554178521,0.322971,0.05382854779561361,0.05382854779561361,0.13244187488268425,6.09
7,28,3.41231,0.333079,0.900176,True,,0.23491277367746974,1337.6425611644397,53.97622568812899,-8.22601173282526,-51.49726881301399,9.861230667987436e-06,2.42408684837018,0.010335964998407327,0.313922,0.052320298022694056,0.052320298022694056,0.13244187488268425,6.4
7,29,3.630533,0.332391,1.029271,True,,0.20989192405703413,1391.7235324665194,62.440834359487916,-21.69994338607337,-59.96187748437291,7.247610031232431e-06,2.395832041967086,0.006383735875838389,0.321434,0.05357241617308722,0.05357241617308722,0.13244187488268425,6.72
7,30,3.186307,0.332608,1.198183,True,,0.2373554226069215,1348.2482254753165,54.29860211784623,15.292018165513355,-51.81964524273123,9.979537939057654e-06,2.4211782828902253,0.005707372675698279,0.334997,0.05583284358183543,0.05583284358183543,0.13244187488268425,7.06
7,31,4.643701,0.427662,1.186903,True,,0.13745641797835054,1284.7597699035744,114.1108863641567,12.623426693629211,-111.6319294890417,1.300398349083738e-07,2.4640479051018858,0.01609722205115734,0.327291,0.05454857137468126,0.05454857137468126,0.13244187488268425,7.39
7,32,4.050517,0.394352,0.983171,True,,0.20802151395037788,971.9098370912574,73.85734830773782,-19.278318926420646,-71.37839143262282,4.554208470557203e-06,2.7030117391094595,0.006626179184671723,0.264573,0.044095453355047436,0.044095453355047436,0.13244187488268425,7.65
7,33,4.087969,0.395166,0.973008,True,,0.20867959675215797,966.4273404837,74.13403876935209,-28.618213233457123,-71.65508189423709,4.388662071896928e-06,2.716183777734783,0.0008770941790490112,0.204977,0.03416280998124017,0.03416280998124017,0.13244187488268425,7.85
7,34,4.418316,0.394984,1.085913,True,,0.1088467250113191,1022.8695866557413,88.2220540377107,-33.32452246056747,-85.7430971625957,2.647680063316106e-06,2.655004805869141,0.0011382824254702792,0.21205,0.03534168276521895,0.03534168276521895,0.1088467250113191,8.07
7,35,2.03927,0.28,0.9,True,,0.5120244532342911,1598.1321014436578,22.378953541375584,3.559364407892211,-19.899996666260584,3.873041716896263e-05,2.2937496886636244,0.004901888035499038,0.209562,0.034926964971754286,0.034926964971754286,0.1088467250113191,8.28
7,36,4.507642,0.39511,1.064315,True,,0.09937384501639546,1025.5056279109697,89.75549537874343,5.2301970580622825,-87.27653850362843,1.9758819760313684e-06,2.6505498273711714,0.003466264257080922,0.211174,0.0351955955558353,0.0351955955558353,0.09937384501639546,8.49
7,37,4.550377,0.394944,1.2,True,,0.09229168004018586,1106.1016180152815,96.783773020485,-9.984331261386064,-94.30481614537,1.8427883777099623e-06,2.587898034649702,0.0090359044241175,0.207552,0.0345919852786594,0.0345919852786594,0.09229168004018586,8.69
7,38,4.566899,0.394819,0.9,True,,0.16486821150544484,989.3752386553624,80.44825543795598,-4.290260159692836,-77.96929856284098,3.3442533215476672e-06,2.679166564201591,0.010173710336882512,0.191009,0.031834833688206145,0.031834833688206145,0.09229168004018586,8.89
7,39,4.533101,0.395114,1.2,True,,0.06384792101221191,1199.9521421883387,98.3937203361892,-1.1340450190873617,-95.9147634610742,9.316099720660983e-07,2.5143891035572006,0.011412215269183916,0.189516,0.03158606251080831,0.03158606251080831,0.06384792101221191,9.08
7,40,4.597383,0.395295,1.2,True,,0.10296175175571257,1345.8185242862507,103.4174513195009,-9.490156839289881,-100.9384944443859,2.3559084717780914e-07,2.407051187018534,0.024593562892821517,0.181803,0.03030044827196333,0.03030044827196333,0.06384792101221191,9.26
8,1,1.077801,0.320705,1.013255,True,,0.8693221529945188,300.8453780716907,2.0280205671687033,57.28606187020331,0.4509363079462965,0.0005638314346939189,4.0911554238864065,0.017092642888694505,0.255863,0.042643805543581645,0.042643805543581645,0.8693221529945188,0.26
8,2,6.715229,0.3518,1.08361,False,min_image,,,,,,,,,0.006517,0.0010862135887145996,0.0010862135887145996,0.8693221529945188,0.26
8,3,6.36244,0.348327,1.161627,False,min_image,,,,,,,,,0.004749,0.0007914208703570896,0.0007914208703570896,0.8693221529945188,0.27
8,4,7.485069,0.304909,1.110458,False,min_image,,,,,,,,,0.005487,0.0009145220120747884,0.0009145220120747884,0.8693221529945188,0.27
8,5,3.818742,0.419105,0.906384,True,,0.3375504131345972,805.0216517211912,62.35144916850808,12.297114974634372,-59.87249229339308,9.210367562685299e-06,2.877989653808804,0.0032401217613244513,0.231383,0.03856385780705346,0.03856385780705346,0.3375504131345972,0.5
8,6,3.469684,0.361961,1.162445,True,,0.19823580870442456,1145.0456224089562,63.118196897791705,30.804324286468376,-60.6392400226767,1.0472762884578301e-05,2.564399057367329,0.011637796355048509,0.251019,0.04183642109235128,0.04183642109235128,0.19823580870442456,0.76
8,7,1.376675,0.325429,0.987643,True,,0.6957849344536952,649.6477619099493,8.388481460732812,16.03734811292754,-5.909524585617812,0.0001959569080393484,3.116472412346222,0.006275086427950701,0.242931,0.04048843502998352,0.04048843502998352,0.19823580870442456,1.0
8,8,5.735641,0.331105,0.954811,False,blowup,,,,,,,,,0.250634,0.04177232583363851,0.04177232583363851,0.19823580870442456,1.25
8,9,3.42069,0.37225,1.150252,True,,0.2310139343700976,1070.8601377080158,62.517230845922086,-7.904861826880935,-60.03827397080708,8.414961411457028e-06,2.6159882282156315,0.005363617221318516,0.264175,0.044029129213756985,0.044029129213756985,0.19823580870442456,1.51
8,10,3.569781,0.366445,1.116177,True,,0.19754211790512233,1120.291475085925,65.03452126026077,14.791905666581872,-62.55556438514577,7.143471964957956e-06,2.570147815121053,0.006333219815014711,0.257631,0.04293846468130747,0.04293846468130747,0.19754211790512233,1.77
8,11,3.563151,0.28,0.9,True,,0.5080662513499318,2046.4976603825744,55.52247554644071,-66.07143820261238,-53.04351867132571,6.406179016315547e-06,2.105789522996025,0.007202963379769834,0.258215,0.04303591224882338,0.04303591224882338,0.19754211790512233,2.03
8,12,3.621946,0.45,1.2,True,,0.30706385702985145,721.615651705578,73.93142800053558,-3.633478309862413,-71.45247112542057,6.895995784280719e-06,2.9760727239596285,0.001631052975819658,0.297478,0.049579727782143486,0.049579727782143486,0.19754211790512233,2.33
8,13,2.307122,0.28,1.2,False,min_image,,,,,,,,,0.00998,0.0016632805930243597,0.0016632805930243597,0.19754211790512233,2.34
8,14,3.473949,0.447126,1.2,True,,0.3291274630421701,722.0219064173575,69.88647378292109,-9.941767772159558,-67.40751690780608,6.559611195967099e-06,2.9783191690485684,0.006267403610400723,0.304071,0.05067843715349833,0.05067843715349833,0.19754211790512233,2.64
8,15,3.515234,0.378494,1.18158,True,,0.22391999567703275,1042.1776245732185,65.882476365163,-29.524135898766982,-63.403519490048005,9.333777431826313e-06,2.639459908032076,0.0032771452231458503,0.293698,0.04894964999622769,0.04894964999622769,0.19754211790512233,2.93
8,16,3.48965,0.28,1.12788,False,min_image,,,,,,,,,0.007327,0.001221201949649387,0.001221201949649387,0.19754211790512233,2.94
8,17,3.454272,0.364571,1.151643,True,,0.20828692218643466,1123.9970951604844,62.81099848724048,-3.6577496217488648,-60.33204161212548,7.368875930021179e-06,2.566833322290584,0.005881194600833227,0.297864,0.049643932713402644,0.049643932713402644,0.19754211790512233,3.24
8,18,3.515698,0.365403,1.181018,True,,0.19501473032589672,1128.2276943630993,64.92060564533871,22.210834030113627,-62.441648770223715,7.261550278856041e-06,2.574405894349649,0.01356798201928433,0.3091,0.051516698598861696,0.051516698598861696,0.19501473032589672,3.55
8,19,2.812768,0.309487,0.9,True,,0.37139451971215365,1489.525578197197,40.11982393491261,-30.749571286087022,-37.64086705979761,1.7437625909893765e-05,2.336726181520324,0.01569613216937288,0.283508,0.04725130915641785,0.04725130915641785,0.19501473032589672,3.83
8,20,3.571843,0.414746,1.007426,True,,0.3188800630960224,835.0109350323353,63.58080635509472,-2.669226493443254,-61.10184947997972,6.945200431708299e-06,2.842753518007382,0.004494610409834044,0.301441,0.0502401872475942,0.0502401872475942,0.19501473032589672,4.13
8,21,1.017864,0.328378,0.9,True,,0.8880098626625836,261.7277316665788,1.4556128294381752,56.74682264977683,1.0233440456768246,0.0007019866701591788,4.283529822151289,0.0017478873913636997,0.303732,0.05062208202150133,0.05062208202150133,0.19501473032589672,4.44
8,22,3.514833,0.370824,1.091984,True,,0.2217108118492243,1082.5575276523177,63.36451350825292,-2.180198109581903,-60.88555663313792,8.565194298551884e-06,2.6023311439664933,9.072399563343981e-05,0.323049,0.053841423326068456,0.053841423326068456,0.19501473032589672,4.76
8,23,3.845821,0.44085,1.047638,True,,0.3022804122382478,750.577440953626,72.70767068880231,-3.174812275178424,-70.2287138136873,4.458821134158367e-06,2.941961435123353,0.00434139348519115,0.314014,0.05233559416400062,0.05233559416400062,0.19501473032589672,5.07
8,24,3.579096,0.368098,1.160671,True,,0.1942404237086529,1112.626798892532,66.18969337833381,55.96370033513929,-63.71073650321882,6.8988301376415236e-06,2.580182180748528,1.5745857223838035e-05,0.325666,0.05427768409252167,0.05427768409252167,0.1942404237086529,5.4
8,25,2.881804,0.339262,0.9,True,,0.28731666956221924,1210.0487289903049,42.20484234905489,19.89164641964848,-39.72588547393989,1.753896961379158e-05,2.5090613117979057,0.005746735554383455,0.318835,0.053139139678743154,0.053139139678743154,0.1942404237086529,5.72
8,26,3.558176,0.441324,0.9,True,,0.42484407795741663,691.3962795558692,54.68071296783401,-6.367226304378947,-52.20175609271901,1.0461026893273573e-05,3.0194612768168283,0.01811506630951545,0.311038,0.051839606364568074,0.051839606364568074,0.1942404237086529,6.03
8,27,3.803832,0.426959,1.2,True,,0.2455445514808318,824.3584920476676,77.69819075927299,-6.141985395351617,-75.21923388415799,4.6183924940810956e-06,2.8477074501266304,0.020742774721710513,0.320991,0.05349845859739515,0.05349845859739515,0.1942404237086529,6.35
8,28,1.0,0.355512,1.093554,True,,0.8753312884980913,279.15789758344727,2.502667444957589,46.965842743313104,-0.023710569842589447,0.0005331722195172905,4.176349771896938,0.009797467675932744,0.300996,0.05016601860523224,0.05016601860523224,0.1942404237086529,6.65
8,29,3.78355,0.411234,1.133439,True,,0.2400532648256426,887.0853388981926,74.1615726169464,-12.858842777313804,-71.6826157418314,4.200216534641025e-06,2.782934287163827,0.0039000676971581907,0.319951,0.053325148026148475,0.053325148026148475,0.1942404237086529,6.97
8,30,3.185791,0.328123,0.9,True,,0.2697357857140025,1351.5293786869481,48.642649508405235,-11.532939447174748,-46.16369263329023,1.5685270933763712e-05,2.4131293326317453,0.004843094677642932,0.328473,0.05474558108382755,0.05474558108382755,0.1942404237086529,7.3
8,31,3.68101,0.40606,1.2,True,,0.2404761085474702,907.3051773636944,72.62243665814286,-6.7971984166814226,-70.14347978302786,5.377596408425917e-06,2.7619648654455626,0.016215534351776903,0.302413,0.05040216525395711,0.05040216525395711,0.1942404237086529,7.6
8,32,3.507885,0.369855,1.2,True,,0.20359710396960215,1099.0794421640262,65.46644179707597,7.777584218276332,-62.98748492196097,7.562049321920157e-06,2.5981696432808867,0.011116034568778865,0.310796,0.0517992772658666,0.0517992772658666,0.1942404237086529,7.91
8,33,4.19679,0.45,0.9,True,,0.3499241780036214,696.3068781301154,67.96102949062596,-20.43717805039339,-65.48207261551096,5.799289182238037e-06,3.0206180859976555,0.011828626598832062,0.294244,0.04904074052969615,0.04904074052969615,0.1942404237086529,8.21
8,34,3.270116,0.351814,0.9,True,,0.2566549950850769,1162.8733456067441,51.19671011716881,2.8290219419644314,-48.71775324205381,1.2554239577766678e-05,2.547085012397936,0.00811723206815395,0.316518,0.052752948337131074,0.052752948337131074,0.1942404237086529,8.52
8,35,3.615828,0.421698,1.155972,True,,0.2821780021674955,827.1558047229227,70.82861772679207,-5.388853871409437,-68.34966085167707,6.011608055091643e-06,2.845053476224753,0.0014788175095727801,0.29846,0.049743332465489704,0.049743332465489704,0.1942404237086529,8.82
8,36,4.373198,0.45,1.2,True,,0.21072952781902846,795.0819191411558,95.84836738938642,11.590656762753946,-93.36941051427142,1.44433456092324e-06,2.8971656267450956,0.005540772415282442,0.235414,0.03923569116327498,0.03923569116327498,0.1942404237086529,9.06
8,37,4.392424,0.45,1.129496,True,,0.19993532190489696,772.6346557294843,92.26056939357544,-5.26862441537176,-89.78161251846043,2.3010608873783327e-06,2.913392682146566,0.0006987388135561555,0.186772,0.03112869812382592,0.03112869812382592,0.1942404237086529,9.24
8,38,4.617502,0.45,1.135952,True,,0.179273127788125,1044.3874439331669,108.15159466582891,-14.889669916107001,-105.6726377907139,4.791827120776753e-08,2.635601573841621,0.005884558005898858,0.16165,0.02694171170393626,0.02694171170393626,0.179273127788125,9.41
8,39,4.695689,0.45,1.092298,True,,0.1822216350693931,989.2936982996147,104.70417113735374,21.916117595065874,-102.22521426223874,5.410191934668142e-07,2.672791907089182,0.0015157556422957016,0.154945,0.025824142230881586,0.025824142230881586,0.179273127788125,9.56
8,40,4.850291,0.45,1.149669,False,blowup,,,,,,,,,0.002534,0.00042229857709672716,0.00042229857709672716,0.179273127788125,9.56
9,1,3.551227,0.364852,0.902263,True,,0.24965004812080735,1094.1155422513789,57.443765665983605,-8.730693402861142,-54.9648087908686,7.979541835866567e-06,2.595616833463275,0.0016759693729720018,0.261825,0.043637448615498016,0.043637448615498016,0.24965004812080735,0.26
9,2,3.21357,0.282265,1.163166,False,min_image,,,,,,,,,0.00592,0.0009866922431521945,0.0009866922431521945,0.24965004812080735,0.27
9,3,1.962688,0.303564,1.018766,True,,0.4006012160569911,1323.063176813415,22.766634852151423,34.02253591534541,-20.287677977036424,3.549784059857621e-05,2.4382312163339233,0.0058983622394626935,0.244613,0.04076877050929599,0.04076877050929599,0.24965004812080735,0.51
9,4,4.462582,0.333671,1.012185,True,,0.13352133808489647,1466.9723471223276,81.78182752078327,11.710425791685848,-79.30287064566826,3.7314226279832346e-06,2.352177892483882,0.00158995772508655,0.250773,0.041795455283588835,0.041795455283588835,0.13352133808489647,0.76
9,5,6.142606,0.444544,1.110465,False,blowup,,,,,,,,,0.004105,0.0006842305262883504,0.0006842305262883504,0.13352133808489647,0.77
9,6,1.947976,0.303121,1.185242,True,,0.4047427311735709,1343.324444221867,23.478053396999645,27.12279957507197,-20.999096521884645,3.9463051494269235e-05,2.42504121395595,0.0024269933546662292,0.260252,0.04337529944048987,0.04337529944048987,0.13352133808489647,1.03
9,7,4.87139,0.440362,1.088865,False,blowup,,,,,,,,,0.004556,0.0007593041658401489,0.0007593041658401489,0.13352133808489647,1.03
9,8,4.954088,0.388727,1.129506,False,min_image,,,,,,,,,0.130954,0.02182565583123101,0.02182565583123101,0.13352133808489647,1.16
9,9,3.718142,0.412749,0.951982,True,,0.312617128652782,845.4919051673028,63.9627390297069,-4.2917871165860895,-61.4837821545919,6.344119510084118e-06,2.8231738228615764,0.001490532359704352,0.259081,0.04318009780512916,0.04318009780512916,0.13352133808489647,1.42
9,10,4.268789,0.28422,1.010276,True,,0.4271403238253437,2091.6440543493914,73.51571292789632,27.09424688717475,-71.03675605278131,3.4299294021083577e-06,2.095612343451887,3.987393347286733e-05,0.261543,0.04359058055612776,0.04359058055612776,0.13352133808489647,1.68
9,11,4.448867,0.329782,1.010717,True,,0.1502992565685768,1502.7611676591823,81.31628089970782,-34.160873455910696,-78.83732402459282,2.7449724713819023e-06,2.3289374550068374,0.008531109164119415,0.260106,0.043351069158977934,0.043351069158977934,0.13352133808489647,1.94
9,12,4.570697,0.364152,1.011581,True,,0.027533795612257748,1250.6372770617809,86.55020313005188,5.597791225592562,-84.07124625493688,2.9504548264812873e-06,2.495970260034044,0.009511536808682457,0.275437,0.04590614643361833,0.04590614643361833,0.027533795612257748,2.22
9,13,1.0,0.328527,1.2,True,,0.8733198645864468,291.02168603770366,2.010828010308768,57.07985072989688,0.46812886480623167,0.0005848284512248545,4.131011404793578,0.013661980198111118,0.31092,0.05182003657023112,0.05182003657023112,0.027533795612257748,2.53
9,14,7.505903,0.45,0.926462,False,blowup,,,,,,,,,0.004262,0.0007104006078508165,0.0007104006078508165,0.027533795612257748,2.53
9,15,4.634504,0.384681,1.011316,True,,0.02509025904830632,1199.1287989973937,90.71971342157855,16.357927312106803,-88.24075654646354,1.3819722620411027e-06,2.528005557361618,0.021886601261276745,0.298644,0.04977394355667962,0.04977394355667962,0.02509025904830632,2.83
9,16,1.663396,0.307625,1.190037,True,,0.4463853196373996,1155.028764770079,17.233064456256166,-12.571531723763913,-14.754107581141167,6.032428026048125e-05,2.5463040207932077,0.004775994459646197,0.305007,0.05083449860413869,0.05083449860413869,0.02509025904830632,3.14
9,17,3.35026,0.412336,0.926733,True,,0.382615199917018,810.5101836041381,53.75276000736548,-3.8244710271896367,-51.27380313225048,1.1048505578912921e-05,2.863348493221129,0.009892495916992192,0.285461,0.04757691635025872,0.04757691635025872,0.02509025904830632,3.42
9,18,2.00213,0.387554,0.992097,True,,0.5480154909432862,779.5894354673281,25.885911554610182,10.257520525092753,-23.406954679495183,4.8520948504046135e-05,2.907682412529017,0.005163030825391683,0.273709,0.04561811606089274,0.04561811606089274,0.02509025904830632,3.7
9,19,4.621731,0.45,1.009835,False,blowup,,,,,,,,,0.004985,0.0008308343754874336,0.0008308343754874336,0.02509025904830632,3.7
9,20,4.615521,0.381659,1.009916,True,,0.05474845609766501,1142.9948155059965,89.38119722429548,-19.652707079689925,-86.90224034918047,2.180966439493697e-06,2.5590546434110983,0.005888893397152967,0.303396,0.050565992461310494,0.050565992461310494,0.02509025904830632,4.01
9,21,3.746127,0.392542,0.953717,True,,0.2673525914130133,949.1571018328063,64.70443463525261,-5.375006426195536,-62.22547776013761,6.498665125716138e-06,2.7204042851764703,0.009153086816246,0.306689,0.051114903026156955,0.051114903026156955,0.02509025904830632,4.31
9,22,4.608831,0.377143,1.009863,True,,0.02691354871230392,1212.4671170852966,89.42332690711817,21.763252929322814,-86.94437003200316,1.4330181503106545e-06,2.5063188879156395,0.00014305617869959952,0.323128,0.05385471589035458,0.05385471589035458,0.02509025904830632,4.64
9,23,4.659713,0.381053,1.013839,True,,0.01904487831271266,1222.2083717193373,91.84900465079966,30.997668505849095,-89.37004777568465,8.166127107160397e-07,2.5045688780692816,0.006394777097166694,0.326031,0.0543385511636734,0.0543385511636734,0.01904487831271266,4.96
9,24,4.292492,0.292667,0.980969,True,,0.3670139646665913,1948.9933888536289,74.14306299654196,-34.004190829809154,-71.66410612142695,2.850351265251092e-06,2.140749190253589,0.008291712647404845,0.32359,0.0539317477411694,0.0539317477411694,0.01904487831271266,5.28
9,25,4.688754,0.376018,1.013615,True,,0.012588413516625173,1267.837892446124,92.60859903768211,-6.6101101112523,-90.12964216256711,9.724530403837255e-07,2.4747282241507222,0.004922844340964452,0.322337,0.05372289001941681,0.05372289001941681,0.012588413516625173,5.61
9,26,5.699473,0.38437,1.015533,False,blowup,,,,,,,,,0.030889,0.005148247016800774,0.005148247016800774,0.012588413516625173,5.64
9,27,4.615273,0.360692,1.008986,True,,0.018987096458721195,1258.6121706551912,87.55969136379309,33.22125335985233,-85.08073448867809,2.3003550758931537e-06,2.4793293713806075,0.0012267327963280798,0.322912,0.0538186334239112,0.0538186334239112,0.012588413516625173,5.96
9,28,1.686599,0.325671,1.084556,True,,0.4909767375467565,1031.5929263965104,18.043571733684818,-9.2662198420788,-15.564614858569819,7.081843134032457e-05,2.643208194330157,0.016542597557845064,0.332132,0.055355391171243454,0.055355391171243454,0.012588413516625173,6.29
9,29,3.637033,0.399632,0.922715,True,,0.3127854461926307,895.9422514054369,60.283836397919956,10.148990674410216,-57.80487952280495,9.074245176541477e-06,2.7741916578168797,0.007075444492137631,0.305553,0.050925512777434456,0.050925512777434456,0.012588413516625173,6.6
9,30,3.131223,0.345292,0.9,True,,0.26116582150491363,1196.2870293991014,47.959460922121124,-12.10157498098012,-45.48050404700612,1.1618970599486442e-05,2.5217403653382684,0.013141493978445024,0.318036,0.05300595362981161,0.05300595362981161,0.012588413516625173,6.92
9,31,1.92172,0.330709,0.964281,True,,0.4510752643884407,1073.9635356227627,22.241649511889133,7.044626183779164,-19.762692636774133,4.696021158394533e-05,2.5982874798074085,0.0008898227970895165,0.33059,0.05509825779332055,0.05509825779332055,0.012588413516625173,7.25
9,32,3.490581,0.403114,0.960235,True,,0.3268382019012999,875.0745188936227,59.23526510256509,-0.1270350432944874,-56.756308227450084,1.0065358677513264e-05,2.7929329395466636,0.024635590065233005,0.299616,0.049935999711354574,0.049935999711354574,0.012588413516625173,7.55
9,33,1.51579,0.283002,1.023999,True,,0.5024877095197218,1100.4888138128401,10.96643421565567,-13.214579272703418,-8.487477340540671,0.00010502670483455523,2.5844962697319955,0.01299798961600525,0.307017,0.051169468892945186,0.051169468892945186,0.012588413516625173,7.85
9,34,3.452918,0.324037,0.9,True,,0.26851840084267825,1429.65948747255,54.51411811592852,-29.001654216631152,-52.035161240813515,9.638481904447431e-06,2.3772289447230888,0.01646085252029394,0.306846,0.05114095555411445,0.05114095555411445,0.012588413516625173,8.16
9,35,1.708806,0.287136,1.139006,True,,0.44227411492004226,1347.0124022590944,16.91403273551986,32.22873391535691,-14.435075860404861,5.724422502893952e-05,2.4362567246412192,0.0026442941472751102,0.341547,0.05692457523610857,0.05692457523610857,0.012588413516625173,8.5
9,36,4.659044,0.376567,1.011869,True,,0.02002680439365844,1211.1110424882045,91.22522238123086,-38.239280641534314,-88.74626550611586,1.0865314024633993e-06,2.511918085421354,0.025574271311869744,0.307541,0.051256813804308576,0.051256813804308576,0.012588413516625173,8.81
9,37,4.644178,0.371834,1.015355,True,,0.013207358683235049,1289.7012695862263,90.85978228063865,-37.08733170216082,-88.38082540552365,1.1210248654068249e-06,2.4539971960498415,0.013984823775071233,0.242089,0.04034812417295244,0.04034812417295244,0.012588413516625173,9.05
9,38,2.391274,0.28192,0.9,True,,0.5219721069562786,1730.7977724851105,30.1620724781285,-52.4841223786386,-27.6831156030135,2.4261763434846265e-05,2.2302886941829625,0.0077293365250366815,0.193734,0.03228902227348752,0.03228902227348752,0.012588413516625173,9.25
9,39,1.121433,0.416084,1.054164,True,,0.8443526981309016,312.7695652848502,5.710175086932608,22.51210564968791,-3.231218211817609,0.00033764884358372264,3.9785669256866636,0.011128550863359326,0.159273,0.02654543916384379,0.02654543916384379,0.012588413516625173,9.41
9,40,1.711492,0.417067,0.9,True,,0.681803098610714,569.1890683474046,16.751469540124532,-1.7923412726860821,-14.272512665009533,7.54593462849897e-05,3.2322995254305935,0.006417672195777972,0.15492,0.025820063021447924,0.025820063021447924,0.012588413516625173,9.56
