arm,tag,seed,step,stable,violations,loss,cost_usd,epsilon,sigma,bond_length_nm,bond_k,angle_deg,angle_k
"BO, multi-output + constraints",gp_multi,0,1,False,blowup,,0.003893,5.458732,0.325864,0.208195,492.554759,157.260673,137.349559
"BO, multi-output + constraints",gp_multi,0,2,True,,7.112197078033376,0.078344,7.545507,0.418695,0.200548,5201.463949,83.19063,110.80004
"BO, multi-output + constraints",gp_multi,0,3,False,blowup,,0.005983,4.400848,0.431213,0.386809,2403.653102,134.295334,51.671062
"BO, multi-output + constraints",gp_multi,0,4,False,blowup,,0.030663,7.23192,0.318617,0.324637,870.485924,159.101194,119.129255
"BO, multi-output + constraints",gp_multi,0,5,True,,2.3086624146950343,0.074355,3.352819,0.305548,0.290068,4859.415914,101.91101,12.543089
"BO, multi-output + constraints",gp_multi,0,6,True,,6.057195922484077,0.07447,7.491968,0.444547,0.202941,5236.384505,173.213529,143.795476
"BO, multi-output + constraints",gp_multi,0,7,True,,2.2654627067335156,0.073003,1.462577,0.423024,0.213338,2328.135881,120.87838,145.079002
"BO, multi-output + constraints",gp_multi,0,8,True,,3.7192973267536864,0.072265,3.845572,0.434693,0.208613,5007.155169,119.461484,125.321578
"BO, multi-output + constraints",gp_multi,0,9,True,,1.815596840916146,0.075801,5.568302,0.326554,0.34053,5685.287991,92.047625,130.392853
"BO, multi-output + constraints",gp_multi,0,10,False,blowup,,0.027901,7.02491,0.322015,0.228249,4152.346356,147.888761,29.222675
"BO, multi-output + constraints",gp_multi,0,11,True,,0.9872692371520215,0.073464,3.069931,0.326761,0.219177,4883.575887,152.393705,109.20382
"BO, multi-output + constraints",gp_multi,0,12,True,,1.6880570499686165,0.072946,1.20229,0.305236,0.369221,4092.960555,115.803641,142.102065
"BO, multi-output + constraints",gp_multi,0,13,False,blowup,,0.003781,5.553363,0.44761,0.290918,856.923242,121.567051,135.872197
"BO, multi-output + constraints",gp_multi,0,14,True,,3.181154315057039,0.07155,5.61141,0.41519,0.214227,4327.696122,135.302707,108.33799
"BO, multi-output + constraints",gp_multi,0,15,True,,1.123367920373058,0.069833,1.974079,0.280893,0.235693,3512.065461,146.704534,79.96618
"BO, multi-output + constraints",gp_multi,0,16,False,blowup,,0.003613,5.617544,0.41198,0.374407,2754.226314,104.577267,100.305218
"BO, multi-output + constraints",gp_multi,0,17,False,blowup,,0.003747,5.662911,0.443158,0.347511,3378.850633,110.6186,112.745627
"BO, multi-output + constraints",gp_multi,0,18,True,,8.739214863799992,0.067706,5.417272,0.414508,0.35132,3070.448473,156.530616,60.480273
"BO, multi-output + constraints",gp_multi,0,19,True,,1.054587845608698,0.069841,1.301516,0.305647,0.290573,1628.869931,149.189144,70.963088
"BO, multi-output + constraints",gp_multi,0,20,True,,2.3872766298856827,0.071764,1.497138,0.368964,0.267231,5141.654265,171.906477,77.916584
"BO, multi-output + constraints",gp_multi,0,21,False,blowup,,0.003885,4.457274,0.312649,0.206972,1006.590815,136.502454,92.39183
"BO, multi-output + constraints",gp_multi,0,22,False,blowup,,0.003801,6.997567,0.379478,0.359777,689.804666,169.232138,146.550926
"BO, multi-output + constraints",gp_multi,0,23,True,,2.158358586977674,0.065287,6.181296,0.401204,0.309431,950.860518,127.147461,102.985846
"BO, multi-output + constraints",gp_multi,0,24,True,,11.420854252233275,0.065001,5.336639,0.396362,0.356498,5875.05462,152.021863,109.856832
"BO, multi-output + constraints",gp_multi,0,25,True,,1.601598968078295,0.065434,7.649913,0.284345,0.388524,5244.008779,93.377348,128.35863
"BO, multi-output + constraints",gp_multi,0,26,True,,4.95546305722382,0.068453,5.197373,0.354177,0.3755,5104.464252,118.055012,140.93241
"BO, multi-output + constraints",gp_multi,0,27,False,blowup,,0.003766,3.199698,0.296033,0.395498,1807.573995,116.089481,139.63198
"BO, multi-output + constraints",gp_multi,0,28,True,,1.349788073960033,0.068321,7.975816,0.345497,0.381756,1226.614918,116.203469,122.442879
"BO, multi-output + constraints",gp_multi,0,29,True,,1.5076930558232016,0.06715,1.467237,0.348108,0.22748,714.409857,81.904259,139.982688
"BO, multi-output + constraints",gp_multi,0,30,False,blowup,,0.015081,6.396831,0.282071,0.338773,531.260055,145.942439,78.964057
"BO, multi-output + constraints",gp_multi,0,31,True,,3.8933278883775118,0.067541,7.947378,0.357075,0.291453,4729.303265,151.678906,40.756552
"BO, multi-output + constraints",gp_multi,0,32,True,,1.6129674264393488,0.075112,2.542117,0.280815,0.367397,625.43331,170.078032,127.375038
"BO, multi-output + constraints",gp_multi,0,33,False,blowup,,0.025928,7.781697,0.440267,0.31769,1613.421265,137.375546,129.087753
"BO, multi-output + constraints",gp_multi,0,34,True,,0.8982038195919188,0.086709,4.107063,0.298137,0.391183,5902.795799,120.051557,129.185545
"BO, multi-output + constraints",gp_multi,0,35,True,,7.7334735795914025,0.065738,7.996028,0.429631,0.313517,2227.279807,151.627706,5.709424
"BO, multi-output + constraints",gp_multi,0,36,False,blowup,,0.003519,4.907545,0.448997,0.233868,435.576134,142.707146,129.096861
"BO, multi-output + constraints",gp_multi,0,37,False,blowup,,0.003722,3.728702,0.380068,0.211829,1112.856227,144.119882,119.239521
"BO, multi-output + constraints",gp_multi,0,38,True,,1.1188028986820036,0.064575,1.135226,0.323833,0.217423,5796.333922,137.504375,107.515316
"BO, multi-output + constraints",gp_multi,0,39,True,,2.73411359096453,0.066724,7.737605,0.280239,0.226141,2239.837847,148.605383,127.665131
"BO, multi-output + constraints",gp_multi,0,40,True,,2.4503364586527354,0.063269,4.700624,0.363774,0.232819,5800.458879,154.762704,56.866696
"BO, multi-output + constraints",gp_multi,0,41,True,,1.7073505704995904,0.066869,3.455785,0.381378,0.207157,4478.266492,141.92961,75.422585
"BO, multi-output + constraints",gp_multi,0,42,True,,1.2163594986158393,0.067586,4.818112,0.284677,0.217142,5060.721687,98.378129,76.037999
"BO, multi-output + constraints",gp_multi,0,43,True,,1.2105225095929557,0.066985,1.08757,0.377477,0.208155,4964.432339,118.799682,84.443181
"BO, multi-output + constraints",gp_multi,0,44,True,,2.7889746334855516,0.06623,4.08032,0.448095,0.200966,731.619734,142.883824,90.889913
"BO, multi-output + constraints",gp_multi,0,45,True,,1.5299295052980606,0.071121,4.063264,0.338264,0.304147,1898.764127,142.19367,90.679927
"BO, multi-output + constraints",gp_multi,0,46,False,blowup,,0.003435,7.748138,0.448559,0.362085,1427.233496,107.357188,142.70819
"BO, multi-output + constraints",gp_multi,0,47,True,,1.6004061967298806,0.08009,1.326578,0.28295,0.367768,5640.113616,171.796009,109.254689
"BO, multi-output + constraints",gp_multi,0,48,True,,16.436579346246106,0.067763,5.453799,0.448534,0.295904,1236.420321,141.280819,139.221048
"BO, multi-output + constraints",gp_multi,0,49,True,,1.8386283757157889,0.068996,7.769558,0.281746,0.390411,4362.927061,174.970053,30.564204
"BO, multi-output + constraints",gp_multi,0,50,True,,1.2641821467002055,0.066672,7.974278,0.297209,0.274839,4165.491985,120.961068,148.606088
"BO, multi-output + constraints",gp_multi,0,51,True,,0.7891147126673795,0.066701,2.166653,0.331721,0.208325,5274.723607,145.467136,13.163845
"BO, multi-output + constraints",gp_multi,0,52,True,,2.68365461728944,0.064998,5.958919,0.3358,0.39499,2129.918059,136.222957,13.390554
"BO, multi-output + constraints",gp_multi,0,53,True,,2.0444262673056652,0.070086,2.057444,0.411033,0.238897,3346.493704,156.309161,7.312225
"BO, multi-output + constraints",gp_multi,0,54,True,,2.5283702189738024,0.070751,1.140766,0.334027,0.396319,4067.221564,173.036169,83.637274
"BO, multi-output + constraints",gp_multi,0,55,True,,2.774804089107273,0.065457,7.086651,0.287375,0.213881,5584.204239,126.00217,28.098425
"BO, multi-output + constraints",gp_multi,0,56,True,,0.9880130674984414,0.069013,1.869142,0.289341,0.218666,4394.21786,140.078448,149.388055
"BO, multi-output + constraints",gp_multi,0,57,True,,1.2938262111687897,0.099826,2.677228,0.347294,0.34207,2510.74171,144.28258,18.36981
"BO, multi-output + constraints",gp_multi,0,58,True,,0.5268010076076594,0.077086,4.118271,0.280061,0.309042,4015.766215,118.690376,84.642996
"BO, multi-output + constraints",gp_multi,0,59,True,,3.2063904600021647,0.089516,1.47083,0.449431,0.210366,2496.199072,146.378253,9.28332
"BO, multi-output + constraints",gp_multi,0,60,True,,1.2699612790488468,0.067946,1.157225,0.281163,0.352663,1269.078896,163.915511,7.471963
"BO, multi-output + constraints",gp_multi,0,61,True,,1.8531183440643373,0.079329,2.940521,0.280771,0.203705,2310.155491,147.261959,9.220181
"BO, multi-output + constraints",gp_multi,0,62,True,,5.460301805386344,0.095692,7.564498,0.376499,0.299536,4017.520103,153.285335,141.5129
"BO, multi-output + constraints",gp_multi,0,63,False,blowup,,0.005555,2.729302,0.381094,0.268977,405.442923,147.432102,146.210548
"BO, multi-output + constraints",gp_multi,0,64,True,,1.4195759116860065,0.097982,1.983978,0.321846,0.20092,797.721687,170.916101,47.230511
"BO, multi-output + constraints",gp_multi,0,65,True,,3.240669812739223,0.082978,3.826858,0.384293,0.352878,1076.663131,137.591174,8.823042
"BO, multi-output + constraints",gp_multi,0,66,True,,0.458016213428407,0.064635,2.014193,0.385362,0.232119,1483.591198,125.948892,143.368502
"BO, multi-output + constraints",gp_multi,0,67,True,,0.8734264685653909,0.06634,3.628679,0.309152,0.380706,1464.546296,128.912951,145.494452
"BO, multi-output + constraints",gp_multi,0,68,False,blowup,,0.024615,1.853688,0.418185,0.226577,439.415362,141.425084,88.612556
"BO, multi-output + constraints",gp_multi,0,69,True,,1.4586303158131915,0.066821,1.111455,0.40864,0.223454,1378.162171,142.608405,65.984768
"BO, multi-output + constraints",gp_multi,0,70,False,blowup,,0.033964,7.989381,0.381892,0.212649,5452.184889,117.057424,142.164986
"BO, multi-output + constraints",gp_multi,0,71,True,,1.2687304320440922,0.07079,4.021271,0.28118,0.396458,2218.90761,164.625245,6.315201
"BO, multi-output + constraints",gp_multi,0,72,True,,0.44764054813130155,0.082936,2.533795,0.300411,0.389789,2304.382782,152.396658,21.756576
"BO, multi-output + constraints",gp_multi,0,73,True,,2.8030061505617443,0.064915,7.594406,0.368567,0.231014,4200.764631,117.999311,132.091994
"BO, multi-output + constraints",gp_multi,0,74,True,,0.7331403253432437,0.067516,2.801897,0.282078,0.339725,5509.457158,169.081685,14.602804
"BO, multi-output + constraints",gp_multi,0,75,True,,2.7603794081754156,0.067294,2.390513,0.379028,0.286666,2452.898131,164.463137,40.880279
"BO, multi-output + constraints",gp_multi,0,76,False,blowup,,0.004168,6.073099,0.381892,0.39911,1161.02354,162.562531,50.098568
"BO, multi-output + constraints",gp_multi,0,77,True,,2.07586787869156,0.07228,2.669195,0.353509,0.323528,5814.195919,139.577731,35.372006
"BO, multi-output + constraints",gp_multi,0,78,True,,2.5325469299366694,0.071006,3.156937,0.282455,0.208171,1102.419171,105.116949,147.70157
"BO, multi-output + constraints",gp_multi,0,79,True,,0.4956425510697797,0.06691,2.426318,0.357551,0.239064,2743.78506,163.166127,17.045787
"BO, multi-output + constraints",gp_multi,0,80,False,blowup,,0.00411,4.503739,0.354552,0.352127,437.85469,137.808018,122.008353
"BO, multi-output + constraints",gp_multi,0,81,True,,1.4807479583216518,0.067922,3.437148,0.320995,0.399297,805.04077,158.076537,9.014726
"BO, multi-output + constraints",gp_multi,0,82,True,,1.4569830717687096,0.069036,4.233049,0.340206,0.344062,763.838133,134.60817,124.835563
"BO, multi-output + constraints",gp_multi,0,83,True,,0.8312735345313056,0.066055,3.318836,0.349751,0.269121,2529.090928,121.668662,139.861499
"BO, multi-output + constraints",gp_multi,0,84,True,,2.8033070536435702,0.066011,7.692446,0.336913,0.391889,5652.975885,171.786942,57.705876
"BO, multi-output + constraints",gp_multi,0,85,True,,4.211694808238661,0.068744,3.93709,0.447199,0.210016,5359.158459,159.057159,32.826473
"BO, multi-output + constraints",gp_multi,0,86,True,,0.9425752868245783,0.064047,4.378693,0.412192,0.211133,5666.331767,132.903729,131.190378
"BO, multi-output + constraints",gp_multi,0,87,True,,1.6427726695294238,0.066144,1.366695,0.368843,0.289738,1020.884307,160.376337,30.345475
"BO, multi-output + constraints",gp_multi,0,88,False,blowup,,0.003808,3.679359,0.360858,0.395904,661.237221,129.27009,57.116923
"BO, multi-output + constraints",gp_multi,0,89,False,blowup,,0.003384,1.644141,0.435148,0.235139,533.771799,174.350274,35.691441
"BO, multi-output + constraints",gp_multi,0,90,True,,1.7535298693246084,0.064754,7.30248,0.289948,0.2006,5542.596068,172.606026,127.265692
"BO, multi-output + constraints",gp_multi,0,91,False,blowup,,0.014114,1.089964,0.300466,0.200695,847.700394,120.166394,120.088421
"BO, multi-output + constraints",gp_multi,0,92,True,,0.7330683168029591,0.067689,6.075752,0.335019,0.387713,5938.396717,117.326316,146.486462
"BO, multi-output + constraints",gp_multi,0,93,True,,1.2105140853740022,0.069268,1.219973,0.310042,0.399496,5595.765845,156.33685,15.282187
"BO, multi-output + constraints",gp_multi,0,94,True,,0.9025329434821839,0.075973,2.598389,0.284854,0.393548,3582.142859,113.460856,67.132108
"BO, multi-output + constraints",gp_multi,0,95,False,blowup,,0.004558,3.093826,0.428362,0.243282,677.176603,149.19427,71.786249
"BO, multi-output + constraints",gp_multi,0,96,True,,1.3497683925130333,0.092449,7.858312,0.280193,0.269284,4900.605155,122.06312,148.341439
"BO, multi-output + constraints",gp_multi,0,97,False,blowup,,0.003848,2.953542,0.438565,0.228002,606.30601,140.748391,65.133962
"BO, multi-output + constraints",gp_multi,0,98,True,,0.8646172684222764,0.069491,2.176905,0.318334,0.254776,2188.871717,132.547948,42.654402
"BO, multi-output + constraints",gp_multi,0,99,True,,1.1298801061570756,0.07044,6.016302,0.282961,0.376403,1857.605684,120.476991,133.931539
"BO, multi-output + constraints",gp_multi,0,100,True,,1.0086674114664094,0.073569,2.764635,0.339153,0.376467,574.560951,95.071843,88.916716
"BO, multi-output + constraints",gp_multi,0,101,True,,1.2999931442943182,0.069265,1.782301,0.287502,0.253621,5931.862802,170.729458,14.031084
"BO, multi-output + constraints",gp_multi,0,102,True,,0.9003169272592628,0.070105,2.341106,0.388672,0.213396,5594.673885,174.643922,19.006524
"BO, multi-output + constraints",gp_multi,0,103,True,,1.6342681898833866,0.06663,5.177113,0.365852,0.330506,1363.350629,147.719999,106.701788
"BO, multi-output + constraints",gp_multi,0,104,False,blowup,,0.005586,1.199688,0.40364,0.217323,1054.74468,112.775424,92.400639
"BO, multi-output + constraints",gp_multi,0,105,True,,0.7824553780336309,0.067001,2.259023,0.346963,0.254445,5175.065347,104.241075,148.050782
"BO, multi-output + constraints",gp_multi,0,106,True,,0.3452553219227574,0.06701,2.613782,0.305995,0.399053,2429.571845,133.86921,85.251838
"BO, multi-output + constraints",gp_multi,0,107,True,,1.543259816040318,0.067738,1.749474,0.42249,0.205823,2431.055735,157.1203,57.578177
"BO, multi-output + constraints",gp_multi,0,108,True,,0.4694057121352748,0.065514,2.097698,0.363601,0.250384,777.877276,127.17456,59.097331
"BO, multi-output + constraints",gp_multi,0,109,True,,0.5423033590295993,0.066781,2.311489,0.391304,0.205169,4009.202735,132.490181,147.240756
"BO, multi-output + constraints",gp_multi,0,110,True,,0.7263686456596401,0.064721,2.994575,0.323977,0.29725,2941.601256,135.43987,51.137247
"BO, multi-output + constraints",gp_multi,0,111,False,blowup,,0.004299,3.813065,0.288185,0.375055,4148.538577,129.08542,144.087433
"BO, multi-output + constraints",gp_multi,0,112,True,,1.0324066341943354,0.069902,4.129162,0.281432,0.372539,5450.605233,160.415621,148.249346
"BO, multi-output + constraints",gp_multi,0,113,True,,0.3800962496353261,0.068509,2.360043,0.310684,0.342423,5765.519698,132.207608,29.757956
"BO, multi-output + constraints",gp_multi,0,114,True,,0.4349527923835665,0.07578,2.142356,0.366386,0.216788,3388.129641,120.350677,132.260205
"BO, multi-output + constraints",gp_multi,0,115,True,,1.036547152079621,0.075907,1.105499,0.37782,0.203641,1492.437979,169.680079,13.651854
"BO, multi-output + constraints",gp_multi,0,116,True,,1.6189087315552158,0.076779,1.89363,0.421395,0.208778,558.228943,155.259355,44.587829
"BO, multi-output + constraints",gp_multi,0,117,True,,0.34600448643666526,0.069231,2.674971,0.316179,0.324975,4325.077892,129.274237,127.231999
"BO, multi-output + constraints",gp_multi,0,118,True,,0.5533264570656892,0.064671,2.890545,0.330163,0.304194,5912.441198,163.380119,12.152636
"BO, multi-output + constraints",gp_multi,0,119,True,,1.6616377438180348,0.047851,2.90132,0.422671,0.223365,1352.52095,121.946668,115.41216
"BO, multi-output + constraints",gp_multi,0,120,True,,0.6412168621071834,0.050242,3.016547,0.31156,0.247309,3330.057486,129.329195,115.89133
"BO, multi-output + constraints",gp_multi,0,121,True,,0.7941808212802913,0.046582,2.948073,0.336373,0.228611,4022.31487,117.640675,146.725839
"BO, multi-output + constraints",gp_multi,0,122,False,blowup,,0.002708,1.309107,0.415055,0.23085,935.767686,132.137491,146.868183
"BO, multi-output + constraints",gp_multi,0,123,True,,0.16317236025897458,0.04713,3.376396,0.328595,0.354185,815.176149,124.842919,57.363031
"BO, multi-output + constraints",gp_multi,0,124,True,,0.7167393747323206,0.049911,3.063646,0.337722,0.319625,5784.466829,135.102591,73.457655
"BO, multi-output + constraints",gp_multi,0,125,True,,1.7133842454807824,0.0488,3.01916,0.412161,0.271041,647.896336,174.961302,42.133292
"BO, multi-output + constraints",gp_multi,0,126,True,,1.2577471083431506,0.049732,1.484737,0.301332,0.206047,1713.275475,152.00639,23.568233
"BO, multi-output + constraints",gp_multi,0,127,True,,0.7838044752629347,0.050254,2.488257,0.288279,0.284321,3709.080659,139.467322,32.578244
"BO, multi-output + constraints",gp_multi,0,128,True,,0.40688650613356997,0.050003,2.593882,0.356404,0.336403,667.647032,129.881362,50.060754
"BO, multi-output + constraints",gp_multi,0,129,True,,1.1023707912293583,0.050587,2.740147,0.32044,0.36707,3106.438576,161.650728,20.230157
"BO, multi-output + constraints",gp_multi,0,130,True,,0.572846325445166,0.047764,3.712501,0.295057,0.373592,2301.152623,129.615257,105.567801
"BO, multi-output + constraints",gp_multi,0,131,True,,1.2326163974635909,0.050339,1.765117,0.382055,0.252282,1515.15654,168.660318,134.593271
"BO, multi-output + constraints",gp_multi,0,132,True,,0.9418667039966784,0.048967,1.072525,0.35511,0.20472,400.595108,127.331399,55.332095
"BO, multi-output + constraints",gp_multi,0,133,True,,0.6918204492954643,0.051054,2.062437,0.366188,0.246376,3964.25458,166.317694,10.644061
"BO, multi-output + constraints",gp_multi,0,134,False,blowup,,0.009148,7.15835,0.393347,0.393754,1221.478907,141.134089,53.829831
"BO, multi-output + constraints",gp_multi,0,135,False,blowup,,0.002789,3.279958,0.333145,0.337414,2456.421284,132.612889,148.438104
"BO, multi-output + constraints",gp_multi,0,136,True,,0.3008777585928271,0.048454,4.508582,0.338391,0.316797,2757.952415,122.631,144.767594
"BO, multi-output + constraints",gp_multi,0,137,True,,4.626574195383914,0.051561,6.289526,0.377054,0.398969,2025.148541,163.176748,56.261685
"BO, multi-output + constraints",gp_multi,0,138,True,,0.7471115578107959,0.050148,3.263926,0.31499,0.200418,4262.490511,130.599075,122.830063
"BO, multi-output + constraints",gp_multi,0,139,True,,2.225571246404765,0.047763,6.682269,0.403119,0.25463,5562.533413,172.383588,44.894731
"BO, multi-output + constraints",gp_multi,0,140,False,blowup,,0.002756,7.719285,0.280595,0.396068,1311.835294,126.776826,135.297119
"BO, multi-output + constraints",gp_multi,0,141,False,blowup,,0.010624,3.947076,0.298985,0.250296,1576.705883,157.393593,27.28804
"BO, multi-output + constraints",gp_multi,0,142,True,,1.1923981699886501,0.049175,5.242081,0.305822,0.246155,3194.991856,164.414564,78.139961
"BO, multi-output + constraints",gp_multi,0,143,True,,0.43027579840239955,0.04913,3.476495,0.376695,0.291922,1496.751957,127.411248,106.777113
"BO, multi-output + constraints",gp_multi,0,144,True,,1.0008564577887953,0.048067,3.216687,0.370321,0.207873,5956.607935,125.928955,128.566134
"BO, multi-output + constraints",gp_multi,0,145,True,,1.3464724434818764,0.050508,1.575583,0.385042,0.243111,2127.065366,128.881549,105.989363
"BO, multi-output + constraints",gp_multi,0,146,True,,0.8350424033432433,0.052155,2.014327,0.329251,0.336256,1765.66949,135.892055,148.090552
"BO, multi-output + constraints",gp_multi,0,147,True,,0.15888565806623484,0.049079,3.039961,0.32848,0.309041,5985.725595,126.47064,119.869184
"BO, multi-output + constraints",gp_multi,0,148,True,,0.9038911569755257,0.049026,2.022176,0.285669,0.220236,3900.587373,153.493702,23.417914
"BO, multi-output + constraints",gp_multi,0,149,True,,1.0172874650609947,0.049204,1.130033,0.280565,0.39966,5850.137318,135.694923,22.728447
"BO, multi-output + constraints",gp_multi,0,150,True,,1.5791469265726354,0.049018,2.972648,0.317318,0.392381,4410.696587,135.530229,34.301991
"BO, multi-output + constraints",gp_multi,1,1,True,,5.643704440098138,0.075304,1.192914,0.408097,0.307629,2246.497612,154.900727,48.96325
"BO, multi-output + constraints",gp_multi,1,2,False,blowup,,0.004064,1.27715,0.36986,0.291867,749.157643,140.926176,128.631762
"BO, multi-output + constraints",gp_multi,1,3,False,blowup,,0.003474,4.566471,0.366851,0.350606,1228.3634,157.864538,104.076601
"BO, multi-output + constraints",gp_multi,1,4,True,,0.8723835739833505,0.071178,2.339267,0.293864,0.371045,5223.187579,163.271024,73.426909
"BO, multi-output + constraints",gp_multi,1,5,False,blowup,,0.004026,7.263011,0.351862,0.3179,537.147794,143.978689,138.26785
"BO, multi-output + constraints",gp_multi,1,6,True,,3.743993123842295,0.074091,2.718866,0.410648,0.242335,5055.139074,85.958203,124.695733
"BO, multi-output + constraints",gp_multi,1,7,True,,2.5595457101675163,0.074356,5.839359,0.310357,0.279251,432.617733,104.936998,66.072378
"BO, multi-output + constraints",gp_multi,1,8,True,,4.990505705755383,0.07344,6.077058,0.391157,0.286245,5256.994832,140.052836,122.489781
"BO, multi-output + constraints",gp_multi,1,9,False,blowup,,0.003673,7.972988,0.321347,0.251373,809.864405,104.491296,115.653637
"BO, multi-output + constraints",gp_multi,1,10,True,,4.627696781714063,0.073933,3.94645,0.393047,0.291186,3684.50263,159.770037,110.338673
"BO, multi-output + constraints",gp_multi,1,11,True,,8.158276316544114,0.076204,1.041503,0.416182,0.339204,2758.234455,145.584502,22.475066
"BO, multi-output + constraints",gp_multi,1,12,True,,1.440648799738991,0.07401,3.502897,0.289978,0.341579,5327.822477,114.999558,12.086006
"BO, multi-output + constraints",gp_multi,1,13,False,blowup,,0.005152,6.43083,0.288869,0.210297,3057.380161,120.829516,119.197924
"BO, multi-output + constraints",gp_multi,1,14,False,blowup,,0.00566,5.227772,0.28593,0.202444,3060.857338,90.442877,134.834026
"BO, multi-output + constraints",gp_multi,1,15,False,blowup,,0.020438,3.684682,0.286929,0.202442,3169.7066,108.731904,109.155452
"BO, multi-output + constraints",gp_multi,1,16,True,,0.827832466616185,0.071771,3.06215,0.287745,0.207106,4538.984806,154.501744,93.781331
"BO, multi-output + constraints",gp_multi,1,17,True,,1.1293530735337483,0.071826,3.897057,0.286473,0.383419,5658.833845,160.897486,143.324963
"BO, multi-output + constraints",gp_multi,1,18,True,,3.4211587096012126,0.065821,5.504402,0.339775,0.28348,3540.440835,83.16791,49.412663
"BO, multi-output + constraints",gp_multi,1,19,True,,0.944648571363815,0.066491,3.17276,0.307856,0.202826,3132.942243,173.634506,115.601447
"BO, multi-output + constraints",gp_multi,1,20,True,,1.0978802267023822,0.067711,4.835196,0.296701,0.379218,2090.638906,152.643108,87.428363
"BO, multi-output + constraints",gp_multi,1,21,True,,1.4434106367654493,0.068212,2.240202,0.311939,0.219349,2339.557775,87.165193,140.181943
"BO, multi-output + constraints",gp_multi,1,22,False,blowup,,0.004457,2.763199,0.304171,0.397643,1584.281029,155.164465,28.582846
"BO, multi-output + constraints",gp_multi,1,23,True,,0.6693894612344058,0.065254,4.82931,0.296845,0.302975,4809.427181,124.616478,128.713694
"BO, multi-output + constraints",gp_multi,1,24,True,,1.1749319638144058,0.066442,4.889444,0.334297,0.349185,4823.56768,174.333931,73.078696
"BO, multi-output + constraints",gp_multi,1,25,False,blowup,,0.003523,1.707812,0.309221,0.392707,868.91548,138.700539,58.046275
"BO, multi-output + constraints",gp_multi,1,26,True,,0.8569098226471219,0.064247,2.205239,0.311166,0.207448,4676.969083,114.444998,110.5019
"BO, multi-output + constraints",gp_multi,1,27,True,,1.112080673094946,0.07378,3.579448,0.30719,0.351005,4835.741799,170.303748,120.145034
"BO, multi-output + constraints",gp_multi,1,28,True,,0.7151411794760681,0.065237,3.283594,0.323076,0.298569,3716.926369,129.951255,131.229755
"BO, multi-output + constraints",gp_multi,1,29,True,,1.4249115419171792,0.068922,3.077933,0.350001,0.241051,3729.529003,106.534109,134.678092
"BO, multi-output + constraints",gp_multi,1,30,True,,2.5099005419507074,0.076711,1.274433,0.357309,0.317157,3523.202014,128.267575,112.637711
"BO, multi-output + constraints",gp_multi,1,31,True,,1.3069052261629335,0.094837,4.069437,0.282951,0.34233,3013.125646,84.282141,118.451242
"BO, multi-output + constraints",gp_multi,1,32,True,,5.3399662599764355,0.066824,7.211139,0.363529,0.387294,3079.290107,109.398587,147.454959
"BO, multi-output + constraints",gp_multi,1,33,True,,0.6368943032271096,0.066964,1.943969,0.370392,0.200326,4683.631941,124.322904,131.204618
"BO, multi-output + constraints",gp_multi,1,34,False,blowup,,0.017075,6.832497,0.283859,0.20032,1909.568082,129.126713,81.813348
"BO, multi-output + constraints",gp_multi,1,35,False,blowup,,0.033367,6.533122,0.284454,0.200834,2570.344967,129.205154,133.851151
"BO, multi-output + constraints",gp_multi,1,36,True,,1.4398325717360902,0.086064,1.147607,0.295826,0.267749,2261.823476,153.438342,102.988295
"BO, multi-output + constraints",gp_multi,1,37,True,,2.1183784587381136,0.093462,7.438001,0.285418,0.230642,3216.299813,107.778353,73.577407
"BO, multi-output + constraints",gp_multi,1,38,True,,0.37085382191212607,0.068028,2.290101,0.357531,0.250187,2809.497057,145.871991,44.513816
"BO, multi-output + constraints",gp_multi,1,39,True,,0.4811916925412019,0.068357,3.612651,0.31782,0.398924,2540.233235,126.813153,102.104249
"BO, multi-output + constraints",gp_multi,1,40,True,,3.055911726707758,0.064926,7.90486,0.364008,0.227107,5407.187735,130.824627,53.799442
"BO, multi-output + constraints",gp_multi,1,41,True,,6.261112934426989,0.063793,1.303061,0.448449,0.205286,5373.298763,114.044673,112.973886
"BO, multi-output + constraints",gp_multi,1,42,False,blowup,,0.00486,1.632144,0.325199,0.360038,2980.426306,130.131828,92.471762
"BO, multi-output + constraints",gp_multi,1,43,True,,1.3495327756798463,0.069664,2.561555,0.376288,0.209617,1961.916351,131.662577,95.702539
"BO, multi-output + constraints",gp_multi,1,44,True,,0.5171026294865471,0.06788,1.963823,0.390515,0.202923,4252.54461,128.17476,100.053453
"BO, multi-output + constraints",gp_multi,1,45,False,blowup,,0.03499,5.116659,0.396357,0.218125,2136.679511,124.144219,126.077029
"BO, multi-output + constraints",gp_multi,1,46,True,,18.68211534537767,0.06888,7.961646,0.403507,0.201101,598.598744,153.848319,117.89596
"BO, multi-output + constraints",gp_multi,1,47,True,,9.193464540907247,0.06558,7.950871,0.39031,0.378253,5927.073996,155.662932,88.734502
"BO, multi-output + constraints",gp_multi,1,48,True,,2.6628715143939017,0.065388,7.71053,0.322407,0.333404,4814.485793,141.432979,25.020561
"BO, multi-output + constraints",gp_multi,1,49,True,,1.254901802534058,0.075067,2.552908,0.345725,0.20739,5998.841644,172.165542,30.965656
"BO, multi-output + constraints",gp_multi,1,50,True,,1.2218126274333296,0.067107,6.860633,0.280382,0.390531,5897.843863,121.118567,143.155514
"BO, multi-output + constraints",gp_multi,1,51,True,,1.4802900185612464,0.068318,3.768382,0.368174,0.264482,3815.685622,167.664241,145.22294
"BO, multi-output + constraints",gp_multi,1,52,True,,0.5170084861516131,0.0655,3.105319,0.341598,0.306903,1029.441284,133.191205,55.991685
"BO, multi-output + constraints",gp_multi,1,53,False,blowup,,0.008801,2.670338,0.284304,0.204257,1449.947248,128.11603,40.976531
"BO, multi-output + constraints",gp_multi,1,54,True,,1.2610940335815701,0.07022,1.968527,0.280135,0.284156,571.707093,145.076237,40.275031
"BO, multi-output + constraints",gp_multi,1,55,True,,1.373687285839196,0.106192,1.733334,0.324663,0.385743,706.901095,131.668637,102.113547
"BO, multi-output + constraints",gp_multi,1,56,True,,0.8293083737146787,0.077413,2.185895,0.297913,0.378275,424.819673,124.230671,78.044212
"BO, multi-output + constraints",gp_multi,1,57,True,,1.2013973627722163,0.065666,1.02241,0.369871,0.25783,492.919189,147.821437,15.128173
"BO, multi-output + constraints",gp_multi,1,58,True,,0.8225273347894397,0.072282,3.695481,0.318876,0.374757,5905.77338,149.410349,80.549132
"BO, multi-output + constraints",gp_multi,1,59,True,,2.020844193894125,0.065136,7.722719,0.282637,0.387519,744.471535,144.647232,141.313336
"BO, multi-output + constraints",gp_multi,1,60,True,,0.35481800685542114,0.070392,2.367157,0.375005,0.215341,5190.221309,134.642825,56.610192
"BO, multi-output + constraints",gp_multi,1,61,True,,0.7456501356042269,0.064687,2.788682,0.317136,0.394568,3858.71097,158.510682,34.960297
"BO, multi-output + constraints",gp_multi,1,62,True,,1.2137067860165744,0.066728,5.715462,0.280019,0.294073,5653.680467,149.326639,89.735892
"BO, multi-output + constraints",gp_multi,1,63,True,,2.4111533242738954,0.07887,5.546609,0.320364,0.352487,2796.218275,145.828251,139.376498
"BO, multi-output + constraints",gp_multi,1,64,True,,1.768308892512042,0.066188,1.203123,0.393476,0.201838,5916.04247,172.836824,20.094072
"BO, multi-output + constraints",gp_multi,1,65,True,,2.754738084288694,0.064987,4.221523,0.386764,0.204782,4941.101398,141.330179,74.719272
"BO, multi-output + constraints",gp_multi,1,66,True,,1.441643279582193,0.065777,4.678851,0.412109,0.208523,5872.097627,121.886614,70.31225
"BO, multi-output + constraints",gp_multi,1,67,True,,0.4087845745092327,0.066085,3.225191,0.341626,0.270262,5782.463219,116.36141,126.098082
"BO, multi-output + constraints",gp_multi,1,68,True,,1.099056362527122,0.074949,1.544026,0.308307,0.381485,5990.771681,160.565605,40.096842
"BO, multi-output + constraints",gp_multi,1,69,True,,2.9535124268035093,0.06733,7.901929,0.33023,0.399828,1911.140905,150.147707,113.967866
"BO, multi-output + constraints",gp_multi,1,70,True,,1.1272933320059308,0.068261,2.049801,0.282606,0.29036,5998.034114,152.842362,33.202849
"BO, multi-output + constraints",gp_multi,1,71,True,,0.6892274798216407,0.069811,1.660981,0.284531,0.396514,1851.121192,133.814348,62.509685
"BO, multi-output + constraints",gp_multi,1,72,True,,0.8904835011149604,0.066044,3.893694,0.341247,0.336634,1922.57568,129.371502,87.277798
"BO, multi-output + constraints",gp_multi,1,73,True,,0.18218457263374938,0.06812,3.914756,0.316217,0.399248,1626.659834,124.444527,100.6089
"BO, multi-output + constraints",gp_multi,1,74,True,,1.1177618386753914,0.070152,6.214532,0.280574,0.309473,2514.056536,133.765165,105.784203
"BO, multi-output + constraints",gp_multi,1,75,True,,0.7230815234986159,0.0721,3.998716,0.283523,0.269439,3789.548495,134.081779,143.463506
"BO, multi-output + constraints",gp_multi,1,76,True,,0.282958784708419,0.065822,2.850008,0.357358,0.245904,2763.414,130.115751,74.409828
"BO, multi-output + constraints",gp_multi,1,77,False,blowup,,0.003692,4.215272,0.366432,0.245854,2006.228219,125.637519,143.751281
"BO, multi-output + constraints",gp_multi,1,78,True,,0.9476946477973768,0.071674,1.382546,0.327184,0.298317,1228.129634,131.871275,62.907204
"BO, multi-output + constraints",gp_multi,1,79,True,,0.7566480030323376,0.070904,3.088327,0.325908,0.387183,4109.972633,134.337479,43.855894
"BO, multi-output + constraints",gp_multi,1,80,True,,0.8426720313044589,0.063236,2.648008,0.299508,0.360409,5569.408253,127.823919,134.048067
"BO, multi-output + constraints",gp_multi,1,81,True,,0.3670637194129317,0.069567,2.361078,0.336743,0.296622,1634.398583,140.719564,35.485902
"BO, multi-output + constraints",gp_multi,1,82,True,,0.8574727630452847,0.066165,4.351991,0.283899,0.219308,3119.509481,121.181839,81.807645
"BO, multi-output + constraints",gp_multi,1,83,True,,0.5636475830783542,0.066845,3.587346,0.341759,0.308255,1568.689255,133.472141,52.103102
"BO, multi-output + constraints",gp_multi,1,84,True,,2.049003093068868,0.064418,4.854909,0.363319,0.249594,2493.211801,121.73672,82.791034
"BO, multi-output + constraints",gp_multi,1,85,True,,0.9206039332440006,0.064884,1.09564,0.335819,0.219508,2235.020515,147.628815,14.456687
"BO, multi-output + constraints",gp_multi,1,86,True,,2.628522009801939,0.068273,6.956806,0.346594,0.315927,3570.076808,145.317018,111.042311
"BO, multi-output + constraints",gp_multi,1,87,True,,2.7299080517909147,0.06656,4.3403,0.31666,0.227402,4733.73928,151.232927,7.773835
"BO, multi-output + constraints",gp_multi,1,88,True,,0.7100902554926375,0.061653,2.012481,0.399864,0.204298,2684.13874,167.473733,12.883337
"BO, multi-output + constraints",gp_multi,1,89,False,blowup,,0.004582,7.477591,0.286963,0.362772,1536.335801,156.498969,28.790121
"BO, multi-output + constraints",gp_multi,1,90,False,blowup,,0.012372,5.183497,0.383016,0.221666,2710.861266,123.412781,69.347427
"BO, multi-output + constraints",gp_multi,1,91,True,,2.5766357349027347,0.060713,3.744085,0.369269,0.27334,1535.220641,153.246352,9.859307
"BO, multi-output + constraints",gp_multi,1,92,True,,0.6642855599573741,0.063414,3.888022,0.304059,0.264161,3279.751313,137.799635,52.947731
"BO, multi-output + constraints",gp_multi,1,93,True,,3.091746231745407,0.072046,7.169792,0.338304,0.398214,1378.984771,164.073533,42.808141
"BO, multi-output + constraints",gp_multi,1,94,True,,1.862389644772136,0.074311,7.928289,0.357425,0.307907,5868.024328,125.141585,120.49317
"BO, multi-output + constraints",gp_multi,1,95,True,,1.1309924348795624,0.074207,1.030536,0.334008,0.269127,5141.296183,120.291307,104.114923
"BO, multi-output + constraints",gp_multi,1,96,True,,4.179220057965987,0.07163,6.622282,0.358427,0.34131,5571.927307,120.00896,74.464611
"BO, multi-output + constraints",gp_multi,1,97,False,blowup,,0.016634,7.972089,0.29507,0.201515,5612.949081,134.303966,112.571268
"BO, multi-output + constraints",gp_multi,1,98,True,,1.3198928173035427,0.102895,6.075957,0.296717,0.2118,5580.749365,139.681038,120.264314
"BO, multi-output + constraints",gp_multi,1,99,False,blowup,,0.006283,3.567933,0.388024,0.234545,928.427339,118.237036,83.469752
"BO, multi-output + constraints",gp_multi,1,100,True,,2.488093373239499,0.103436,3.682968,0.393725,0.225008,1918.502045,173.776805,38.885604
"BO, multi-output + constraints",gp_multi,1,101,True,,1.2985037103549988,0.075255,7.008089,0.291144,0.392343,4873.587171,132.467162,105.711659
"BO, multi-output + constraints",gp_multi,1,102,False,blowup,,0.025255,6.306334,0.380415,0.202523,4085.522054,142.426276,107.699086
"BO, multi-output + constraints",gp_multi,1,103,True,,1.2512556157728492,0.098365,4.08132,0.43153,0.202107,4316.197639,148.609573,41.135275
"BO, multi-output + constraints",gp_multi,1,104,True,,1.7179843535952461,0.099116,1.142805,0.284398,0.205745,1417.661211,169.594501,21.079704
"BO, multi-output + constraints",gp_multi,1,105,True,,1.4876569853150035,0.07642,7.708268,0.305378,0.272081,4009.438449,121.915703,144.964731
"BO, multi-output + constraints",gp_multi,1,106,True,,3.3358989634167324,0.076354,5.9514,0.375714,0.211354,4837.731919,143.830486,113.916032
"BO, multi-output + constraints",gp_multi,1,107,True,,2.3336371550083284,0.074962,2.717163,0.429315,0.207162,949.159077,118.736367,49.936743
"BO, multi-output + constraints",gp_multi,1,108,False,blowup,,0.009132,1.952034,0.44033,0.200226,1583.13429,144.788416,117.149543
"BO, multi-output + constraints",gp_multi,1,109,True,,1.2521007032446299,0.076328,1.500988,0.447965,0.218393,612.217581,134.03788,48.611711
"BO, multi-output + constraints",gp_multi,1,110,False,blowup,,0.00446,3.153268,0.448656,0.222025,732.014089,132.566502,130.062432
"BO, multi-output + constraints",gp_multi,1,111,False,blowup,,0.010079,1.77456,0.413708,0.234846,420.83357,137.54275,54.94187
"BO, multi-output + constraints",gp_multi,1,112,True,,3.4358835098147598,0.074472,2.267445,0.396509,0.255257,599.595043,130.141799,54.090099
"BO, multi-output + constraints",gp_multi,1,113,False,blowup,,0.003895,3.345988,0.446647,0.22093,1544.723793,173.891022,125.657335
"BO, multi-output + constraints",gp_multi,1,114,True,,2.515311362107855,0.06918,5.437392,0.39994,0.206644,1908.189016,163.503201,30.011147
"BO, multi-output + constraints",gp_multi,1,115,True,,3.928707552804686,0.047068,4.948887,0.424525,0.204974,1378.720804,135.117999,55.93147
"BO, multi-output + constraints",gp_multi,1,116,False,blowup,,0.00243,4.212995,0.449436,0.254286,1043.949115,165.749664,46.686846
"BO, multi-output + constraints",gp_multi,1,117,False,blowup,,0.007739,4.729106,0.44317,0.272498,401.622837,164.284069,65.128638
"BO, multi-output + constraints",gp_multi,1,118,True,,2.2750037298684984,0.047542,4.440713,0.414112,0.275475,913.584547,131.603381,114.354142
"BO, multi-output + constraints",gp_multi,1,119,False,blowup,,0.002518,4.17443,0.449192,0.296543,843.394563,169.776525,92.53125
"BO, multi-output + constraints",gp_multi,1,120,True,,2.337174643385236,0.047792,3.789089,0.449398,0.320121,528.772333,107.407846,85.480356
"BO, multi-output + constraints",gp_multi,1,121,True,,2.052032151653275,0.047454,7.827386,0.284513,0.369212,5878.044716,172.835498,17.35435
"BO, multi-output + constraints",gp_multi,1,122,True,,4.344718631365697,0.047273,6.530815,0.399483,0.203122,5562.833334,170.943577,120.35955
"BO, multi-output + constraints",gp_multi,1,123,True,,7.087014961011551,0.049348,7.631208,0.408285,0.201572,5535.849768,169.567575,43.935643
"BO, multi-output + constraints",gp_multi,1,124,True,,2.9997803281081774,0.048056,5.507079,0.44315,0.200784,3931.546274,169.448387,28.22764
"BO, multi-output + constraints",gp_multi,1,125,True,,8.769109548028762,0.046322,7.693054,0.44317,0.265915,5863.03818,153.037675,122.342326
"BO, multi-output + constraints",gp_multi,1,126,True,,1.0845266585638595,0.047267,5.33687,0.280533,0.204802,4241.331584,135.193172,60.563102
"BO, multi-output + constraints",gp_multi,1,127,False,blowup,,0.021266,4.469976,0.388329,0.352348,549.158494,119.918098,103.146487
"BO, multi-output + constraints",gp_multi,1,128,False,blowup,,0.037898,4.910334,0.36158,0.366249,937.718669,146.227854,57.629112
"BO, multi-output + constraints",gp_multi,1,129,False,blowup,,0.002749,3.33962,0.287824,0.294925,1058.246668,132.078377,112.052403
"BO, multi-output + constraints",gp_multi,1,130,False,blowup,,0.032769,5.018114,0.377279,0.342821,693.592061,151.511634,111.311928
"BO, multi-output + constraints",gp_multi,1,131,True,,0.49417798312274425,0.048972,3.274668,0.280386,0.297306,1827.419229,172.025119,18.792274
"BO, multi-output + constraints",gp_multi,1,132,True,,0.966685733541958,0.04756,4.913674,0.412289,0.204073,5774.346522,127.313948,142.362676
"BO, multi-output + constraints",gp_multi,1,133,True,,1.38325469911225,0.04848,7.92252,0.287705,0.329781,2487.55951,119.820572,104.925382
"BO, multi-output + constraints",gp_multi,1,134,True,,2.0874400149079113,0.049152,7.894288,0.287376,0.22215,5894.276482,100.04624,131.000518
"BO, multi-output + constraints",gp_multi,1,135,True,,4.014549317845237,0.048545,5.366996,0.366059,0.351667,561.113937,145.056747,40.582772
"BO, multi-output + constraints",gp_multi,1,136,True,,1.0704300256493,0.049178,2.760916,0.437691,0.201379,2910.208689,146.566378,36.730084
"BO, multi-output + constraints",gp_multi,1,137,True,,1.0168152396102974,0.048619,1.227446,0.282618,0.376999,4429.456401,136.192935,27.81738
"BO, multi-output + constraints",gp_multi,1,138,True,,0.8843723840243177,0.051969,3.058114,0.289242,0.3813,429.051028,171.421977,13.089144
"BO, multi-output + constraints",gp_multi,1,139,True,,1.8842692322597523,0.048616,6.223588,0.337909,0.265512,5810.518028,155.804461,43.261952
"BO, multi-output + constraints",gp_multi,1,140,True,,1.088305093131557,0.047339,4.780774,0.444828,0.251582,2127.478942,116.024391,51.442863
"BO, multi-output + constraints",gp_multi,1,141,True,,0.2385305781484381,0.050952,2.898919,0.305805,0.392973,2108.224985,127.137381,74.493627
"BO, multi-output + constraints",gp_multi,1,142,False,blowup,,0.00265,5.419817,0.281134,0.289387,925.543282,118.036146,126.057227
"BO, multi-output + constraints",gp_multi,1,143,True,,0.8643725196696767,0.052688,1.421754,0.281548,0.396031,5766.649987,117.439022,52.829665
"BO, multi-output + constraints",gp_multi,1,144,True,,0.7538771121389797,0.050443,4.03805,0.281385,0.211509,5810.945127,110.692443,137.926391
"BO, multi-output + constraints",gp_multi,1,145,False,blowup,,0.003982,7.986353,0.320257,0.227018,1799.096485,138.54625,111.701224
"BO, multi-output + constraints",gp_multi,1,146,False,blowup,,0.006981,3.96698,0.301573,0.204131,1000.438891,162.310951,33.584999
"BO, multi-output + constraints",gp_multi,1,147,True,,1.8190483784169562,0.05237,5.700011,0.329035,0.347185,5712.740137,167.108278,83.14645
"BO, multi-output + constraints",gp_multi,1,148,True,,0.8684003740949672,0.049895,6.064685,0.323159,0.39372,5104.293152,134.06695,95.535278
"BO, multi-output + constraints",gp_multi,1,149,True,,1.7904298712452034,0.04956,5.640986,0.441823,0.202136,5546.874678,120.917382,48.741382
"BO, multi-output + constraints",gp_multi,1,150,False,blowup,,0.013841,3.784415,0.293816,0.253955,1280.41104,127.144842,52.278994
"BO, multi-output + constraints",gp_multi,2,1,True,,0.6096334952578125,0.075663,2.831285,0.330743,0.362845,914.729276,137.00955,110.641276
"BO, multi-output + constraints",gp_multi,2,2,True,,1.1024869967436355,0.069224,3.741374,0.311833,0.269192,3261.969452,164.664894,117.456772
"BO, multi-output + constraints",gp_multi,2,3,False,blowup,,0.016462,3.373178,0.368881,0.243245,963.940171,83.667392,106.782674
"BO, multi-output + constraints",gp_multi,2,4,True,,11.028625137911739,0.075076,3.695666,0.445525,0.318412,4688.94656,118.683464,33.444637
"BO, multi-output + constraints",gp_multi,2,5,False,blowup,,0.003816,3.07305,0.437618,0.356913,471.854124,108.179501,6.421776
"BO, multi-output + constraints",gp_multi,2,6,False,blowup,,0.004106,7.873183,0.355798,0.263679,674.474982,117.011552,58.075663
"BO, multi-output + constraints",gp_multi,2,7,False,blowup,,0.004186,1.369125,0.446028,0.322926,882.248565,104.218234,95.009342
"BO, multi-output + constraints",gp_multi,2,8,True,,5.455931476011185,0.074508,4.91564,0.401319,0.238519,3472.671706,107.481403,20.294669
"BO, multi-output + constraints",gp_multi,2,9,True,,3.9054474760797486,0.073586,2.984237,0.362862,0.378307,1763.084122,124.490816,56.48217
"BO, multi-output + constraints",gp_multi,2,10,True,,2.1670410463700542,0.073202,2.718986,0.38181,0.287174,1695.852856,86.21085,29.465614
"BO, multi-output + constraints",gp_multi,2,11,True,,1.5079660056330304,0.077096,5.177068,0.351878,0.29334,4170.316504,144.976353,78.494085
"BO, multi-output + constraints",gp_multi,2,12,True,,2.6179528058724193,0.073407,1.348528,0.364772,0.309331,2000.563472,158.264706,96.662455
"BO, multi-output + constraints",gp_multi,2,13,False,blowup,,0.003833,5.369162,0.387689,0.305255,577.580487,172.251394,129.516747
"BO, multi-output + constraints",gp_multi,2,14,False,blowup,,0.013724,5.039141,0.367881,0.316785,642.671025,129.03812,91.816595
"BO, multi-output + constraints",gp_multi,2,15,True,,0.3878828733814891,0.090559,2.928484,0.32827,0.30534,5329.364351,130.104947,34.315472
"BO, multi-output + constraints",gp_multi,2,16,False,blowup,,0.006899,7.998143,0.301432,0.201519,4302.483471,141.990784,138.486749
"BO, multi-output + constraints",gp_multi,2,17,True,,0.5354333110183593,0.097771,7.658524,0.339848,0.342621,4051.359687,127.306521,89.190989
"BO, multi-output + constraints",gp_multi,2,18,True,,2.302504121449973,0.095508,3.724061,0.383552,0.339516,4178.169351,168.503699,9.493633
"BO, multi-output + constraints",gp_multi,2,19,True,,2.947367248772977,0.070056,3.713463,0.386032,0.34732,1370.540401,173.287923,121.289249
"BO, multi-output + constraints",gp_multi,2,20,True,,1.2249721045904376,0.065754,3.701254,0.336257,0.210343,5980.123854,104.565484,122.143645
"BO, multi-output + constraints",gp_multi,2,21,True,,1.1982841664051518,0.087901,4.831392,0.403945,0.303437,2301.254183,131.682644,124.686992
"BO, multi-output + constraints",gp_multi,2,22,True,,20.980551792910642,0.06984,3.572844,0.429871,0.3801,580.679645,108.473343,144.446525
"BO, multi-output + constraints",gp_multi,2,23,False,blowup,,0.047674,1.650863,0.280217,0.388061,2446.984584,102.647505,87.445397
"BO, multi-output + constraints",gp_multi,2,24,True,,1.2141948845617745,0.070348,2.50525,0.280683,0.39047,5789.309412,93.501859,129.739935
"BO, multi-output + constraints",gp_multi,2,25,True,,1.920417321913815,0.067011,2.404848,0.28166,0.319503,3609.876957,82.518951,12.297667
"BO, multi-output + constraints",gp_multi,2,26,True,,0.9101868772890296,0.066491,2.451203,0.322652,0.216691,2298.470223,106.198819,106.772543
"BO, multi-output + constraints",gp_multi,2,27,False,blowup,,0.003631,6.541809,0.369523,0.390216,1597.058606,94.567525,127.670702
"BO, multi-output + constraints",gp_multi,2,28,True,,0.9478560013932005,0.070364,3.039038,0.281968,0.321674,5492.841013,130.540046,74.142404
"BO, multi-output + constraints",gp_multi,2,29,False,blowup,,0.003647,6.736415,0.369631,0.391378,2394.666281,155.341406,56.195309
"BO, multi-output + constraints",gp_multi,2,30,False,blowup,,0.003434,2.867617,0.441405,0.330447,1764.379386,169.983282,76.472714
"BO, multi-output + constraints",gp_multi,2,31,False,blowup,,0.003758,3.351893,0.296388,0.267674,1689.600814,133.962505,111.231628
"BO, multi-output + constraints",gp_multi,2,32,False,blowup,,0.003902,3.488515,0.446179,0.296506,2242.081313,160.987081,130.762525
"BO, multi-output + constraints",gp_multi,2,33,True,,1.2689571032922835,0.064747,1.47116,0.313207,0.202025,1085.469605,173.61089,21.128921
"BO, multi-output + constraints",gp_multi,2,34,True,,1.167176345387231,0.065232,1.165395,0.297382,0.380554,2516.862584,117.079143,48.288288
"BO, multi-output + constraints",gp_multi,2,35,False,blowup,,0.003766,2.243218,0.348894,0.398451,4661.436959,111.03436,142.110837
"BO, multi-output + constraints",gp_multi,2,36,False,blowup,,0.004777,2.726636,0.435968,0.294764,3225.763386,160.161431,143.496685
"BO, multi-output + constraints",gp_multi,2,37,True,,2.1298052740441533,0.0668,3.653324,0.354662,0.383412,5903.401351,141.991956,42.55442
"BO, multi-output + constraints",gp_multi,2,38,False,blowup,,0.007479,2.460846,0.288965,0.277271,493.826507,170.499979,64.428147
"BO, multi-output + constraints",gp_multi,2,39,False,blowup,,0.003819,5.431711,0.444851,0.292324,3373.722609,167.821861,92.683098
"BO, multi-output + constraints",gp_multi,2,40,False,blowup,,0.04496,4.454045,0.444646,0.275671,1649.19172,104.653189,91.813856
"BO, multi-output + constraints",gp_multi,2,41,False,blowup,,0.00397,2.020042,0.301543,0.278587,2070.601567,139.875617,120.981885
"BO, multi-output + constraints",gp_multi,2,42,True,,12.163121204386025,0.06576,1.424502,0.441864,0.272989,5213.255031,160.294938,139.968855
"BO, multi-output + constraints",gp_multi,2,43,False,blowup,,0.031582,3.088437,0.301004,0.226722,1990.403438,162.184218,120.968436
"BO, multi-output + constraints",gp_multi,2,44,False,blowup,,0.005754,3.766826,0.299743,0.203235,2401.222695,133.859498,109.887566
"BO, multi-output + constraints",gp_multi,2,45,True,,1.3702597863475767,0.065824,3.826156,0.302746,0.205333,2246.240823,110.636599,148.625308
"BO, multi-output + constraints",gp_multi,2,46,False,blowup,,0.003494,1.725746,0.393061,0.283288,542.883436,135.199917,105.594881
"BO, multi-output + constraints",gp_multi,2,47,True,,4.262016230948495,0.066708,3.591048,0.392892,0.340261,2144.283435,119.069329,107.305819
"BO, multi-output + constraints",gp_multi,2,48,True,,0.9950106215820784,0.06712,2.41806,0.291449,0.290832,2906.63684,146.449429,136.660833
"BO, multi-output + constraints",gp_multi,2,49,True,,6.9415701910025005,0.067425,3.331604,0.371426,0.347479,5905.783428,101.232242,140.638381
"BO, multi-output + constraints",gp_multi,2,50,True,,2.256404514477206,0.06829,5.824059,0.284165,0.385953,4237.660347,169.817505,5.211911
"BO, multi-output + constraints",gp_multi,2,51,True,,1.3386191584401541,0.067552,1.143183,0.39403,0.211386,2437.537904,119.770308,126.347954
"BO, multi-output + constraints",gp_multi,2,52,True,,1.3045055463442579,0.07028,5.21353,0.28518,0.236203,3942.382728,126.793794,26.679247
"BO, multi-output + constraints",gp_multi,2,53,True,,6.09845189123496,0.069763,7.986045,0.440546,0.200407,2494.943809,170.605302,10.682961
"BO, multi-output + constraints",gp_multi,2,54,True,,1.9543346937211326,0.070746,7.715164,0.296621,0.382167,4066.954035,97.169116,128.107362
"BO, multi-output + constraints",gp_multi,2,55,True,,2.773328972824103,0.066409,2.800963,0.414336,0.218784,4746.497853,171.647049,77.543548
"BO, multi-output + constraints",gp_multi,2,56,True,,0.672441179694109,0.064156,1.554493,0.360316,0.213218,3108.529011,174.022922,25.670945
"BO, multi-output + constraints",gp_multi,2,57,True,,1.5309867669362924,0.06885,1.195033,0.280288,0.203052,3219.590136,129.211557,53.160611
"BO, multi-output + constraints",gp_multi,2,58,True,,2.018903632980031,0.092302,6.418442,0.285878,0.201106,2758.674423,163.887973,135.369686
"BO, multi-output + constraints",gp_multi,2,59,True,,11.397881355359932,0.099435,5.717276,0.346459,0.394708,5238.922218,169.741408,139.443447
"BO, multi-output + constraints",gp_multi,2,60,False,blowup,,0.003809,2.641213,0.358935,0.363622,1729.696578,122.539391,133.674618
"BO, multi-output + constraints",gp_multi,2,61,True,,0.706593484961068,0.067783,2.056068,0.414332,0.209965,2004.293574,133.72067,109.313686
"BO, multi-output + constraints",gp_multi,2,62,True,,3.6436941643589824,0.063095,1.374831,0.39363,0.288942,1938.355007,147.129491,68.290472
"BO, multi-output + constraints",gp_multi,2,63,False,blowup,,0.003756,2.528731,0.331729,0.393762,1476.881325,112.208828,132.892365
"BO, multi-output + constraints",gp_multi,2,64,True,,2.9771557833182682,0.071708,2.207941,0.350954,0.388776,1482.959137,105.896267,44.857921
"BO, multi-output + constraints",gp_multi,2,65,True,,3.5952972057810455,0.082606,7.525818,0.446034,0.230977,5227.390441,104.051289,124.922253
"BO, multi-output + constraints",gp_multi,2,66,True,,1.6389340857761063,0.084322,7.623089,0.289002,0.273978,4876.405263,111.672478,139.853581
"BO, multi-output + constraints",gp_multi,2,67,True,,1.3931931461027411,0.066107,7.856697,0.376319,0.281753,5902.355924,173.283268,75.745728
"BO, multi-output + constraints",gp_multi,2,68,True,,1.1263341558432147,0.072463,1.348947,0.292379,0.293272,765.438925,173.130975,30.164484
"BO, multi-output + constraints",gp_multi,2,69,False,blowup,,0.004383,3.006758,0.433492,0.203504,1106.237424,160.732463,56.964509
"BO, multi-output + constraints",gp_multi,2,70,False,blowup,,0.029331,1.321588,0.346117,0.203056,1228.627104,153.073173,23.993356
"BO, multi-output + constraints",gp_multi,2,71,False,blowup,,0.005929,5.431281,0.346288,0.243949,2159.466518,146.597871,12.672414
"BO, multi-output + constraints",gp_multi,2,72,False,blowup,,0.003469,4.304693,0.37841,0.355957,2028.767464,174.241057,45.993822
"BO, multi-output + constraints",gp_multi,2,73,False,blowup,,0.003692,1.37659,0.297499,0.385638,2219.61494,134.031313,148.697746
"BO, multi-output + constraints",gp_multi,2,74,False,blowup,,0.020785,3.15233,0.398445,0.215014,1652.06796,158.901094,27.062407
"BO, multi-output + constraints",gp_multi,2,75,True,,1.1978814978029324,0.068265,4.750325,0.290893,0.214615,5164.35368,161.719223,107.842374
"BO, multi-output + constraints",gp_multi,2,76,True,,2.9831736224857197,0.068858,1.244452,0.437598,0.201188,4609.710406,90.819785,21.934731
"BO, multi-output + constraints",gp_multi,2,77,False,blowup,,0.004314,2.274487,0.318429,0.397414,3340.046192,151.746822,137.354535
"BO, multi-output + constraints",gp_multi,2,78,True,,2.5170955682600575,0.064938,7.668642,0.313485,0.398523,937.116233,155.724736,147.532424
"BO, multi-output + constraints",gp_multi,2,79,False,blowup,,0.003651,1.29623,0.336002,0.393572,2076.795515,166.49298,71.003098
"BO, multi-output + constraints",gp_multi,2,80,False,blowup,,0.004646,2.666496,0.43017,0.202045,1822.091071,102.853747,129.890918
"BO, multi-output + constraints",gp_multi,2,81,True,,1.0713200286061575,0.066263,3.147072,0.338489,0.237759,5726.157203,167.803802,12.552466
"BO, multi-output + constraints",gp_multi,2,82,False,blowup,,0.006222,1.249886,0.290221,0.37241,713.006597,127.541927,100.278905
"BO, multi-output + constraints",gp_multi,2,83,False,blowup,,0.038177,2.289648,0.449233,0.201232,1440.965314,97.528194,63.016194
"BO, multi-output + constraints",gp_multi,2,84,True,,1.2872934651655712,0.091882,1.213871,0.304632,0.389137,2678.88102,110.89578,56.248746
"BO, multi-output + constraints",gp_multi,2,85,False,blowup,,0.03232,1.453675,0.432002,0.203085,844.899542,158.988888,23.446261
"BO, multi-output + constraints",gp_multi,2,86,False,blowup,,0.003766,1.56447,0.341766,0.396211,1486.059281,160.340775,85.01259
"BO, multi-output + constraints",gp_multi,2,87,False,blowup,,0.035823,2.889658,0.328779,0.209838,2065.02245,138.657642,10.808611
"BO, multi-output + constraints",gp_multi,2,88,False,blowup,,0.004761,1.979323,0.29864,0.398427,5295.803142,174.816265,113.498316
"BO, multi-output + constraints",gp_multi,2,89,True,,1.5027139988478915,0.061661,3.864281,0.424335,0.22862,3211.556138,173.06366,46.2519
"BO, multi-output + constraints",gp_multi,2,90,False,blowup,,0.007946,3.030363,0.282069,0.21309,2379.164527,165.139669,13.868855
"BO, multi-output + constraints",gp_multi,2,91,False,blowup,,0.013783,7.982705,0.357399,0.379601,1241.414693,89.612294,105.004979
"BO, multi-output + constraints",gp_multi,2,92,True,,1.2260452614484203,0.070917,2.893279,0.288426,0.351518,1617.612901,174.880873,91.917308
"BO, multi-output + constraints",gp_multi,2,93,True,,2.811831706040875,0.068976,7.120453,0.348374,0.359187,647.791936,148.538849,44.951989
"BO, multi-output + constraints",gp_multi,2,94,True,,0.6105577730750166,0.070569,2.285736,0.333813,0.259703,5329.569237,125.284919,44.854369
"BO, multi-output + constraints",gp_multi,2,95,True,,1.7947968721737522,0.074216,7.692777,0.339966,0.385397,5574.011109,173.461539,86.365688
"BO, multi-output + constraints",gp_multi,2,96,True,,0.7884359057711835,0.071424,2.463971,0.300924,0.346803,5545.466656,162.768301,130.292724
"BO, multi-output + constraints",gp_multi,2,97,False,blowup,,0.005529,2.77958,0.324496,0.339292,2187.201912,153.738665,34.68776
"BO, multi-output + constraints",gp_multi,2,98,False,blowup,,0.005749,2.755075,0.29872,0.201664,422.051081,130.292481,24.92035
"BO, multi-output + constraints",gp_multi,2,99,False,blowup,,0.003986,1.106652,0.356864,0.394686,1670.415978,167.306638,57.043765
"BO, multi-output + constraints",gp_multi,2,100,False,blowup,,0.063155,1.550209,0.421183,0.222584,1038.313932,161.177961,45.953257
"BO, multi-output + constraints",gp_multi,2,101,True,,1.530843056509407,0.06853,3.367854,0.442496,0.210073,1912.628749,88.884231,144.821301
"BO, multi-output + constraints",gp_multi,2,102,True,,2.819975262844442,0.070273,2.522021,0.449898,0.217902,3065.783962,81.019739,60.576292
"BO, multi-output + constraints",gp_multi,2,103,False,blowup,,0.003782,4.989649,0.337939,0.331544,3507.573731,129.470978,135.820858
"BO, multi-output + constraints",gp_multi,2,104,True,,1.1786468823623812,0.06354,2.861455,0.369977,0.200816,5531.647967,139.799864,131.00115
"BO, multi-output + constraints",gp_multi,2,105,True,,1.2125144755565866,0.06778,1.708488,0.289682,0.37937,1241.422502,87.285911,146.775222
"BO, multi-output + constraints",gp_multi,2,106,False,blowup,,0.006667,4.400882,0.286329,0.230822,1255.422621,159.627692,8.554206
"BO, multi-output + constraints",gp_multi,2,107,True,,1.2375331074162066,0.068466,3.067097,0.3537,0.237033,2412.874354,126.545523,42.62324
"BO, multi-output + constraints",gp_multi,2,108,True,,1.539395853611501,0.066398,1.594886,0.333111,0.373102,1376.489102,133.213142,49.593371
"BO, multi-output + constraints",gp_multi,2,109,True,,0.6792632916381395,0.068446,4.866055,0.281716,0.216387,5895.966373,119.939404,133.270898
"BO, multi-output + constraints",gp_multi,2,110,True,,1.1511916614705442,0.067594,2.231546,0.284747,0.214368,5607.240568,143.268736,109.849994
"BO, multi-output + constraints",gp_multi,2,111,True,,2.5490488140748715,0.065773,7.745589,0.389948,0.241395,5267.761731,120.81436,136.325986
"BO, multi-output + constraints",gp_multi,2,112,True,,0.8657969362781681,0.066589,3.450759,0.309229,0.348307,4986.450715,114.737128,147.456111
"BO, multi-output + constraints",gp_multi,2,113,True,,0.6649722538787907,0.077515,3.610712,0.316037,0.399777,4974.154239,155.397081,135.967749
"BO, multi-output + constraints",gp_multi,2,114,True,,1.61291070419729,0.08985,1.501906,0.397657,0.240643,1347.013538,159.527984,31.702437
"BO, multi-output + constraints",gp_multi,2,115,True,,0.7146692346448213,0.068582,1.894119,0.328683,0.285083,1072.018898,117.454265,142.820606
"BO, multi-output + constraints",gp_multi,2,116,True,,1.1494191059257706,0.070407,2.810041,0.321554,0.228214,2987.195072,165.973653,145.28613
"BO, multi-output + constraints",gp_multi,2,117,False,blowup,,0.012101,7.812213,0.281943,0.206076,5498.765995,151.403341,34.385323
"BO, multi-output + constraints",gp_multi,2,118,True,,1.0651093846638608,0.085257,1.898128,0.333449,0.311395,2199.593798,166.619539,22.80402
"BO, multi-output + constraints",gp_multi,2,119,True,,1.5157437421160982,0.095495,1.125156,0.295,0.201831,2203.068534,131.851044,40.953796
"BO, multi-output + constraints",gp_multi,2,120,True,,1.2058861433424521,0.104201,5.524757,0.294012,0.325736,5705.874615,171.13538,43.341618
"BO, multi-output + constraints",gp_multi,2,121,True,,0.6965052634329987,0.06632,1.955661,0.382015,0.232935,1847.017705,112.93043,146.975017
"BO, multi-output + constraints",gp_multi,2,122,False,blowup,,0.013668,7.923147,0.283988,0.200724,5463.211087,145.737868,38.051312
"BO, multi-output + constraints",gp_multi,2,123,False,blowup,,0.003471,6.610004,0.398204,0.343795,4038.295246,145.442322,78.563871
"BO, multi-output + constraints",gp_multi,2,124,False,blowup,,0.003871,1.032018,0.289536,0.395916,761.068346,160.540577,118.043736
"BO, multi-output + constraints",gp_multi,2,125,True,,0.7968468372939381,0.075006,2.7924,0.291448,0.323599,848.793591,115.185354,45.86768
"BO, multi-output + constraints",gp_multi,2,126,True,,1.8096263796636525,0.072531,1.851027,0.336177,0.393663,942.724648,172.251093,26.437436
"BO, multi-output + constraints",gp_multi,2,127,True,,0.5531141357019435,0.068967,3.160907,0.296321,0.280261,3167.376895,118.461133,95.97175
"BO, multi-output + constraints",gp_multi,2,128,True,,2.4707213507616124,0.065726,7.40884,0.439222,0.270878,2940.807925,162.587265,70.786194
"BO, multi-output + constraints",gp_multi,2,129,False,blowup,,0.006401,2.439431,0.317979,0.378684,2208.064963,154.852736,25.009833
"BO, multi-output + constraints",gp_multi,2,130,True,,0.9307535873764238,0.075925,3.743808,0.301661,0.390706,1238.952173,109.545931,71.225443
"BO, multi-output + constraints",gp_multi,2,131,True,,1.3596056011847266,0.081758,2.728816,0.343049,0.24301,2487.726237,162.927854,149.641395
"BO, multi-output + constraints",gp_multi,2,132,True,,3.0685149402539005,0.076843,7.400708,0.291756,0.206946,5840.215624,155.107166,14.216717
"BO, multi-output + constraints",gp_multi,2,133,True,,1.9479340471692883,0.081375,7.173122,0.293352,0.322389,4157.976048,170.989112,100.892772
"BO, multi-output + constraints",gp_multi,2,134,True,,1.6001076174832576,0.081658,1.499567,0.335299,0.345035,3262.132981,158.156483,16.777897
"BO, multi-output + constraints",gp_multi,2,135,False,blowup,,0.068593,2.211488,0.413443,0.205557,1393.749063,141.390083,18.434586
"BO, multi-output + constraints",gp_multi,2,136,True,,1.0702854605481888,2.562591,3.059543,0.410464,0.200925,3661.292336,171.065569,24.626132
"BO, multi-output + constraints",gp_multi,2,137,True,,0.8838511630135385,0.047763,1.678191,0.387076,0.204349,5348.208371,148.145467,24.273884
"BO, multi-output + constraints",gp_multi,2,138,True,,0.8750699854820332,0.047776,1.312882,0.356298,0.204804,1744.436341,174.103334,53.410937
"BO, multi-output + constraints",gp_multi,2,139,True,,0.8550462130989392,0.046161,1.480748,0.301823,0.398805,1596.484832,132.57871,17.778196
"BO, multi-output + constraints",gp_multi,2,140,True,,0.646774464406488,0.046539,1.535645,0.39562,0.2003,2187.95411,123.006868,69.238724
"BO, multi-output + constraints",gp_multi,2,141,True,,2.1003524349031153,0.046396,2.836856,0.422428,0.261188,780.741206,144.554532,40.709995
"BO, multi-output + constraints",gp_multi,2,142,True,,1.4400574364464023,0.049265,6.256122,0.295514,0.353257,5939.062431,150.946226,149.609542
"BO, multi-output + constraints",gp_multi,2,143,True,,1.4503213208827455,0.048328,2.598647,0.371573,0.260112,4939.83357,141.304547,32.809348
"BO, multi-output + constraints",gp_multi,2,144,True,,1.6771962959447904,0.048503,1.612939,0.350439,0.301928,2850.051619,133.513807,11.462331
"BO, multi-output + constraints",gp_multi,2,145,True,,0.8368643823064281,0.045215,1.410752,0.368,0.208328,3102.206793,128.890018,72.467612
"BO, multi-output + constraints",gp_multi,2,146,True,,1.7455109967726574,0.046086,5.212144,0.43268,0.209316,5745.721434,119.217667,144.239087
"BO, multi-output + constraints",gp_multi,2,147,True,,4.117065987801941,0.047137,4.763788,0.359017,0.381584,2449.225997,157.826151,84.936449
"BO, multi-output + constraints",gp_multi,2,148,True,,0.3500222590653062,0.048959,2.703636,0.312459,0.397083,1826.654706,148.924654,22.225239
"BO, multi-output + constraints",gp_multi,2,149,True,,1.3950968131198882,0.045522,1.584155,0.283868,0.236113,442.107293,155.230636,17.999128
"BO, multi-output + constraints",gp_multi,2,150,True,,0.7721262223443099,0.044896,1.749232,0.381123,0.274882,424.668761,136.895249,148.796161
"BO, multi-output + constraints",gp_multi,3,1,True,,1.5942358394107015,0.071016,1.599544,0.320258,0.360255,3660.107402,88.942221,67.803406
"BO, multi-output + constraints",gp_multi,3,2,False,blowup,,0.003167,3.087142,0.406099,0.344433,1624.806378,158.839253,100.359571
"BO, multi-output + constraints",gp_multi,3,3,True,,1.6874707933510311,0.065704,6.310938,0.429342,0.220464,5158.70269,117.423097,74.554169
"BO, multi-output + constraints",gp_multi,3,4,True,,2.477766409915528,0.077224,7.097974,0.326814,0.312362,2638.074838,138.226402,33.51269
"BO, multi-output + constraints",gp_multi,3,5,True,,4.96077558676276,0.072145,6.509229,0.414286,0.210819,2468.003314,88.065003,33.061499
"BO, multi-output + constraints",gp_multi,3,6,True,,1.7295704013705833,0.076787,3.720881,0.34468,0.381891,2600.634486,113.1409,55.462862
"BO, multi-output + constraints",gp_multi,3,7,False,blowup,,0.006298,3.728984,0.400131,0.217627,1346.165766,128.696758,63.666091
"BO, multi-output + constraints",gp_multi,3,8,False,blowup,,0.005015,7.522918,0.321462,0.229413,1967.407264,112.273816,37.641819
"BO, multi-output + constraints",gp_multi,3,9,False,blowup,,0.003977,2.217379,0.410531,0.387526,3414.413879,80.851815,14.316297
"BO, multi-output + constraints",gp_multi,3,10,True,,1.3653069423463398,0.076818,4.614104,0.307195,0.28874,5287.484351,133.667195,144.898255
"BO, multi-output + constraints",gp_multi,3,11,True,,1.1010522083498322,0.076892,1.415612,0.337621,0.251977,4274.09609,157.923116,79.926637
"BO, multi-output + constraints",gp_multi,3,12,True,,8.173303827458122,0.078094,3.956783,0.38068,0.324685,5732.60488,142.126954,137.675109
"BO, multi-output + constraints",gp_multi,3,13,True,,9.59621465642869,0.071158,3.065888,0.427571,0.35736,4451.920081,119.559384,6.918396
"BO, multi-output + constraints",gp_multi,3,14,False,blowup,,0.01603,3.28382,0.445118,0.271089,519.992002,120.357358,90.159177
"BO, multi-output + constraints",gp_multi,3,15,False,blowup,,0.011701,3.588298,0.28131,0.201185,1730.003003,160.733001,48.126946
"BO, multi-output + constraints",gp_multi,3,16,True,,0.5993023445199036,0.077228,1.778304,0.399661,0.26832,422.9037,130.56225,59.652899
"BO, multi-output + constraints",gp_multi,3,17,False,blowup,,0.007478,2.389487,0.29827,0.205915,431.835341,106.010237,114.604135
"BO, multi-output + constraints",gp_multi,3,18,True,,0.9373628598427015,0.10171,4.636115,0.280124,0.394728,5387.585079,139.138312,117.03543
"BO, multi-output + constraints",gp_multi,3,19,True,,1.1048256324790484,0.098867,3.028602,0.351804,0.207772,5833.873825,127.4716,94.985685
"BO, multi-output + constraints",gp_multi,3,20,True,,3.1522871076792263,0.09309,1.496366,0.447747,0.275375,1103.303625,85.050842,135.646331
"BO, multi-output + constraints",gp_multi,3,21,False,blowup,,0.005993,1.694614,0.368242,0.281911,492.073316,152.540645,40.886176
"BO, multi-output + constraints",gp_multi,3,22,False,blowup,,0.006001,2.206401,0.366315,0.323497,510.723849,128.162731,115.65932
"BO, multi-output + constraints",gp_multi,3,23,False,blowup,,0.009748,2.816306,0.382186,0.399436,439.96196,137.358814,116.257211
"BO, multi-output + constraints",gp_multi,3,24,False,blowup,,0.005409,3.539265,0.367898,0.386665,650.957785,146.316675,141.765547
"BO, multi-output + constraints",gp_multi,3,25,True,,2.048210591867782,0.092492,3.461429,0.372613,0.371075,416.907377,154.635088,78.220955
"BO, multi-output + constraints",gp_multi,3,26,True,,1.3523487414428075,0.087065,1.968526,0.296557,0.237437,5140.049619,97.932157,123.909232
"BO, multi-output + constraints",gp_multi,3,27,False,blowup,,0.004695,3.998245,0.287486,0.201598,891.661487,116.609303,130.282396
"BO, multi-output + constraints",gp_multi,3,28,True,,5.9334235186587,0.06905,1.36562,0.449751,0.226402,3379.935866,137.580872,120.139995
"BO, multi-output + constraints",gp_multi,3,29,True,,8.600317274869221,0.067014,7.583894,0.40778,0.331901,4686.766547,112.152437,142.652067
"BO, multi-output + constraints",gp_multi,3,30,True,,1.0763525240748766,0.068225,1.087291,0.347888,0.200499,1002.933517,155.649043,36.843972
"BO, multi-output + constraints",gp_multi,3,31,True,,1.8197227161101837,0.069768,7.861485,0.294903,0.344486,5507.103548,132.923838,91.271353
"BO, multi-output + constraints",gp_multi,3,32,True,,1.103420310599482,0.062448,2.22049,0.282165,0.200018,2193.342832,107.366582,103.897416
"BO, multi-output + constraints",gp_multi,3,33,True,,1.6735662808844476,0.064764,7.670821,0.328861,0.392489,2403.115361,127.803547,118.308358
"BO, multi-output + constraints",gp_multi,3,34,False,blowup,,0.025398,7.623587,0.408495,0.29097,798.693843,137.671258,45.612547
"BO, multi-output + constraints",gp_multi,3,35,True,,1.032647452691265,0.084571,1.180951,0.302176,0.300782,4182.280048,119.954198,102.006632
"BO, multi-output + constraints",gp_multi,3,36,True,,5.9909808282544645,0.068299,7.920394,0.441535,0.274449,1620.417119,118.603819,102.753549
"BO, multi-output + constraints",gp_multi,3,37,True,,2.283328256079359,0.064415,3.633955,0.281238,0.303719,446.827372,82.488067,118.072773
"BO, multi-output + constraints",gp_multi,3,38,True,,1.7365174510131713,0.065837,3.451736,0.333175,0.384867,2918.244397,173.266259,9.570336
"BO, multi-output + constraints",gp_multi,3,39,True,,0.6760321880686658,0.062998,2.832742,0.390169,0.203755,4189.702143,165.879786,34.128689
"BO, multi-output + constraints",gp_multi,3,40,True,,0.9878106063683255,0.084855,4.162364,0.353372,0.274519,1976.568184,133.483156,133.520912
"BO, multi-output + constraints",gp_multi,3,41,True,,1.1054337664983969,0.091029,1.153673,0.282742,0.385087,5240.672524,125.588063,78.235093
"BO, multi-output + constraints",gp_multi,3,42,True,,1.3929224222528591,0.089911,2.063143,0.282481,0.226382,2285.97328,172.787781,71.733714
"BO, multi-output + constraints",gp_multi,3,43,True,,2.634296440677648,0.071599,7.92753,0.309494,0.397605,5333.46238,133.311412,63.120612
"BO, multi-output + constraints",gp_multi,3,44,True,,2.01344796938421,0.098272,1.490571,0.320016,0.399488,566.139471,113.534275,113.319153
"BO, multi-output + constraints",gp_multi,3,45,False,blowup,,0.006043,5.453458,0.446891,0.200328,2770.447706,137.254679,111.258353
"BO, multi-output + constraints",gp_multi,3,46,True,,3.710475488648296,0.100319,7.934591,0.373187,0.258701,5175.623855,147.03348,118.471112
"BO, multi-output + constraints",gp_multi,3,47,True,,1.5987247856335034,0.102283,1.117859,0.302613,0.201583,5449.194477,152.837754,31.121425
"BO, multi-output + constraints",gp_multi,3,48,True,,0.5809535516142936,0.093928,3.291589,0.292127,0.372619,2703.018235,122.49483,130.914229
"BO, multi-output + constraints",gp_multi,3,49,True,,0.9383925668573436,0.080518,4.071909,0.294766,0.391278,1009.143003,122.919881,147.314138
"BO, multi-output + constraints",gp_multi,3,50,False,blowup,,0.054943,4.024832,0.30133,0.317812,2055.284693,139.988011,78.220202
"BO, multi-output + constraints",gp_multi,3,51,True,,0.6838159583826671,0.071613,2.986802,0.284209,0.337405,1546.820979,115.151551,68.713754
"BO, multi-output + constraints",gp_multi,3,52,True,,0.8734995507801977,0.063481,2.921039,0.331631,0.316491,446.320001,126.747711,139.693061
"BO, multi-output + constraints",gp_multi,3,53,True,,0.9458426032570312,0.071367,2.093137,0.354497,0.276571,2772.013095,163.867518,37.629543
"BO, multi-output + constraints",gp_multi,3,54,True,,0.8750931496526667,0.065757,2.652431,0.399239,0.216802,1381.515614,144.225133,120.239913
"BO, multi-output + constraints",gp_multi,3,55,True,,0.9121724826465942,0.069634,2.587821,0.317158,0.399195,4692.700551,155.092596,80.590278
"BO, multi-output + constraints",gp_multi,3,56,False,blowup,,0.00659,6.420637,0.442631,0.208633,2214.336436,147.046808,105.525328
"BO, multi-output + constraints",gp_multi,3,57,True,,2.261691551745417,0.066846,7.39201,0.411951,0.249781,434.640014,154.495133,109.203925
"BO, multi-output + constraints",gp_multi,3,58,True,,5.91552296787017,0.070599,7.716215,0.370641,0.391799,3320.346626,139.075627,52.278345
"BO, multi-output + constraints",gp_multi,3,59,True,,0.24054783574107602,0.068104,1.958194,0.376633,0.216619,2812.972349,136.592603,37.727561
"BO, multi-output + constraints",gp_multi,3,60,True,,1.5712863622980657,0.06775,4.246214,0.31586,0.341144,5454.545487,173.520117,41.873638
"BO, multi-output + constraints",gp_multi,3,61,True,,1.5261403861160996,0.067699,7.804381,0.329946,0.338017,5650.129155,162.361984,147.651524
"BO, multi-output + constraints",gp_multi,3,62,False,blowup,,0.007781,7.853081,0.283736,0.237829,1883.080861,138.059968,23.466905
"BO, multi-output + constraints",gp_multi,3,63,True,,2.726209466061777,0.069986,7.468708,0.284833,0.227461,1504.883458,121.188101,45.597925
"BO, multi-output + constraints",gp_multi,3,64,True,,0.3872554361310429,0.077075,4.049264,0.32101,0.37622,4419.689808,127.007687,133.577737
"BO, multi-output + constraints",gp_multi,3,65,True,,0.7983252855897531,0.102349,1.611176,0.28814,0.386255,1966.598064,151.312679,39.913979
"BO, multi-output + constraints",gp_multi,3,66,True,,3.1801090454742456,0.093241,1.113963,0.418339,0.391859,482.941374,92.711867,84.935286
"BO, multi-output + constraints",gp_multi,3,67,True,,1.3597654490540518,0.100623,2.397019,0.417358,0.232244,1030.802811,165.708487,31.385657
"BO, multi-output + constraints",gp_multi,3,68,False,blowup,,0.006385,5.646903,0.374987,0.303268,620.765263,134.214373,148.91987
"BO, multi-output + constraints",gp_multi,3,69,False,blowup,,0.005728,5.780283,0.448624,0.201651,981.674255,125.404725,58.325363
"BO, multi-output + constraints",gp_multi,3,70,True,,0.7257831729458064,0.101038,3.619757,0.392362,0.261731,2051.949843,163.121943,29.715142
"BO, multi-output + constraints",gp_multi,3,71,True,,1.1453564262528595,0.081053,6.825017,0.283626,0.202147,5719.85041,132.939325,58.655302
"BO, multi-output + constraints",gp_multi,3,72,True,,4.972743671096071,0.067353,5.62692,0.448172,0.212444,2394.258068,155.287937,15.503436
"BO, multi-output + constraints",gp_multi,3,73,False,blowup,,0.063788,3.521118,0.417038,0.297336,448.029542,131.91284,91.551178
"BO, multi-output + constraints",gp_multi,3,74,True,,3.1611857705629554,0.073596,5.526305,0.365087,0.273077,4795.523568,147.932262,29.867912
"BO, multi-output + constraints",gp_multi,3,75,True,,3.1652595792851392,0.068515,6.703912,0.438504,0.201493,5664.986311,150.573685,146.57079
"BO, multi-output + constraints",gp_multi,3,76,True,,1.0745342380761618,0.07091,1.361182,0.280514,0.275607,5622.660327,143.243041,27.960558
"BO, multi-output + constraints",gp_multi,3,77,True,,0.5053646580665326,0.069738,2.228686,0.326268,0.309284,5867.971294,164.448947,21.858779
"BO, multi-output + constraints",gp_multi,3,78,True,,1.294985410378249,0.065056,3.783459,0.447366,0.279676,1202.364059,166.224754,42.589629
"BO, multi-output + constraints",gp_multi,3,79,True,,0.8354686164181299,0.067013,4.521585,0.308829,0.389849,5890.634237,119.066437,126.599336
"BO, multi-output + constraints",gp_multi,3,80,True,,1.235025584552098,0.06301,2.33782,0.445472,0.210153,1656.979538,142.734983,40.477416
"BO, multi-output + constraints",gp_multi,3,81,True,,0.9110365101252724,0.06414,5.342477,0.342592,0.328916,4525.521699,122.163211,114.099124
"BO, multi-output + constraints",gp_multi,3,82,True,,0.7423025700917987,0.082583,5.965539,0.367641,0.322283,1863.092184,138.279139,71.146063
"BO, multi-output + constraints",gp_multi,3,83,True,,0.9382311258242791,0.066777,5.51528,0.281189,0.313734,3226.894254,129.131566,54.945404
"BO, multi-output + constraints",gp_multi,3,84,True,,0.8103290740713583,0.068985,2.745929,0.286953,0.37181,5994.084858,115.015065,79.92656
"BO, multi-output + constraints",gp_multi,3,85,True,,3.4529732367566455,0.06471,1.626493,0.442882,0.249177,454.011355,171.763658,28.139448
"BO, multi-output + constraints",gp_multi,3,86,True,,0.7361452331138635,0.079615,1.428599,0.321206,0.268705,2165.706088,124.20321,69.504416
"BO, multi-output + constraints",gp_multi,3,87,True,,1.1058400588649562,0.092591,5.059843,0.280199,0.240666,5162.204941,106.50449,147.758979
"BO, multi-output + constraints",gp_multi,3,88,False,blowup,,0.005342,4.776226,0.435175,0.295419,487.10252,119.114665,121.803574
"BO, multi-output + constraints",gp_multi,3,89,True,,4.706161110479238,0.074956,4.422478,0.447876,0.219719,5425.60776,132.064057,119.972206
"BO, multi-output + constraints",gp_multi,3,90,True,,3.1453201200827645,0.076281,4.902865,0.428079,0.230724,2615.579936,131.967635,143.215484
"BO, multi-output + constraints",gp_multi,3,91,False,blowup,,0.003956,7.801378,0.352948,0.332024,814.303644,140.662581,143.559043
"BO, multi-output + constraints",gp_multi,3,92,False,blowup,,0.043413,2.442415,0.383093,0.251453,918.606641,120.779251,91.146337
"BO, multi-output + constraints",gp_multi,3,93,True,,0.9714400853177785,0.065489,3.978505,0.399017,0.207679,5165.294935,120.204566,51.38182
"BO, multi-output + constraints",gp_multi,3,94,True,,0.894059408576281,0.070685,3.278216,0.313461,0.32547,5935.790295,124.621604,133.623784
"BO, multi-output + constraints",gp_multi,3,95,False,blowup,,0.009504,4.656126,0.424287,0.308269,1110.785112,135.543359,134.79479
"BO, multi-output + constraints",gp_multi,3,96,True,,0.6259923253530683,0.065027,3.634027,0.283261,0.215791,4348.478769,172.145386,18.783738
"BO, multi-output + constraints",gp_multi,3,97,False,blowup,,0.021123,4.124461,0.305598,0.231482,1435.971222,104.95426,110.148841
"BO, multi-output + constraints",gp_multi,3,98,True,,2.818404880354072,0.066079,4.783389,0.34868,0.380546,1861.152809,159.863499,53.494716
"BO, multi-output + constraints",gp_multi,3,99,True,,1.0897628135047484,0.072082,2.756459,0.333982,0.256919,5328.311706,172.20245,23.830393
"BO, multi-output + constraints",gp_multi,3,100,True,,0.29931943096963437,0.098642,2.986166,0.311393,0.398282,1247.198972,131.038896,78.220088
"BO, multi-output + constraints",gp_multi,3,101,True,,0.4677087015629354,0.100487,2.99903,0.328863,0.310242,2447.548027,143.721322,29.69716
"BO, multi-output + constraints",gp_multi,3,102,True,,1.3005347055922294,0.078777,2.975149,0.329375,0.396631,1783.301675,172.405184,32.893776
"BO, multi-output + constraints",gp_multi,3,103,True,,0.674300264453699,0.069004,1.961709,0.373485,0.249207,2064.963779,130.733701,58.338371
"BO, multi-output + constraints",gp_multi,3,104,True,,1.4193274452691553,0.057848,2.91354,0.369477,0.204314,5615.28639,129.014034,105.224078
"BO, multi-output + constraints",gp_multi,3,105,True,,0.8761730129184625,0.055709,3.831609,0.315214,0.387802,468.262565,126.534993,54.409794
"BO, multi-output + constraints",gp_multi,3,106,True,,1.484540582670426,0.058076,1.066131,0.294409,0.210797,1177.391578,151.803546,24.987768
"BO, multi-output + constraints",gp_multi,3,107,True,,0.6463743400674341,0.058623,1.850748,0.399514,0.200434,2230.576884,159.183238,147.119244
"BO, multi-output + constraints",gp_multi,3,108,False,blowup,,0.013068,7.357549,0.352071,0.370716,715.797338,146.348351,140.92956
"BO, multi-output + constraints",gp_multi,3,109,True,,3.3094092768616585,0.06908,7.915822,0.362021,0.334301,775.887136,163.247815,80.336114
"BO, multi-output + constraints",gp_multi,3,110,True,,0.3732160873951756,0.069691,3.324031,0.334384,0.31028,4543.588563,128.41504,30.056188
"BO, multi-output + constraints",gp_multi,3,111,True,,0.5656316143090296,1.514674,2.973024,0.332714,0.329055,2961.456884,126.894778,107.45295
"BO, multi-output + constraints",gp_multi,3,112,True,,0.8108239770894624,0.049371,3.497589,0.379728,0.228347,5733.683277,127.689829,72.168463
"BO, multi-output + constraints",gp_multi,3,113,True,,0.6924933632983362,0.048147,2.687179,0.284023,0.393539,3398.110471,135.728186,147.03034
"BO, multi-output + constraints",gp_multi,3,114,True,,1.176126358578519,0.047412,1.836147,0.43786,0.226706,591.129822,148.369153,26.993379
"BO, multi-output + constraints",gp_multi,3,115,True,,0.46807557917360787,0.047594,3.603767,0.348653,0.290333,4085.597045,133.242759,75.543068
"BO, multi-output + constraints",gp_multi,3,116,True,,0.6939384758110749,0.048921,2.496755,0.388388,0.308483,649.177116,131.6468,69.212681
"BO, multi-output + constraints",gp_multi,3,117,True,,0.7345165868815156,0.048767,1.875508,0.283299,0.315225,1822.958451,123.175304,83.053513
"BO, multi-output + constraints",gp_multi,3,118,False,blowup,,0.005567,4.563033,0.439986,0.329445,423.595274,138.5527,92.734277
"BO, multi-output + constraints",gp_multi,3,119,True,,0.18525331737080752,0.045703,3.113948,0.316138,0.366955,4303.34873,127.318729,54.484041
"BO, multi-output + constraints",gp_multi,3,120,True,,0.7781918464318598,0.047374,2.313102,0.316906,0.21864,2743.622178,117.494443,141.273782
"BO, multi-output + constraints",gp_multi,3,121,True,,1.3116692647407662,0.045336,5.104068,0.38292,0.319089,1425.557728,169.121003,47.793942
"BO, multi-output + constraints",gp_multi,3,122,True,,0.2409824617704743,0.046423,2.303857,0.329874,0.301195,2975.751229,123.361596,53.762693
"BO, multi-output + constraints",gp_multi,3,123,False,blowup,,0.004908,4.074034,0.284956,0.202146,2466.739877,120.856836,128.665745
"BO, multi-output + constraints",gp_multi,3,124,True,,0.6231675895228945,0.047801,2.205212,0.36161,0.221102,3287.253339,128.729545,146.51937
"BO, multi-output + constraints",gp_multi,3,125,False,blowup,,0.003553,2.747083,0.318407,0.357356,1794.732799,128.510778,38.884293
"BO, multi-output + constraints",gp_multi,3,126,False,blowup,,0.008663,4.162478,0.441944,0.322214,1304.441838,143.822168,53.657339
"BO, multi-output + constraints",gp_multi,3,127,True,,2.1631156875179594,0.045621,2.309397,0.426189,0.295605,1402.08121,132.287058,136.169781
"BO, multi-output + constraints",gp_multi,3,128,True,,0.5799218573394467,0.04699,2.017677,0.300212,0.398522,4722.575216,135.170506,38.920005
"BO, multi-output + constraints",gp_multi,3,129,True,,0.38101745301136014,0.04706,2.767368,0.316067,0.33907,1884.589733,122.223667,58.623044
"BO, multi-output + constraints",gp_multi,3,130,True,,0.6106496226211995,0.044978,2.425761,0.360289,0.258976,2888.200718,122.143998,44.297447
"BO, multi-output + constraints",gp_multi,3,131,True,,0.292476915414263,0.045679,2.841661,0.353494,0.260602,2590.419834,123.502309,124.596802
"BO, multi-output + constraints",gp_multi,3,132,True,,0.16868343559232055,0.049009,2.40142,0.314818,0.346845,2195.871211,124.765006,40.52545
"BO, multi-output + constraints",gp_multi,3,133,True,,0.7000261839532765,0.046576,3.317345,0.349217,0.269839,5908.872046,118.668839,60.783247
"BO, multi-output + constraints",gp_multi,3,134,True,,2.4348183420913037,0.04811,6.170732,0.325023,0.383244,5651.798508,138.233422,63.552173
"BO, multi-output + constraints",gp_multi,3,135,True,,0.26280101783445875,0.044936,2.466921,0.35573,0.240619,4436.054197,117.975111,51.249185
"BO, multi-output + constraints",gp_multi,3,136,True,,0.7267714301134989,0.045556,4.048764,0.282416,0.201802,5835.84239,117.362569,118.05546
"BO, multi-output + constraints",gp_multi,3,137,True,,2.9138399399372106,0.047569,5.188803,0.320682,0.377986,2829.822114,139.382713,149.912723
"BO, multi-output + constraints",gp_multi,3,138,True,,1.5418142933522099,0.048798,5.15579,0.319793,0.344808,1244.05186,128.119504,118.246289
"BO, multi-output + constraints",gp_multi,3,139,True,,0.9361936363787442,0.048508,4.989454,0.288489,0.381613,5912.23816,134.56224,147.483233
"BO, multi-output + constraints",gp_multi,3,140,True,,0.43098054909347844,0.047732,3.472094,0.331289,0.361339,785.609706,126.437971,65.805153
"BO, multi-output + constraints",gp_multi,3,141,True,,1.2564716748084224,0.04886,5.907524,0.284726,0.384468,3263.543963,116.371284,93.75174
"BO, multi-output + constraints",gp_multi,3,142,True,,1.6320021125359312,0.046236,2.655702,0.426505,0.225211,2537.86297,169.638575,55.340398
"BO, multi-output + constraints",gp_multi,3,143,True,,0.43970213304477374,0.046278,1.972404,0.379234,0.205694,2172.135956,123.434359,108.958579
"BO, multi-output + constraints",gp_multi,3,144,True,,0.5091405050662442,0.045518,3.722272,0.306855,0.396043,4495.934061,135.246445,140.64636
"BO, multi-output + constraints",gp_multi,3,145,True,,0.5181971491276182,0.04772,2.723247,0.320562,0.386899,687.295139,119.731861,143.961903
"BO, multi-output + constraints",gp_multi,3,146,True,,0.47234891278168467,0.048336,2.657408,0.328695,0.294921,2214.001113,117.550583,40.386044
"BO, multi-output + constraints",gp_multi,3,147,False,blowup,,0.002723,3.171301,0.324781,0.341363,2693.947962,127.646702,143.215578
"BO, multi-output + constraints",gp_multi,3,148,True,,0.3055937833114421,0.045737,2.608121,0.347876,0.25393,4762.007104,125.600042,78.636288
"BO, multi-output + constraints",gp_multi,3,149,False,blowup,,0.005084,1.869734,0.422608,0.203809,1290.07175,173.499561,30.738619
"BO, multi-output + constraints",gp_multi,3,150,True,,0.17682548000259501,0.049174,2.917805,0.332026,0.332084,2347.116667,126.55613,53.276038
"BO, multi-output + constraints",gp_multi,4,1,False,blowup,,0.003849,7.601393,0.366926,0.395249,852.681734,137.698804,59.590555
"BO, multi-output + constraints",gp_multi,4,2,False,blowup,,0.040474,4.442077,0.394886,0.295208,1615.088148,145.792444,116.74142
"BO, multi-output + constraints",gp_multi,4,3,True,,2.4768982281103513,0.074426,2.195109,0.31763,0.392501,5351.649089,116.317723,112.22362
"BO, multi-output + constraints",gp_multi,4,4,False,blowup,,0.004414,6.741875,0.32691,0.275225,2349.044826,172.381768,67.271683
"BO, multi-output + constraints",gp_multi,4,5,False,blowup,,0.003598,3.765074,0.332251,0.36141,1001.840903,117.257947,132.082903
"BO, multi-output + constraints",gp_multi,4,6,True,,4.401492487949346,0.072569,6.514092,0.385702,0.247501,3233.001888,86.784731,106.512661
"BO, multi-output + constraints",gp_multi,4,7,True,,2.1287293416755517,0.074275,5.513705,0.342957,0.299862,2278.701999,140.23822,87.397836
"BO, multi-output + constraints",gp_multi,4,8,True,,5.340092702931856,0.07603,3.002931,0.365306,0.379691,2437.15918,132.303149,128.039002
"BO, multi-output + constraints",gp_multi,4,9,False,blowup,,0.003983,4.677323,0.387064,0.296971,1032.64631,165.206049,145.611246
"BO, multi-output + constraints",gp_multi,4,10,False,blowup,,0.004112,6.395342,0.290582,0.357889,875.408959,169.283298,40.011916
"BO, multi-output + constraints",gp_multi,4,11,True,,0.6563917530661664,0.077484,1.882582,0.319741,0.26846,5769.9865,122.782117,113.623166
"BO, multi-output + constraints",gp_multi,4,12,False,blowup,,0.004379,2.902457,0.387027,0.379504,4308.084735,129.514259,17.795875
"BO, multi-output + constraints",gp_multi,4,13,True,,5.3260395887996665,0.075302,1.710551,0.402564,0.328624,3342.075695,128.029878,39.222974
"BO, multi-output + constraints",gp_multi,4,14,True,,0.9359229948613715,0.074749,3.742982,0.290392,0.373185,2593.316917,146.525192,78.629111
"BO, multi-output + constraints",gp_multi,4,15,True,,1.1837950393034549,0.071537,1.225346,0.327786,0.322843,5741.489285,125.217971,125.716502
"BO, multi-output + constraints",gp_multi,4,16,False,blowup,,0.003807,2.548298,0.442571,0.38693,1901.388802,122.905002,95.684568
"BO, multi-output + constraints",gp_multi,4,17,True,,2.127784643745873,0.070759,3.8327,0.433039,0.213474,2351.500196,113.430646,140.172006
"BO, multi-output + constraints",gp_multi,4,18,True,,0.7448808638586252,0.072354,1.719539,0.283804,0.387447,2612.025175,131.077507,90.725892
"BO, multi-output + constraints",gp_multi,4,19,True,,3.51453833437061,0.065446,7.923483,0.416985,0.308248,3539.770204,143.638752,79.478939
"BO, multi-output + constraints",gp_multi,4,20,True,,7.015970061589204,0.06463,3.884372,0.444709,0.220502,5843.488079,169.578614,74.329041
"BO, multi-output + constraints",gp_multi,4,21,True,,4.650025879181427,0.068343,6.579726,0.383189,0.201598,5051.060767,123.768419,91.624144
"BO, multi-output + constraints",gp_multi,4,22,True,,1.1457561974116763,0.070506,2.305881,0.328087,0.227628,5598.905993,170.518695,127.930109
"BO, multi-output + constraints",gp_multi,4,23,True,,1.2862336611561733,0.066929,4.11336,0.283484,0.389246,2379.239332,80.111809,92.156569
"BO, multi-output + constraints",gp_multi,4,24,False,blowup,,0.003147,7.334102,0.445714,0.342024,2565.396764,82.086227,76.194847
"BO, multi-output + constraints",gp_multi,4,25,True,,7.935169278297234,0.063876,2.144544,0.4445,0.301056,2734.42348,81.668646,131.522383
"BO, multi-output + constraints",gp_multi,4,26,True,,0.5233825432183125,0.071625,3.520055,0.281712,0.201965,5110.319396,121.73964,67.069515
"BO, multi-output + constraints",gp_multi,4,27,True,,0.9540387210528664,0.081999,1.759521,0.281331,0.208315,1706.065721,121.001028,129.018599
"BO, multi-output + constraints",gp_multi,4,28,True,,0.8034619471982024,0.070313,2.314817,0.282959,0.363632,4090.295092,122.066678,149.057895
"BO, multi-output + constraints",gp_multi,4,29,False,blowup,,0.003356,7.037824,0.448851,0.201011,1556.779296,121.936176,149.29221
"BO, multi-output + constraints",gp_multi,4,30,True,,2.2182790635463845,0.068278,3.372462,0.421364,0.225428,4500.594418,124.066418,69.039295
"BO, multi-output + constraints",gp_multi,4,31,False,blowup,,0.006306,7.431588,0.356149,0.331275,4351.605661,129.466093,73.705455
"BO, multi-output + constraints",gp_multi,4,32,True,,1.743462213626191,0.086097,7.709643,0.324712,0.372802,5298.030371,149.127298,68.035479
"BO, multi-output + constraints",gp_multi,4,33,True,,2.3985099476700307,0.101844,2.012273,0.358895,0.289716,4789.099248,170.990838,64.420683
"BO, multi-output + constraints",gp_multi,4,34,True,,0.6494232231322717,0.099541,2.838874,0.361153,0.253758,5943.806522,115.084956,95.731613
"BO, multi-output + constraints",gp_multi,4,35,True,,1.0929971305351982,0.086452,4.507454,0.297438,0.396641,5652.31717,119.064878,74.001582
"BO, multi-output + constraints",gp_multi,4,36,True,,0.38170455760559974,0.066154,2.48119,0.325803,0.302677,2182.723141,131.65199,123.64611
"BO, multi-output + constraints",gp_multi,4,37,True,,1.8189556127076307,0.073305,3.110508,0.380158,0.27754,3071.321283,127.990568,120.459414
"BO, multi-output + constraints",gp_multi,4,38,True,,2.3797889988254766,0.083982,5.25364,0.326814,0.211794,3327.957029,173.525245,16.79895
"BO, multi-output + constraints",gp_multi,4,39,False,blowup,,0.04113,2.8297,0.430541,0.20708,1911.766822,89.966979,58.527579
"BO, multi-output + constraints",gp_multi,4,40,True,,1.3705390117540885,0.065645,2.6792,0.314842,0.20579,1975.059414,81.661527,89.559536
"BO, multi-output + constraints",gp_multi,4,41,True,,1.8451280756513744,0.068058,2.135531,0.441801,0.200185,2068.326952,81.140498,61.517005
"BO, multi-output + constraints",gp_multi,4,42,True,,0.9680342078199204,0.099354,3.788017,0.282379,0.3354,4612.17291,171.99579,148.583817
"BO, multi-output + constraints",gp_multi,4,43,True,,3.4791347864012576,0.078716,6.6818,0.352985,0.343817,2917.249282,81.76037,84.239741
"BO, multi-output + constraints",gp_multi,4,44,True,,5.534555995199303,0.077465,7.85319,0.41887,0.213366,3720.63938,167.029703,144.495566
"BO, multi-output + constraints",gp_multi,4,45,True,,1.8150428021461606,0.098618,1.094526,0.39467,0.201761,3200.953093,170.896419,81.612204
"BO, multi-output + constraints",gp_multi,4,46,False,blowup,,0.074392,2.531417,0.303758,0.352793,2317.521254,173.394261,18.602275
"BO, multi-output + constraints",gp_multi,4,47,True,,1.3493517137115234,0.066313,6.435642,0.287907,0.373116,1784.302408,149.217537,140.691763
"BO, multi-output + constraints",gp_multi,4,48,True,,0.8879719204378589,0.072982,1.521661,0.305296,0.278611,5659.800854,161.876944,52.205191
"BO, multi-output + constraints",gp_multi,4,49,True,,0.8122092202850364,0.064992,2.715064,0.315514,0.398731,1742.981616,110.779046,57.494177
"BO, multi-output + constraints",gp_multi,4,50,False,blowup,,0.013539,1.893058,0.28167,0.251248,1385.888746,92.744592,41.829705
"BO, multi-output + constraints",gp_multi,4,51,True,,0.6037952919846702,0.071581,2.602661,0.364787,0.269152,1636.637543,142.379425,47.653367
"BO, multi-output + constraints",gp_multi,4,52,True,,2.4668935680037896,0.067454,4.918007,0.281224,0.233525,2034.306969,158.193856,43.433608
"BO, multi-output + constraints",gp_multi,4,53,False,blowup,,0.050093,1.941608,0.326391,0.344369,1057.984943,92.639726,74.092565
"BO, multi-output + constraints",gp_multi,4,54,False,blowup,,0.006839,7.428664,0.282223,0.38723,3424.848154,168.159988,8.493949
"BO, multi-output + constraints",gp_multi,4,55,True,,1.1806606675290006,0.096246,1.510117,0.292252,0.24693,1557.387042,125.099809,68.279848
"BO, multi-output + constraints",gp_multi,4,56,True,,0.7655410765959225,0.073238,1.874408,0.291017,0.393721,1807.868245,121.53802,136.522411
"BO, multi-output + constraints",gp_multi,4,57,True,,1.297150463108439,0.067284,1.559639,0.3587,0.204937,3650.424432,86.419362,68.964432
"BO, multi-output + constraints",gp_multi,4,58,False,blowup,,0.003503,3.891025,0.373917,0.379061,1929.139638,82.529748,16.158238
"BO, multi-output + constraints",gp_multi,4,59,True,,0.49005376920593213,0.071016,1.80091,0.358315,0.223143,5987.672705,138.798256,146.993688
"BO, multi-output + constraints",gp_multi,4,60,False,blowup,,0.004051,3.896199,0.360942,0.346786,1483.109487,153.25226,16.348626
"BO, multi-output + constraints",gp_multi,4,61,True,,1.1205209920325976,0.064132,1.3137,0.385477,0.22129,2004.479464,126.512185,113.033702
"BO, multi-output + constraints",gp_multi,4,62,True,,9.848674530231524,0.066511,3.321447,0.436261,0.209075,987.135269,156.701156,51.410008
"BO, multi-output + constraints",gp_multi,4,63,True,,5.221377263754448,0.066952,7.294476,0.371948,0.376941,1646.713319,89.77832,7.243488
"BO, multi-output + constraints",gp_multi,4,64,True,,0.8813350505370906,0.072105,2.343432,0.282663,0.338296,4368.506797,173.05879,9.203579
"BO, multi-output + constraints",gp_multi,4,65,True,,1.728919266934962,0.065114,1.739354,0.281127,0.255888,3083.51198,80.618497,147.332792
"BO, multi-output + constraints",gp_multi,4,66,True,,2.024740010296808,0.063627,1.035641,0.40003,0.203075,3558.812866,82.710789,9.148145
"BO, multi-output + constraints",gp_multi,4,67,True,,1.2473153716793395,0.067205,5.131713,0.283589,0.399334,4691.120007,159.408772,27.052612
"BO, multi-output + constraints",gp_multi,4,68,True,,4.218506330708258,0.066904,1.334137,0.445795,0.206782,3038.678269,151.006587,136.953188
"BO, multi-output + constraints",gp_multi,4,69,True,,2.0522694583395564,0.06945,1.615858,0.281921,0.267066,3508.397078,81.422139,8.406058
"BO, multi-output + constraints",gp_multi,4,70,True,,7.188580148086588,0.06374,4.101502,0.374711,0.287906,5544.505073,172.698597,134.465212
"BO, multi-output + constraints",gp_multi,4,71,True,,9.261568518219537,0.064569,5.689239,0.433864,0.331056,4530.867188,101.056796,81.856404
"BO, multi-output + constraints",gp_multi,4,72,False,blowup,,0.003758,2.707119,0.296966,0.33297,623.726795,131.777706,115.949284
"BO, multi-output + constraints",gp_multi,4,73,True,,1.1186086882051782,0.066451,7.85453,0.280721,0.230124,5172.063916,123.280496,82.284414
"BO, multi-output + constraints",gp_multi,4,74,True,,0.5252593156855552,0.067263,3.406242,0.292935,0.200711,5266.879328,127.301809,140.263185
"BO, multi-output + constraints",gp_multi,4,75,True,,2.0210318326713796,0.074258,5.63354,0.303825,0.344216,478.395285,149.955195,141.703896
"BO, multi-output + constraints",gp_multi,4,76,True,,1.6563638650978203,0.070924,7.986621,0.302104,0.391187,4559.750193,121.554798,130.533878
"BO, multi-output + constraints",gp_multi,4,77,False,blowup,,0.004198,7.446846,0.295815,0.290282,4149.41289,170.431887,139.673797
"BO, multi-output + constraints",gp_multi,4,78,True,,1.18465861359296,0.067024,5.338267,0.303254,0.290297,5363.258086,168.54925,29.33676
"BO, multi-output + constraints",gp_multi,4,79,True,,1.9003540040248055,0.069061,7.306362,0.339143,0.332907,5659.862526,124.833576,148.732294
"BO, multi-output + constraints",gp_multi,4,80,True,,1.8274745621580284,0.06674,7.901494,0.298338,0.306381,5803.173538,171.961924,120.746734
"BO, multi-output + constraints",gp_multi,4,81,True,,1.7095009603042135,0.066922,5.084463,0.407702,0.288958,2870.414433,129.692919,143.003705
"BO, multi-output + constraints",gp_multi,4,82,True,,0.5315565464318568,0.068494,2.175049,0.377296,0.207197,4361.319368,155.796664,39.940072
"BO, multi-output + constraints",gp_multi,4,83,True,,1.1266594956425051,0.082539,3.27107,0.335768,0.272913,4796.587786,149.936993,12.312089
"BO, multi-output + constraints",gp_multi,4,84,True,,3.0373164786620914,0.094261,7.125811,0.382941,0.315538,3919.334228,166.81821,38.805455
"BO, multi-output + constraints",gp_multi,4,85,True,,0.8920893549576818,0.066068,1.467141,0.350366,0.201029,5926.96876,137.968026,10.431045
"BO, multi-output + constraints",gp_multi,4,86,True,,1.4269879332706383,0.064212,1.803263,0.28311,0.238989,4584.456193,123.971101,5.581543
"BO, multi-output + constraints",gp_multi,4,87,True,,3.7577137061275923,0.066223,1.303541,0.402191,0.240161,5590.488183,128.450715,113.525937
"BO, multi-output + constraints",gp_multi,4,88,True,,2.0647854027667645,0.068435,6.134106,0.341459,0.371788,1719.043919,118.970629,149.069451
"BO, multi-output + constraints",gp_multi,4,89,True,,1.0658791619006804,0.064332,1.779914,0.331403,0.316168,2034.578875,156.061037,28.316457
"BO, multi-output + constraints",gp_multi,4,90,True,,0.7001743853805859,0.06083,1.422322,0.347689,0.249586,1006.450604,126.341158,137.641722
"BO, multi-output + constraints",gp_multi,4,91,False,blowup,,0.005332,1.9191,0.30477,0.205183,670.579187,165.444343,137.21606
"BO, multi-output + constraints",gp_multi,4,92,True,,1.0209800680331416,0.06466,1.990462,0.315799,0.208131,3682.692697,158.43674,76.567425
"BO, multi-output + constraints",gp_multi,4,93,True,,1.0063532372168782,0.066673,2.513589,0.362842,0.201423,2211.763336,174.637642,134.66831
"BO, multi-output + constraints",gp_multi,4,94,True,,0.15982832355791923,0.07461,2.559595,0.335586,0.316748,1186.592413,125.837844,57.789217
"BO, multi-output + constraints",gp_multi,4,95,True,,4.753239600946349,0.068309,2.56947,0.413573,0.243103,5476.683397,80.819617,145.879372
"BO, multi-output + constraints",gp_multi,4,96,False,blowup,,0.003539,7.587878,0.440151,0.331725,527.89606,147.289296,57.508999
"BO, multi-output + constraints",gp_multi,4,97,False,blowup,,0.005631,5.269307,0.367084,0.36395,471.949752,167.75309,97.069378
"BO, multi-output + constraints",gp_multi,4,98,False,blowup,,0.053057,5.14795,0.420857,0.2697,493.204538,120.219513,136.778926
"BO, multi-output + constraints",gp_multi,4,99,False,blowup,,0.007076,7.691072,0.423237,0.343105,739.826369,172.909228,81.298545
"BO, multi-output + constraints",gp_multi,4,100,False,blowup,,0.003792,6.115807,0.419997,0.331609,703.704659,121.465483,98.841456
"BO, multi-output + constraints",gp_multi,4,101,True,,1.4327038712193545,0.068296,3.401069,0.290153,0.398204,5844.138715,85.214843,38.895051
"BO, multi-output + constraints",gp_multi,4,102,True,,0.771964529172596,0.068004,3.215256,0.28606,0.382531,769.081592,155.571086,10.938317
"BO, multi-output + constraints",gp_multi,4,103,False,blowup,,0.056149,2.714581,0.310146,0.336896,1483.239184,123.279649,22.391832
"BO, multi-output + constraints",gp_multi,4,104,True,,2.296374399628911,0.067031,3.830525,0.359644,0.371497,5840.296428,128.482512,16.345308
"BO, multi-output + constraints",gp_multi,4,105,True,,0.2413954336471304,0.069804,2.03686,0.391694,0.236287,1517.056107,125.648818,56.911345
"BO, multi-output + constraints",gp_multi,4,106,True,,1.6044675646935944,0.068041,6.606831,0.289613,0.398051,5504.448877,171.969671,91.300858
"BO, multi-output + constraints",gp_multi,4,107,True,,1.2105453106798876,0.069514,3.731511,0.3065,0.363304,552.210243,110.144811,96.882298
"BO, multi-output + constraints",gp_multi,4,108,True,,1.4433793266426387,0.06603,2.742357,0.338712,0.238772,478.15468,123.262049,44.035515
"BO, multi-output + constraints",gp_multi,4,109,True,,2.1465727157330354,0.062604,6.268658,0.444158,0.212052,5661.832247,124.777523,120.578884
"BO, multi-output + constraints",gp_multi,4,110,False,blowup,,0.003176,7.12268,0.391255,0.321387,1263.172533,133.114674,120.406718
"BO, multi-output + constraints",gp_multi,4,111,False,blowup,,0.004483,7.812345,0.388228,0.346895,4086.943217,124.84154,121.271788
"BO, multi-output + constraints",gp_multi,4,112,True,,0.7195181122881962,0.081753,3.664648,0.301551,0.380153,4915.929434,173.645351,52.784383
"BO, multi-output + constraints",gp_multi,4,113,True,,4.55849542610758,0.076582,7.262325,0.388521,0.364805,2630.009059,135.628395,91.386862
"BO, multi-output + constraints",gp_multi,4,114,True,,3.4918945951038527,0.076844,4.793521,0.40428,0.217128,2605.676718,173.751923,58.300682
"BO, multi-output + constraints",gp_multi,4,115,True,,0.551101601701627,0.076471,1.561323,0.401932,0.213735,1184.589418,129.485806,146.947607
"BO, multi-output + constraints",gp_multi,4,116,False,blowup,,0.037247,1.378553,0.320121,0.210963,627.645771,106.344865,128.605449
"BO, multi-output + constraints",gp_multi,4,117,False,blowup,,0.042201,1.679191,0.355878,0.20568,577.963665,139.48097,146.004012
"BO, multi-output + constraints",gp_multi,4,118,True,,0.6210413209242377,0.048114,7.05199,0.335909,0.372705,2195.735726,127.465877,129.953863
"BO, multi-output + constraints",gp_multi,4,119,True,,0.6193902513651071,0.046749,2.545401,0.332715,0.316926,4043.235933,130.908125,143.307082
"BO, multi-output + constraints",gp_multi,4,120,True,,1.6295148692955068,0.046811,2.442856,0.330426,0.324097,5743.867589,123.128374,46.275294
"BO, multi-output + constraints",gp_multi,4,121,False,blowup,,0.023982,1.33636,0.422081,0.20889,1239.651138,124.530487,102.557105
"BO, multi-output + constraints",gp_multi,4,122,True,,0.7781136015126541,0.050404,2.021017,0.316016,0.361752,1148.095419,170.398993,24.06639
"BO, multi-output + constraints",gp_multi,4,123,True,,1.0854377576521679,0.049633,3.555111,0.314237,0.203646,5032.150896,164.888308,62.283392
"BO, multi-output + constraints",gp_multi,4,124,True,,2.5146465946592462,0.046753,1.498117,0.421728,0.203433,2045.948999,157.781918,122.645866
"BO, multi-output + constraints",gp_multi,4,125,True,,1.5647031278290753,0.050228,7.680077,0.28032,0.227639,5838.710358,169.469405,48.411661
"BO, multi-output + constraints",gp_multi,4,126,True,,2.2184439651478485,0.049023,3.008744,0.315101,0.263765,5114.290473,111.33469,8.427387
"BO, multi-output + constraints",gp_multi,4,127,True,,2.4626947748878916,0.047285,4.541456,0.346039,0.369434,2748.012213,162.896262,8.251922
"BO, multi-output + constraints",gp_multi,4,128,True,,1.8154114991958075,0.047273,7.001659,0.356099,0.357041,1934.233657,170.307546,64.732541
"BO, multi-output + constraints",gp_multi,4,129,True,,2.18970971709271,0.049752,6.404192,0.281972,0.205669,5519.265042,93.835532,147.572508
"BO, multi-output + constraints",gp_multi,4,130,False,blowup,,0.002871,3.727196,0.296202,0.393464,4855.564856,172.252764,145.412155
"BO, multi-output + constraints",gp_multi,4,131,True,,0.5690762248721059,0.049562,2.092072,0.380122,0.207538,4746.417854,105.409063,149.909065
"BO, multi-output + constraints",gp_multi,4,132,True,,1.2748716035702878,0.052257,1.129748,0.306008,0.319043,1113.111137,117.930513,136.639901
"BO, multi-output + constraints",gp_multi,4,133,True,,1.903517993489663,0.048003,2.732879,0.400937,0.208449,5869.923908,155.234482,44.131587
"BO, multi-output + constraints",gp_multi,4,134,False,blowup,,0.002627,3.853612,0.395313,0.240915,1754.018763,167.013682,137.208057
"BO, multi-output + constraints",gp_multi,4,135,False,blowup,,0.032138,1.52553,0.380024,0.201147,923.787835,124.76453,146.103503
"BO, multi-output + constraints",gp_multi,4,136,False,blowup,,0.013229,7.258681,0.319904,0.391809,552.322335,172.279134,93.936342
"BO, multi-output + constraints",gp_multi,4,137,True,,1.8016356336393142,0.050301,6.163309,0.303486,0.370296,3902.803878,172.628712,144.368935
"BO, multi-output + constraints",gp_multi,4,138,True,,2.6123625111465913,0.049446,7.298406,0.40169,0.260876,5807.01451,127.09731,111.095957
"BO, multi-output + constraints",gp_multi,4,139,True,,0.5434812397275036,0.049211,3.035113,0.280898,0.22198,4997.18787,144.198344,118.702083
"BO, multi-output + constraints",gp_multi,4,140,True,,0.7791919005956167,0.048992,2.785806,0.342564,0.218562,2538.468525,171.280876,18.92804
"BO, multi-output + constraints",gp_multi,4,141,True,,0.6601465140546547,0.050329,2.777035,0.30841,0.358075,5607.24995,158.466587,8.84435
"BO, multi-output + constraints",gp_multi,4,142,True,,0.6070813052004422,0.051629,1.730122,0.309758,0.316883,1158.670069,139.558456,14.083054
"BO, multi-output + constraints",gp_multi,4,143,True,,2.6264686297481763,0.052347,6.701284,0.328492,0.388946,1118.356706,165.870526,56.636269
"BO, multi-output + constraints",gp_multi,4,144,False,blowup,,0.048124,3.188744,0.331719,0.386189,407.698289,151.71318,31.132058
"BO, multi-output + constraints",gp_multi,4,145,False,blowup,,0.004089,6.961701,0.283176,0.268559,1051.83064,122.700961,148.459449
"BO, multi-output + constraints",gp_multi,4,146,True,,1.0375662449236875,0.04937,1.460275,0.282178,0.330218,671.300261,126.867582,97.282648
"BO, multi-output + constraints",gp_multi,4,147,True,,2.454771462980069,0.051479,3.153654,0.357732,0.339346,1075.6734,165.744606,5.954804
"BO, multi-output + constraints",gp_multi,4,148,False,blowup,,0.019351,7.876326,0.286994,0.2238,1276.385818,174.722021,141.289899
"BO, multi-output + constraints",gp_multi,4,149,True,,1.6496073911502065,0.05196,4.423606,0.306648,0.394274,1101.257698,91.983493,144.498274
"BO, multi-output + constraints",gp_multi,4,150,True,,1.0876941516256529,0.050372,1.935417,0.366917,0.203802,1016.686669,152.10697,9.837407
"BO, multi-output + constraints",gp_multi,5,1,True,,5.49872204864558,0.068083,6.63502,0.41735,0.303065,2000.487728,85.123417,60.588488
"BO, multi-output + constraints",gp_multi,5,2,False,blowup,,0.003902,5.736825,0.290336,0.311119,1920.128985,163.566861,14.311093
"BO, multi-output + constraints",gp_multi,5,3,True,,6.958920040684829,0.066292,7.268138,0.428273,0.203703,4361.975177,80.11397,77.987775
"BO, multi-output + constraints",gp_multi,5,4,False,blowup,,0.03187,6.643507,0.333797,0.229808,4311.667146,122.61169,120.846226
"BO, multi-output + constraints",gp_multi,5,5,False,blowup,,0.004145,3.795977,0.439195,0.311232,1744.757838,150.435059,102.786509
"BO, multi-output + constraints",gp_multi,5,6,True,,1.2458013519182374,0.091528,5.486581,0.298205,0.338444,3958.166079,115.76869,120.785885
"BO, multi-output + constraints",gp_multi,5,7,True,,3.108374462778184,0.074489,6.933371,0.348208,0.31065,3085.13141,171.059685,51.005287
"BO, multi-output + constraints",gp_multi,5,8,False,blowup,,0.00387,1.514313,0.425867,0.36576,1182.820072,130.075115,42.430517
"BO, multi-output + constraints",gp_multi,5,9,False,blowup,,0.020961,7.050629,0.327378,0.289425,720.648142,80.260795,33.298131
"BO, multi-output + constraints",gp_multi,5,10,False,blowup,,0.00518,4.363507,0.357309,0.333399,5209.027454,112.043263,120.079907
"BO, multi-output + constraints",gp_multi,5,11,False,blowup,,0.004247,5.961583,0.30841,0.397954,2397.966284,163.879841,94.590989
"BO, multi-output + constraints",gp_multi,5,12,True,,1.4384865092303871,0.07887,1.123275,0.310814,0.395599,5981.022876,155.20627,65.591587
"BO, multi-output + constraints",gp_multi,5,13,True,,1.7134213589881424,0.072877,1.081842,0.29404,0.399906,3872.952612,157.672968,139.284543
"BO, multi-output + constraints",gp_multi,5,14,True,,41.40445269750594,0.076138,6.645179,0.429559,0.372912,928.53781,91.435375,83.922081
"BO, multi-output + constraints",gp_multi,5,15,True,,1.8829827739954343,0.071428,7.468312,0.289442,0.361745,5692.945267,95.968638,72.798566
"BO, multi-output + constraints",gp_multi,5,16,True,,5.179461550887095,0.071472,3.217305,0.366555,0.390431,1905.474501,148.76737,78.884859
"BO, multi-output + constraints",gp_multi,5,17,True,,2.8989326666289816,0.066923,4.480131,0.417178,0.21046,2112.062967,158.816432,13.739121
"BO, multi-output + constraints",gp_multi,5,18,True,,1.011058751155591,0.070573,1.434917,0.313062,0.299192,4524.520898,137.58261,11.205172
"BO, multi-output + constraints",gp_multi,5,19,True,,1.3924461648850022,0.068185,5.561255,0.300308,0.320211,3230.777346,145.932103,126.977676
"BO, multi-output + constraints",gp_multi,5,20,True,,1.0828217068811241,0.06881,1.57249,0.321305,0.266271,876.400791,173.236942,127.877517
"BO, multi-output + constraints",gp_multi,5,21,True,,3.451913444691217,0.069411,7.488016,0.309947,0.27021,3563.460115,137.279278,8.534198
"BO, multi-output + constraints",gp_multi,5,22,True,,1.1986544765547065,0.065008,1.705041,0.283185,0.299048,3880.947154,98.723467,75.922792
"BO, multi-output + constraints",gp_multi,5,23,True,,15.420285368127184,0.06793,4.869166,0.447151,0.340246,4362.805703,129.402414,71.566579
"BO, multi-output + constraints",gp_multi,5,24,True,,0.948854142526182,0.069278,2.151222,0.282766,0.305676,998.266598,144.470927,32.107328
"BO, multi-output + constraints",gp_multi,5,25,False,blowup,,0.004326,5.723018,0.292955,0.234651,654.668169,152.296104,77.276179
"BO, multi-output + constraints",gp_multi,5,26,True,,9.864327666231528,0.070853,1.364713,0.384568,0.368222,5939.309902,138.064702,93.962298
"BO, multi-output + constraints",gp_multi,5,27,True,,15.925488678341576,0.095217,1.526276,0.44731,0.291755,5161.967171,170.764931,129.320785
"BO, multi-output + constraints",gp_multi,5,28,True,,3.959689239142686,0.08061,7.202073,0.363687,0.201829,5427.036326,83.563685,131.051521
"BO, multi-output + constraints",gp_multi,5,29,True,,1.270302885981497,0.063918,2.111056,0.282937,0.214079,4279.030576,169.474334,60.655778
"BO, multi-output + constraints",gp_multi,5,30,True,,1.4725683211975535,0.066858,2.931067,0.282494,0.390722,917.509789,80.818176,136.869279
"BO, multi-output + constraints",gp_multi,5,31,False,blowup,,0.007793,7.040369,0.283706,0.211915,1218.286072,168.065352,72.839543
"BO, multi-output + constraints",gp_multi,5,32,True,,0.9448375048984148,0.076479,3.719873,0.284085,0.206184,2555.748202,154.265727,29.721646
"BO, multi-output + constraints",gp_multi,5,33,True,,1.165503868947397,0.07766,7.07217,0.281875,0.394346,2826.089424,117.811675,131.184276
"BO, multi-output + constraints",gp_multi,5,34,True,,0.9316349853429192,0.066157,2.30248,0.397688,0.221286,2411.761511,155.23575,57.383083
"BO, multi-output + constraints",gp_multi,5,35,False,blowup,,0.00349,2.583953,0.341309,0.29532,1098.820653,130.639673,146.485298
"BO, multi-output + constraints",gp_multi,5,36,True,,2.780275970664119,0.063202,3.553688,0.345962,0.364388,4009.933847,105.136307,147.369849
"BO, multi-output + constraints",gp_multi,5,37,True,,1.962322673415132,0.064039,5.019395,0.359029,0.209192,4776.815001,174.287928,55.27585
"BO, multi-output + constraints",gp_multi,5,38,True,,1.009463791916255,0.065445,1.896946,0.283288,0.205764,1204.928795,110.026874,139.184833
"BO, multi-output + constraints",gp_multi,5,39,True,,1.3707043703752468,0.066301,5.182053,0.305678,0.207197,4425.4938,158.682739,83.524966
"BO, multi-output + constraints",gp_multi,5,40,True,,0.5314902684840472,0.067785,1.875805,0.354236,0.287356,491.038281,132.581196,56.190611
"BO, multi-output + constraints",gp_multi,5,41,True,,1.3679283419774986,0.068698,1.334085,0.301889,0.329789,436.257356,106.173352,29.596455
"BO, multi-output + constraints",gp_multi,5,42,False,blowup,,0.011063,1.616933,0.341885,0.202902,995.13006,136.066459,93.706366
"BO, multi-output + constraints",gp_multi,5,43,True,,1.0736392864058144,0.065788,3.859376,0.326861,0.230365,3974.383662,149.139839,34.915026
"BO, multi-output + constraints",gp_multi,5,44,True,,0.8632101479887596,0.070248,2.507276,0.292108,0.383192,5225.246509,159.164586,97.91401
"BO, multi-output + constraints",gp_multi,5,45,True,,1.591604437939878,0.06969,1.64903,0.330702,0.220022,4759.186675,84.530048,126.385534
"BO, multi-output + constraints",gp_multi,5,46,True,,1.4702533882719757,0.068599,4.266909,0.317063,0.353429,3960.934449,171.61153,16.175094
"BO, multi-output + constraints",gp_multi,5,47,True,,0.5391502844191844,0.093751,3.580889,0.326768,0.342901,1024.831089,123.951702,115.557101
"BO, multi-output + constraints",gp_multi,5,48,True,,2.9686827660713977,0.065419,2.112622,0.35691,0.337733,2770.070379,118.53785,42.270398
"BO, multi-output + constraints",gp_multi,5,49,False,blowup,,0.020406,1.373554,0.420982,0.21192,1040.39599,125.28235,108.481446
"BO, multi-output + constraints",gp_multi,5,50,True,,3.4580307355956266,0.068516,1.106765,0.428369,0.214335,3344.31699,88.996568,105.392073
"BO, multi-output + constraints",gp_multi,5,51,True,,1.3214247577137388,0.067403,4.185825,0.323064,0.314191,2085.648086,113.457994,102.849629
"BO, multi-output + constraints",gp_multi,5,52,True,,2.5110810361763636,0.067559,1.412839,0.386627,0.26857,2922.57523,127.27438,10.793919
"BO, multi-output + constraints",gp_multi,5,53,True,,1.492399872239703,0.07716,7.605111,0.295692,0.333472,5620.583121,130.872198,136.332023
"BO, multi-output + constraints",gp_multi,5,54,True,,1.0677281343080012,0.062994,1.21259,0.339152,0.25986,3833.573615,125.474883,117.215143
"BO, multi-output + constraints",gp_multi,5,55,False,blowup,,0.016461,2.017282,0.377759,0.214609,798.812892,117.231572,128.221358
"BO, multi-output + constraints",gp_multi,5,56,True,,1.5155078220811482,0.067649,3.513501,0.37237,0.225584,3689.791789,129.647618,108.672426
"BO, multi-output + constraints",gp_multi,5,57,False,blowup,,0.009161,5.14819,0.34187,0.243394,1998.691279,137.261013,93.355536
"BO, multi-output + constraints",gp_multi,5,58,True,,1.051037727133256,0.066014,4.681526,0.297176,0.334691,1373.604061,119.595043,131.032855
"BO, multi-output + constraints",gp_multi,5,59,True,,0.329842028880819,0.072365,3.648956,0.308621,0.377063,2958.883291,136.114315,71.656781
"BO, multi-output + constraints",gp_multi,5,60,True,,3.08087401314755,0.068684,7.525365,0.324739,0.397499,4288.12084,165.282813,97.8534
"BO, multi-output + constraints",gp_multi,5,61,True,,2.58740381714301,0.069702,7.432701,0.343678,0.24105,5943.685885,126.469928,127.758095
"BO, multi-output + constraints",gp_multi,5,62,False,blowup,,0.003265,7.773122,0.390283,0.321434,3598.176263,163.503533,115.579975
"BO, multi-output + constraints",gp_multi,5,63,True,,1.3210016322561062,0.066668,4.205445,0.341118,0.355102,2845.215911,152.63209,93.938616
"BO, multi-output + constraints",gp_multi,5,64,True,,0.7321795079679994,0.065643,3.119306,0.316883,0.213974,5611.367572,114.916007,40.658581
"BO, multi-output + constraints",gp_multi,5,65,True,,2.7726330080001573,0.068353,2.068611,0.369742,0.293022,3106.707202,151.300411,85.08273
"BO, multi-output + constraints",gp_multi,5,66,True,,2.5673733527791676,0.087605,5.719449,0.364146,0.206638,5587.421063,159.770897,54.042503
"BO, multi-output + constraints",gp_multi,5,67,False,blowup,,0.008557,5.006059,0.28322,0.214414,1639.327424,160.486453,36.912584
"BO, multi-output + constraints",gp_multi,5,68,True,,3.5835673685892684,0.065739,6.880611,0.40114,0.320981,4262.240976,113.429138,100.468812
"BO, multi-output + constraints",gp_multi,5,69,False,blowup,,0.003963,2.246634,0.322907,0.351225,2457.949099,140.907288,69.254779
"BO, multi-output + constraints",gp_multi,5,70,True,,0.9770474248975967,0.064187,3.315791,0.354426,0.220217,2557.216566,131.206526,138.455627
"BO, multi-output + constraints",gp_multi,5,71,True,,1.286790184494754,0.06999,3.081187,0.284989,0.234421,4558.261928,171.009197,7.012968
"BO, multi-output + constraints",gp_multi,5,72,True,,1.729212180134555,0.098979,2.194748,0.33983,0.339396,3166.402003,100.38136,126.959597
"BO, multi-output + constraints",gp_multi,5,73,True,,4.846406822387026,0.093944,3.630137,0.43909,0.227307,4436.157282,106.46149,139.011747
"BO, multi-output + constraints",gp_multi,5,74,True,,4.714765725645391,0.097655,5.904977,0.387786,0.202152,5687.627284,128.496877,75.352429
"BO, multi-output + constraints",gp_multi,5,75,True,,1.5214396447963563,0.093086,4.044164,0.303464,0.389145,2976.719272,95.877229,25.946258
"BO, multi-output + constraints",gp_multi,5,76,True,,1.4670522244008606,0.086603,3.421927,0.38663,0.204571,5068.494725,149.943711,109.28604
"BO, multi-output + constraints",gp_multi,5,77,True,,1.2542560619048746,0.098626,4.845269,0.325571,0.341179,2549.006721,125.236584,104.695144
"BO, multi-output + constraints",gp_multi,5,78,True,,1.0110289904398986,0.095933,2.838332,0.393001,0.224171,4351.928936,104.684161,143.966938
"BO, multi-output + constraints",gp_multi,5,79,True,,1.0258028758067872,0.100713,1.742945,0.371104,0.208845,898.291829,138.955865,41.765669
"BO, multi-output + constraints",gp_multi,5,80,False,blowup,,0.006611,2.338438,0.330172,0.391434,3141.704497,136.906867,96.858759
"BO, multi-output + constraints",gp_multi,5,81,True,,0.9757600237127169,0.093588,4.978752,0.280133,0.36752,3585.483578,145.808912,86.502155
"BO, multi-output + constraints",gp_multi,5,82,True,,0.4940110912725598,0.101066,3.126097,0.293186,0.201798,3891.991311,130.939854,118.084736
"BO, multi-output + constraints",gp_multi,5,83,True,,0.9339726003970038,0.096038,1.758235,0.370571,0.207629,4992.069927,96.195784,139.748586
"BO, multi-output + constraints",gp_multi,5,84,True,,1.6251613081730136,0.104849,1.7323,0.336738,0.355647,5731.055672,171.366428,7.689464
"BO, multi-output + constraints",gp_multi,5,85,True,,2.5633227234035134,0.099467,1.063934,0.38899,0.245451,4025.495838,131.0038,72.454755
"BO, multi-output + constraints",gp_multi,5,86,True,,3.8756839727331958,0.089037,5.259997,0.407358,0.201848,3895.182232,164.295008,66.960974
"BO, multi-output + constraints",gp_multi,5,87,True,,1.9630051150739536,0.095968,6.892037,0.356753,0.297472,5077.602675,127.716883,107.490912
"BO, multi-output + constraints",gp_multi,5,88,True,,1.0579397926435659,0.081828,5.88015,0.282671,0.250104,3603.349886,136.028402,123.660142
"BO, multi-output + constraints",gp_multi,5,89,True,,0.9529858621324859,0.076638,4.478063,0.282095,0.307132,5973.39866,169.848641,36.419161
"BO, multi-output + constraints",gp_multi,5,90,True,,1.0334567328806734,0.069482,3.585262,0.341242,0.203171,4190.266834,131.563272,144.798272
"BO, multi-output + constraints",gp_multi,5,91,True,,0.7279557114806436,0.068055,2.351521,0.335742,0.214448,1885.635867,118.728455,121.840848
"BO, multi-output + constraints",gp_multi,5,92,True,,2.6411430752545377,0.061581,1.437655,0.409577,0.201343,5247.859709,126.964867,110.328333
"BO, multi-output + constraints",gp_multi,5,93,True,,0.5421541889508674,0.068664,3.427218,0.322899,0.38291,5046.945367,124.119688,135.625894
"BO, multi-output + constraints",gp_multi,5,94,True,,3.8146632039690997,0.081241,4.518279,0.42692,0.202215,3058.896844,137.167498,97.181535
"BO, multi-output + constraints",gp_multi,5,95,True,,0.80987441438148,0.063855,4.954672,0.444747,0.203573,2371.365761,133.961595,139.756345
"BO, multi-output + constraints",gp_multi,5,96,True,,1.119996184130082,0.066086,7.06445,0.386549,0.262703,4158.147975,174.028473,61.253762
"BO, multi-output + constraints",gp_multi,5,97,True,,1.1633358725652876,0.066288,5.876851,0.42183,0.264681,3447.876583,160.30322,67.981659
"BO, multi-output + constraints",gp_multi,5,98,True,,1.8249678552458097,0.086556,5.495508,0.327573,0.396672,2743.179464,118.167704,149.354606
"BO, multi-output + constraints",gp_multi,5,99,True,,1.052960959683387,0.091534,1.691248,0.295045,0.261531,2067.441062,134.3418,92.333182
"BO, multi-output + constraints",gp_multi,5,100,True,,2.279772455077741,0.079554,2.20624,0.343574,0.310321,3996.026336,141.663581,117.518003
"BO, multi-output + constraints",gp_multi,5,101,False,blowup,,0.008018,3.896687,0.291212,0.204623,2368.146202,118.575119,65.130406
"BO, multi-output + constraints",gp_multi,5,102,True,,0.8011228233365096,0.069829,4.34219,0.281276,0.202324,5748.422772,118.165989,132.772166
"BO, multi-output + constraints",gp_multi,5,103,True,,2.68395684386851,0.057065,6.795833,0.447962,0.228366,4509.550628,124.987438,146.169324
"BO, multi-output + constraints",gp_multi,5,104,True,,0.6918128097941901,0.058023,2.259721,0.363003,0.252138,4043.402114,135.939435,36.141775
"BO, multi-output + constraints",gp_multi,5,105,False,blowup,,0.011802,7.023528,0.289197,0.200221,3083.162989,163.455176,135.947211
"BO, multi-output + constraints",gp_multi,5,106,True,,2.2137875125035182,0.070345,3.504819,0.447626,0.205714,3931.06346,145.63009,133.169698
"BO, multi-output + constraints",gp_multi,5,107,True,,1.3333902454680278,1.498918,3.396578,0.404489,0.262559,1694.752873,146.279972,50.938445
"BO, multi-output + constraints",gp_multi,5,108,True,,1.6679403052490451,0.047783,6.64616,0.345758,0.376901,2193.551861,139.252199,117.378282
"BO, multi-output + constraints",gp_multi,5,109,False,blowup,,0.005143,7.803009,0.384023,0.316219,1674.582864,136.530291,136.25087
"BO, multi-output + constraints",gp_multi,5,110,True,,0.9632939643094318,0.049706,2.858176,0.318683,0.20915,5459.556478,137.855562,125.182305
"BO, multi-output + constraints",gp_multi,5,111,True,,0.6347601856754312,0.048914,3.497988,0.369084,0.247904,5223.80403,126.190112,60.686957
"BO, multi-output + constraints",gp_multi,5,112,True,,0.8021232060466066,0.047106,2.161728,0.281884,0.254885,5116.68039,131.751396,139.408396
"BO, multi-output + constraints",gp_multi,5,113,True,,0.6814408567376685,0.047204,3.033333,0.298049,0.377747,3102.783749,135.473484,64.970607
"BO, multi-output + constraints",gp_multi,5,114,True,,1.3130023047827537,0.047358,1.192714,0.391903,0.201116,3104.828585,156.758514,29.667358
"BO, multi-output + constraints",gp_multi,5,115,True,,1.097286566085974,0.048974,1.409795,0.412047,0.201213,2232.029031,118.122691,59.939201
"BO, multi-output + constraints",gp_multi,5,116,False,blowup,,0.002508,7.336232,0.380295,0.314772,1803.986336,171.202966,32.873309
"BO, multi-output + constraints",gp_multi,5,117,True,,1.7978141656899345,0.046356,4.262155,0.441503,0.219964,4183.680139,121.925267,140.826759
"BO, multi-output + constraints",gp_multi,5,118,True,,0.42928171729272235,0.044769,3.175121,0.318782,0.388898,495.504992,130.568171,113.162522
"BO, multi-output + constraints",gp_multi,5,119,True,,2.4588519284389725,0.046799,1.40133,0.403989,0.222142,3339.961955,151.576681,93.24371
"BO, multi-output + constraints",gp_multi,5,120,True,,1.1247195546560507,0.044408,3.728328,0.319811,0.282898,2310.284924,131.071724,137.541045
"BO, multi-output + constraints",gp_multi,5,121,False,blowup,,0.005019,7.992261,0.293451,0.204767,5089.605755,152.788634,102.956369
"BO, multi-output + constraints",gp_multi,5,122,True,,3.4755031594851222,0.045501,7.916715,0.376189,0.316717,4519.264381,157.392628,123.434211
"BO, multi-output + constraints",gp_multi,5,123,True,,0.7147711962108689,0.044906,2.394802,0.298671,0.245295,4339.956876,130.494159,76.927003
"BO, multi-output + constraints",gp_multi,5,124,True,,0.7450657301497523,0.047466,3.594744,0.281668,0.397278,1971.257697,133.773035,122.247199
"BO, multi-output + constraints",gp_multi,5,125,True,,1.284793552905068,0.046716,1.036277,0.358547,0.208814,2315.018746,173.542905,48.229026
"BO, multi-output + constraints",gp_multi,5,126,True,,1.104404051340259,0.047791,2.256436,0.356762,0.213792,3532.039555,144.485955,98.833912
"BO, multi-output + constraints",gp_multi,5,127,True,,0.9292864594850561,0.047892,2.148811,0.298227,0.207441,4988.285429,126.15325,133.062296
"BO, multi-output + constraints",gp_multi,5,128,True,,1.002802198088052,0.045157,2.994415,0.343686,0.308522,5584.761706,135.301695,73.593189
"BO, multi-output + constraints",gp_multi,5,129,True,,0.33535205505754134,0.047487,2.973498,0.320658,0.388199,1601.662304,127.686526,129.465599
"BO, multi-output + constraints",gp_multi,5,130,True,,0.8490519540419362,0.046085,1.99953,0.391749,0.205738,5797.286147,155.558101,11.728275
"BO, multi-output + constraints",gp_multi,5,131,True,,0.9889634678614666,0.045109,3.719692,0.313478,0.347998,3476.73358,128.560795,137.20881
"BO, multi-output + constraints",gp_multi,5,132,True,,0.6769132667350818,0.047685,3.725875,0.280724,0.347436,5432.796915,123.259816,40.611283
"BO, multi-output + constraints",gp_multi,5,133,False,blowup,,0.002549,2.753772,0.330884,0.312967,3397.79459,128.560165,114.363752
"BO, multi-output + constraints",gp_multi,5,134,True,,6.567570789889348,0.046045,4.176325,0.421523,0.285986,4105.719352,131.878607,137.286571
"BO, multi-output + constraints",gp_multi,5,135,True,,4.2060762671161624,0.045005,5.443245,0.448138,0.204924,3061.203947,142.413269,19.142658
"BO, multi-output + constraints",gp_multi,5,136,True,,2.0514329842275094,0.047987,7.200349,0.281131,0.297193,1473.558343,140.182394,55.79334
"BO, multi-output + constraints",gp_multi,5,137,True,,11.274224012605135,0.045434,7.097129,0.44902,0.289178,5212.720068,162.383196,46.596036
"BO, multi-output + constraints",gp_multi,5,138,False,blowup,,0.026377,2.640905,0.310017,0.24622,1733.943281,86.866879,91.260425
"BO, multi-output + constraints",gp_multi,5,139,True,,0.9054217218991435,0.045836,2.57531,0.289225,0.342231,667.731316,143.662208,55.51689
"BO, multi-output + constraints",gp_multi,5,140,True,,1.5094290799234706,0.048573,3.828939,0.329111,0.344569,513.325268,138.660552,36.122209
"BO, multi-output + constraints",gp_multi,5,141,True,,0.6713670623622827,0.047669,4.28978,0.291015,0.291775,5910.126323,127.667102,99.89644
"BO, multi-output + constraints",gp_multi,5,142,True,,2.729583787703918,0.045968,5.800793,0.288493,0.201395,758.679457,95.361606,25.912458
"BO, multi-output + constraints",gp_multi,5,143,True,,0.8025679454756514,0.046652,2.121409,0.353143,0.205288,1644.843064,131.582822,13.696963
"BO, multi-output + constraints",gp_multi,5,144,False,blowup,,0.004861,2.036352,0.334143,0.201281,628.039413,172.557831,14.369589
"BO, multi-output + constraints",gp_multi,5,145,False,blowup,,0.004833,2.016121,0.300573,0.207179,533.578019,129.947957,42.012507
"BO, multi-output + constraints",gp_multi,5,146,False,blowup,,0.004528,3.509959,0.280818,0.389116,5425.41482,126.35191,149.638852
"BO, multi-output + constraints",gp_multi,5,147,True,,1.3920798330459199,0.046712,1.830244,0.342082,0.20594,637.699978,169.037174,77.761106
"BO, multi-output + constraints",gp_multi,5,148,False,blowup,,0.038804,1.634317,0.286635,0.206716,699.678861,106.991797,59.726454
"BO, multi-output + constraints",gp_multi,5,149,True,,0.99559134655453,0.047811,1.072298,0.280623,0.397714,5867.203249,125.592829,44.411762
"BO, multi-output + constraints",gp_multi,5,150,True,,6.096278509567689,0.045491,1.255596,0.448675,0.204855,5789.403935,111.216772,59.07499
"BO, multi-output + constraints",gp_multi,6,1,False,blowup,,0.003912,1.860807,0.288794,0.370038,449.816511,172.982918,124.915439
"BO, multi-output + constraints",gp_multi,6,2,False,blowup,,0.003914,6.949059,0.353524,0.325494,1084.781433,97.70195,77.103847
"BO, multi-output + constraints",gp_multi,6,3,True,,1.0507675570778856,0.085547,7.793424,0.326917,0.378958,2426.39092,109.643897,132.786933
"BO, multi-output + constraints",gp_multi,6,4,True,,0.9691846173302968,0.090152,2.054649,0.322832,0.368272,914.131092,106.055704,70.505592
"BO, multi-output + constraints",gp_multi,6,5,True,,4.608280378143212,0.076243,7.08206,0.38725,0.279514,3347.390113,98.865434,88.05892
"BO, multi-output + constraints",gp_multi,6,6,True,,13.761819743098368,0.076081,2.084533,0.442682,0.397401,1872.705388,170.946933,35.191625
"BO, multi-output + constraints",gp_multi,6,7,True,,2.6787568412108453,0.075602,2.3981,0.442139,0.279947,1440.861342,108.554574,21.35761
"BO, multi-output + constraints",gp_multi,6,8,True,,1.1437469283624502,0.073683,4.226329,0.301245,0.317449,5816.182503,97.562698,144.57331
"BO, multi-output + constraints",gp_multi,6,9,True,,15.515851182429598,0.077524,2.413275,0.4154,0.379288,4965.314063,121.870718,55.49558
"BO, multi-output + constraints",gp_multi,6,10,True,,2.5770796894407915,0.070339,4.909371,0.409901,0.245578,4633.329889,103.727708,110.714388
"BO, multi-output + constraints",gp_multi,6,11,True,,2.039930734794857,0.072761,5.412592,0.319357,0.351392,1634.716116,99.411334,100.320214
"BO, multi-output + constraints",gp_multi,6,12,True,,1.0187341328831196,0.068,1.136284,0.337877,0.23769,4716.056662,125.459548,145.777546
"BO, multi-output + constraints",gp_multi,6,13,True,,1.1360699083697694,0.07008,3.888595,0.281056,0.39671,1584.711066,89.215405,46.215521
"BO, multi-output + constraints",gp_multi,6,14,True,,1.4811690783541314,0.068753,6.196593,0.280176,0.263159,4902.457256,165.714538,143.298596
"BO, multi-output + constraints",gp_multi,6,15,True,,1.0757327173036348,0.070039,1.559146,0.285267,0.202061,2520.18089,140.378588,95.618749
"BO, multi-output + constraints",gp_multi,6,16,False,blowup,,0.003647,2.972754,0.282458,0.36429,851.700191,171.209505,97.404811
"BO, multi-output + constraints",gp_multi,6,17,False,blowup,,0.0038,4.300881,0.31411,0.392991,756.998544,114.555438,144.843896
"BO, multi-output + constraints",gp_multi,6,18,False,blowup,,0.00394,7.248401,0.286803,0.394177,1208.507985,160.247752,24.971068
"BO, multi-output + constraints",gp_multi,6,19,False,blowup,,0.004104,4.931477,0.395509,0.355085,1078.723471,140.296757,142.010988
"BO, multi-output + constraints",gp_multi,6,20,False,blowup,,0.004455,1.508909,0.325605,0.355538,973.844656,96.668624,32.362807
"BO, multi-output + constraints",gp_multi,6,21,False,blowup,,0.003598,7.631867,0.436594,0.363118,774.878254,133.957013,103.529809
"BO, multi-output + constraints",gp_multi,6,22,False,blowup,,0.003884,6.369984,0.3842,0.361154,411.098383,89.639289,127.15044
"BO, multi-output + constraints",gp_multi,6,23,True,,1.9257535492553763,0.065681,3.40569,0.347319,0.217335,557.549579,174.463155,140.632162
"BO, multi-output + constraints",gp_multi,6,24,False,blowup,,0.003474,7.424922,0.434231,0.323688,2258.726874,95.593066,123.122991
"BO, multi-output + constraints",gp_multi,6,25,False,blowup,,0.003618,7.274863,0.445967,0.328024,882.29025,173.271824,9.9263
"BO, multi-output + constraints",gp_multi,6,26,False,blowup,,0.003481,1.907288,0.383641,0.239974,564.298084,135.740294,123.91833
"BO, multi-output + constraints",gp_multi,6,27,False,blowup,,0.003525,7.840677,0.444013,0.29976,1513.914646,104.240467,147.611827
"BO, multi-output + constraints",gp_multi,6,28,False,blowup,,0.003433,7.53334,0.407585,0.37519,526.089319,174.157521,31.726207
"BO, multi-output + constraints",gp_multi,6,29,False,blowup,,0.003258,6.339007,0.361358,0.385191,1557.052557,139.165829,94.864765
"BO, multi-output + constraints",gp_multi,6,30,True,,0.6687048324162962,0.063086,1.643404,0.377639,0.203922,1483.742041,148.460529,132.242064
"BO, multi-output + constraints",gp_multi,6,31,True,,6.105679712044919,0.063137,6.820873,0.442944,0.238729,5400.404578,173.080034,125.812639
"BO, multi-output + constraints",gp_multi,6,32,True,,0.733056206419297,0.068042,4.108015,0.326412,0.394169,3105.747424,136.895894,124.875973
"BO, multi-output + constraints",gp_multi,6,33,False,blowup,,0.011952,1.018401,0.283432,0.202597,543.02837,136.326903,6.367444
"BO, multi-output + constraints",gp_multi,6,34,True,,1.658424965899698,0.068076,2.778352,0.283527,0.222353,4777.274524,158.01402,5.28385
"BO, multi-output + constraints",gp_multi,6,35,False,blowup,,0.003665,3.192928,0.381122,0.317564,2979.161485,113.523248,118.702487
"BO, multi-output + constraints",gp_multi,6,36,True,,4.1333867584037,0.068369,2.126438,0.370217,0.319839,3318.21914,149.244419,114.804245
"BO, multi-output + constraints",gp_multi,6,37,False,blowup,,0.003491,2.076246,0.448525,0.207555,678.147565,85.614346,85.796833
"BO, multi-output + constraints",gp_multi,6,38,False,blowup,,0.003543,5.053676,0.431194,0.200676,851.333123,168.195387,114.178394
"BO, multi-output + constraints",gp_multi,6,39,False,blowup,,0.003422,2.730121,0.443519,0.220472,1031.221734,135.6037,105.893985
"BO, multi-output + constraints",gp_multi,6,40,False,blowup,,0.00354,3.417604,0.298178,0.397722,522.378869,102.731765,48.185458
"BO, multi-output + constraints",gp_multi,6,41,False,blowup,,0.003469,6.112527,0.419996,0.210739,1292.266281,152.344105,77.059871
"BO, multi-output + constraints",gp_multi,6,42,False,blowup,,0.003911,1.151705,0.427632,0.213188,773.958562,83.835131,110.543869
"BO, multi-output + constraints",gp_multi,6,43,False,blowup,,0.010326,7.193641,0.405606,0.205191,3525.757201,104.571451,148.736191
"BO, multi-output + constraints",gp_multi,6,44,False,blowup,,0.003871,7.886529,0.357474,0.3539,4569.077012,137.085315,104.579219
"BO, multi-output + constraints",gp_multi,6,45,False,blowup,,0.003941,1.351778,0.283465,0.341527,3338.417007,168.407302,79.599244
"BO, multi-output + constraints",gp_multi,6,46,False,blowup,,0.058173,2.611803,0.286294,0.264774,1487.080832,109.768103,40.56399
"BO, multi-output + constraints",gp_multi,6,47,True,,0.9146473008852275,0.10681,1.505527,0.280115,0.347069,5901.117134,137.896707,136.757081
"BO, multi-output + constraints",gp_multi,6,48,False,blowup,,0.004704,6.283414,0.433187,0.202366,1490.710576,120.408162,56.401767
"BO, multi-output + constraints",gp_multi,6,49,True,,1.8382088497618083,0.075794,3.938597,0.406079,0.202549,3917.131379,163.599657,92.793555
"BO, multi-output + constraints",gp_multi,6,50,True,,1.2484201175420735,0.065821,1.872736,0.378358,0.273401,1297.586515,147.221088,72.798146
"BO, multi-output + constraints",gp_multi,6,51,False,blowup,,0.005229,2.675553,0.439899,0.20067,2080.745643,156.747566,77.73441
"BO, multi-output + constraints",gp_multi,6,52,False,blowup,,0.006827,7.06034,0.370047,0.345912,1441.381366,125.593894,86.36598
"BO, multi-output + constraints",gp_multi,6,53,False,blowup,,0.003391,5.503052,0.35977,0.352971,640.167971,170.096547,146.497285
"BO, multi-output + constraints",gp_multi,6,54,False,blowup,,0.003351,6.839036,0.359556,0.366989,855.313198,158.97781,126.898387
"BO, multi-output + constraints",gp_multi,6,55,False,blowup,,0.003634,7.734372,0.440677,0.316413,1160.1347,112.825198,96.51087
"BO, multi-output + constraints",gp_multi,6,56,False,blowup,,0.066512,1.422945,0.311052,0.240907,700.356732,106.953197,125.855963
"BO, multi-output + constraints",gp_multi,6,57,True,,2.972117847717579,0.06215,7.892199,0.362097,0.358696,3887.486551,126.88067,118.157986
"BO, multi-output + constraints",gp_multi,6,58,False,blowup,,0.004509,2.047941,0.449057,0.204824,1496.934245,153.705573,53.737746
"BO, multi-output + constraints",gp_multi,6,59,True,,0.4361892520002552,0.068122,2.287192,0.330953,0.299776,1223.308987,115.473112,138.003755
"BO, multi-output + constraints",gp_multi,6,60,False,blowup,,0.003672,7.948607,0.448005,0.271945,1267.360395,114.893176,91.171734
"BO, multi-output + constraints",gp_multi,6,61,False,blowup,,0.003471,7.120298,0.429039,0.293276,500.302715,165.631523,98.656637
"BO, multi-output + constraints",gp_multi,6,62,False,blowup,,0.003451,7.840897,0.44825,0.281137,1428.915879,165.349161,96.47097
"BO, multi-output + constraints",gp_multi,6,63,False,blowup,,0.061465,1.430284,0.292414,0.288505,1382.558671,121.243598,39.841472
"BO, multi-output + constraints",gp_multi,6,64,False,blowup,,0.004333,1.774318,0.280698,0.378924,477.29033,101.915051,58.2804
"BO, multi-output + constraints",gp_multi,6,65,False,blowup,,0.003648,7.895538,0.416911,0.307528,947.458939,142.639584,122.979326
"BO, multi-output + constraints",gp_multi,6,66,True,,0.7591761845902105,0.066648,2.053737,0.290016,0.3986,875.939942,110.695054,136.789647
"BO, multi-output + constraints",gp_multi,6,67,False,blowup,,0.005716,7.479194,0.421291,0.280863,2678.741453,138.899258,130.057683
"BO, multi-output + constraints",gp_multi,6,68,False,blowup,,0.003552,1.739852,0.410384,0.268135,434.51615,130.350004,69.492726
"BO, multi-output + constraints",gp_multi,6,69,True,,1.2600850140900608,0.08124,1.921698,0.299077,0.39204,2370.15581,111.978007,133.008182
"BO, multi-output + constraints",gp_multi,6,70,True,,0.5118842837867632,0.066234,3.171379,0.331238,0.288821,3916.355944,157.278381,73.257058
"BO, multi-output + constraints",gp_multi,6,71,True,,1.7450280146618795,0.075849,7.103506,0.291914,0.200959,4686.196255,133.961183,108.00572
"BO, multi-output + constraints",gp_multi,6,72,True,,0.897816193445401,0.072446,1.943741,0.297336,0.284942,3285.003358,117.970152,121.235753
"BO, multi-output + constraints",gp_multi,6,73,True,,1.5266986439534143,0.066013,2.29615,0.418275,0.210436,2795.437208,98.385717,128.257047
"BO, multi-output + constraints",gp_multi,6,74,True,,2.180283683664532,0.065031,3.333601,0.375321,0.249154,4846.226125,151.227606,91.323986
"BO, multi-output + constraints",gp_multi,6,75,False,blowup,,0.003784,7.122664,0.332839,0.391788,754.937001,137.635297,140.820688
"BO, multi-output + constraints",gp_multi,6,76,True,,0.9272419157166666,0.064032,2.422984,0.354671,0.262106,950.192325,174.56635,51.740644
"BO, multi-output + constraints",gp_multi,6,77,True,,1.1372529958685025,0.067117,2.98334,0.441882,0.247506,493.996572,103.184502,116.787575
"BO, multi-output + constraints",gp_multi,6,78,True,,3.0462469920061,0.068528,6.910048,0.28343,0.244875,421.378273,131.615151,9.770355
"BO, multi-output + constraints",gp_multi,6,79,True,,4.551703673958771,0.067125,1.375229,0.446345,0.204186,3957.240765,136.862607,125.634684
"BO, multi-output + constraints",gp_multi,6,80,True,,1.5114584275864502,0.067535,6.661515,0.287841,0.398634,5399.628326,153.525216,62.447812
"BO, multi-output + constraints",gp_multi,6,81,True,,1.2165449866678506,0.070567,2.812814,0.356036,0.231617,5741.78177,160.851785,51.607453
"BO, multi-output + constraints",gp_multi,6,82,False,blowup,,0.005127,6.668832,0.449462,0.217581,1891.536346,152.281385,101.633933
"BO, multi-output + constraints",gp_multi,6,83,False,blowup,,0.003351,5.099771,0.417531,0.320654,407.44976,145.249423,118.004517
"BO, multi-output + constraints",gp_multi,6,84,True,,0.47925865638530335,0.089453,2.87209,0.324151,0.363399,5627.47675,122.042596,149.525542
"BO, multi-output + constraints",gp_multi,6,85,False,blowup,,0.008311,7.928158,0.425127,0.305546,641.485488,162.122076,68.993685
"BO, multi-output + constraints",gp_multi,6,86,True,,1.7680497440509966,0.069027,6.464314,0.404068,0.332509,609.621313,137.168557,113.150696
"BO, multi-output + constraints",gp_multi,6,87,False,blowup,,0.00434,1.014779,0.432479,0.206613,1200.235906,128.39316,115.186633
"BO, multi-output + constraints",gp_multi,6,88,True,,1.573693215362799,0.066181,7.651491,0.284966,0.292355,5973.243617,158.727422,61.117552
"BO, multi-output + constraints",gp_multi,6,89,False,blowup,,0.003561,7.753068,0.444362,0.31812,1102.945193,153.470746,63.754994
"BO, multi-output + constraints",gp_multi,6,90,True,,0.670147054010354,0.07554,5.946265,0.348944,0.302453,5759.747786,141.004424,71.360259
"BO, multi-output + constraints",gp_multi,6,91,False,blowup,,0.007209,1.583075,0.40125,0.228061,455.423722,135.51902,123.653799
"BO, multi-output + constraints",gp_multi,6,92,True,,0.7622329097115841,0.082776,1.727381,0.356664,0.214261,1835.038288,134.561309,54.690046
"BO, multi-output + constraints",gp_multi,6,93,True,,4.998032198494424,0.065958,7.860852,0.417902,0.209552,5861.134946,164.316029,82.639689
"BO, multi-output + constraints",gp_multi,6,94,True,,1.8957365556104742,0.066918,1.285891,0.38732,0.216855,490.220741,138.280665,53.463407
"BO, multi-output + constraints",gp_multi,6,95,True,,1.419580587523568,0.067944,1.353946,0.299322,0.220066,4523.640723,128.711935,144.404161
"BO, multi-output + constraints",gp_multi,6,96,True,,1.1281505481457947,0.067476,1.352595,0.324214,0.206889,1468.477501,148.902752,38.626043
"BO, multi-output + constraints",gp_multi,6,97,False,blowup,,0.003498,1.830562,0.443651,0.205229,1646.373818,160.146,142.092341
"BO, multi-output + constraints",gp_multi,6,98,False,blowup,,0.003443,3.487123,0.386579,0.296201,1278.355683,133.237976,134.635224
"BO, multi-output + constraints",gp_multi,6,99,True,,7.0274179850475775,0.064284,7.504056,0.399896,0.292976,5553.290457,145.909935,110.087011
"BO, multi-output + constraints",gp_multi,6,100,True,,1.7143700211856694,0.069045,6.50216,0.284722,0.389195,868.360028,146.853181,51.707494
"BO, multi-output + constraints",gp_multi,6,101,False,blowup,,0.012557,7.52206,0.313174,0.202723,5552.245771,122.391268,86.700275
"BO, multi-output + constraints",gp_multi,6,102,False,blowup,,0.003717,7.557376,0.3929,0.390255,2936.167034,147.724241,111.984839
"BO, multi-output + constraints",gp_multi,6,103,False,blowup,,0.003473,7.368994,0.44601,0.323873,4631.956677,140.142765,108.653331
"BO, multi-output + constraints",gp_multi,6,104,True,,1.0340453274942063,0.069103,4.023523,0.347102,0.368481,1888.242075,156.345303,38.904347
"BO, multi-output + constraints",gp_multi,6,105,True,,5.529906022028223,0.068956,7.968897,0.433943,0.283845,5013.671601,144.439704,136.037787
"BO, multi-output + constraints",gp_multi,6,106,True,,0.9398354293040044,0.063853,1.976817,0.282267,0.296586,1824.433333,149.22659,37.914373
"BO, multi-output + constraints",gp_multi,6,107,False,blowup,,0.011679,6.182591,0.442605,0.255677,645.111841,129.376845,139.869441
"BO, multi-output + constraints",gp_multi,6,108,True,,0.9080244092419423,0.069778,4.410572,0.309058,0.399812,5499.262652,172.935928,32.483223
"BO, multi-output + constraints",gp_multi,6,109,True,,4.066270546347583,0.064934,4.557129,0.44526,0.211551,1112.721167,85.238243,119.208569
"BO, multi-output + constraints",gp_multi,6,110,True,,2.6905027074104777,0.066901,7.910473,0.3506,0.226594,5530.713814,135.879702,119.96411
"BO, multi-output + constraints",gp_multi,6,111,True,,2.3107227439037006,0.07118,2.074604,0.40729,0.225534,3656.679771,147.376789,61.200028
"BO, multi-output + constraints",gp_multi,6,112,True,,0.36393268324962,0.073063,3.100484,0.332927,0.345954,879.410286,169.558803,22.998552
"BO, multi-output + constraints",gp_multi,6,113,False,blowup,,0.005411,7.119162,0.432376,0.297809,3803.871438,173.757086,82.331706
"BO, multi-output + constraints",gp_multi,6,114,True,,0.8564725555526673,0.073014,1.142044,0.368631,0.219568,873.706955,126.094519,31.741521
"BO, multi-output + constraints",gp_multi,6,115,True,,4.641672546858523,0.07011,6.560847,0.435069,0.26615,5024.042081,146.877976,102.757675
"BO, multi-output + constraints",gp_multi,6,116,False,blowup,,0.003646,5.009921,0.339843,0.379367,450.816936,124.975252,136.509651
"BO, multi-output + constraints",gp_multi,6,117,True,,0.7717431746103285,0.070175,3.750118,0.283468,0.391828,5220.717244,121.818014,61.503827
"BO, multi-output + constraints",gp_multi,6,118,False,blowup,,0.051447,3.850694,0.331795,0.398945,436.223774,141.306569,33.942152
"BO, multi-output + constraints",gp_multi,6,119,True,,0.3107387994521351,0.067414,3.187722,0.353348,0.323377,1088.419101,125.903522,97.92653
"BO, multi-output + constraints",gp_multi,6,120,True,,0.912455896587855,0.075327,2.921199,0.293583,0.319259,2440.480944,129.173877,58.857193
"BO, multi-output + constraints",gp_multi,6,121,True,,0.9786636846504734,0.064412,4.175336,0.310808,0.395037,5508.636249,139.432969,44.643828
"BO, multi-output + constraints",gp_multi,6,122,True,,1.6149333988090198,0.070921,7.787553,0.286121,0.385484,5858.218308,105.004649,104.809705
"BO, multi-output + constraints",gp_multi,6,123,False,blowup,,0.025718,7.118307,0.285106,0.208291,5771.478249,106.118863,142.949972
"BO, multi-output + constraints",gp_multi,6,124,True,,1.9882381210452835,0.082357,6.646013,0.378466,0.269085,2889.129566,126.654859,128.029873
"BO, multi-output + constraints",gp_multi,6,125,True,,1.0354934533954103,0.104733,1.343741,0.323068,0.257694,5118.249389,146.874417,44.935649
"BO, multi-output + constraints",gp_multi,6,126,True,,1.2102031171198087,0.090819,4.94623,0.29924,0.202671,5994.748834,151.256572,148.709889
"BO, multi-output + constraints",gp_multi,6,127,True,,1.0858575060552815,0.063237,3.646854,0.347082,0.262384,5908.534561,117.752469,75.483381
"BO, multi-output + constraints",gp_multi,6,128,True,,0.7833062672998388,0.066851,2.844363,0.398597,0.208755,4731.158303,111.213652,133.365323
"BO, multi-output + constraints",gp_multi,6,129,False,blowup,,0.005156,3.860996,0.416156,0.273711,530.847799,122.719748,141.998417
"BO, multi-output + constraints",gp_multi,6,130,True,,2.237880014012404,0.080263,2.910884,0.423822,0.207326,1319.442977,126.98866,146.272324
"BO, multi-output + constraints",gp_multi,6,131,True,,0.5928778908445411,0.076324,4.019821,0.287156,0.388581,1300.419047,126.283551,147.555149
"BO, multi-output + constraints",gp_multi,6,132,False,blowup,,0.006728,5.088076,0.360707,0.366084,696.471201,141.284246,91.94207
"BO, multi-output + constraints",gp_multi,6,133,False,blowup,,0.005742,4.748154,0.344983,0.385713,598.724185,132.985955,90.808255
"BO, multi-output + constraints",gp_multi,6,134,False,blowup,,0.004796,1.974634,0.423292,0.203181,414.582465,127.025796,41.081597
"BO, multi-output + constraints",gp_multi,6,135,True,,0.36568682563799154,0.095019,2.974551,0.317308,0.388749,2423.652918,139.498119,142.43666
"BO, multi-output + constraints",gp_multi,6,136,True,,2.5292112355552643,0.068255,5.30158,0.447378,0.200477,4330.524681,143.521994,56.820206
"BO, multi-output + constraints",gp_multi,6,137,False,blowup,,0.005829,4.024901,0.281563,0.201359,2443.890736,123.084516,128.076732
"BO, multi-output + constraints",gp_multi,6,138,False,blowup,,0.032886,2.112908,0.416351,0.249471,769.797919,147.655386,31.761066
"BO, multi-output + constraints",gp_multi,6,139,True,,0.7087744102143366,0.067535,1.683547,0.303623,0.317602,3686.017919,129.726377,15.77257
"BO, multi-output + constraints",gp_multi,6,140,True,,2.6909526902189103,0.069134,7.598017,0.32435,0.357411,5562.305491,169.665886,62.632194
"BO, multi-output + constraints",gp_multi,6,141,True,,0.8601823451701637,0.073696,2.432504,0.281247,0.398031,2454.285292,142.351442,90.671692
"BO, multi-output + constraints",gp_multi,6,142,True,,0.383719601862368,0.067568,3.165276,0.386996,0.240776,2018.950682,124.89021,103.67139
"BO, multi-output + constraints",gp_multi,6,143,True,,0.5202408932703242,0.068498,2.593276,0.327237,0.2842,1937.596122,122.044278,78.498031
"BO, multi-output + constraints",gp_multi,6,144,True,,1.5853048710761763,0.069421,1.617377,0.28111,0.203106,459.402542,130.749193,61.022691
"BO, multi-output + constraints",gp_multi,6,145,False,blowup,,0.053558,7.818533,0.281506,0.389633,701.392759,135.954943,142.408306
"BO, multi-output + constraints",gp_multi,6,146,True,,0.5694631944332071,0.086316,3.601592,0.281087,0.204602,5733.355775,119.086026,89.805138
"BO, multi-output + constraints",gp_multi,6,147,False,blowup,,0.016186,7.057089,0.281399,0.205934,4919.814355,121.999589,125.876578
"BO, multi-output + constraints",gp_multi,6,148,False,blowup,,0.004372,7.878004,0.323627,0.398592,444.430941,121.281111,92.467268
"BO, multi-output + constraints",gp_multi,6,149,True,,0.6459207879147002,0.078269,1.686886,0.407143,0.200007,2221.133548,125.878877,94.622044
"BO, multi-output + constraints",gp_multi,6,150,False,blowup,,0.004384,2.708075,0.363921,0.298908,1568.053655,130.297191,133.412151
"BO, multi-output + constraints",gp_multi,7,1,True,,23.871488505556904,0.071973,5.375668,0.432526,0.355137,1661.160264,108.515797,131.66525
"BO, multi-output + constraints",gp_multi,7,2,False,blowup,,0.013788,4.275545,0.331516,0.255685,1827.269691,122.282249,78.159498
"BO, multi-output + constraints",gp_multi,7,3,True,,6.583394038138191,0.067993,5.355255,0.448123,0.243062,1297.18739,138.191262,11.371591
"BO, multi-output + constraints",gp_multi,7,4,True,,5.634344016676275,0.074453,7.420174,0.386968,0.302824,3182.491238,103.513918,6.710134
"BO, multi-output + constraints",gp_multi,7,5,False,blowup,,0.007622,3.586754,0.280635,0.36601,1264.982054,105.421934,132.648162
"BO, multi-output + constraints",gp_multi,7,6,False,blowup,,0.004274,3.261254,0.305534,0.363268,2524.898561,172.981049,90.548795
"BO, multi-output + constraints",gp_multi,7,7,True,,0.8378225560370045,0.073589,2.055516,0.354853,0.247913,2653.990469,89.186889,145.335067
"BO, multi-output + constraints",gp_multi,7,8,True,,4.807907161022899,0.073405,7.49534,0.373896,0.23611,5350.718608,140.949312,87.60567
"BO, multi-output + constraints",gp_multi,7,9,True,,9.250902745169377,0.073071,1.266401,0.428957,0.293546,3466.757116,110.605514,113.942113
"BO, multi-output + constraints",gp_multi,7,10,False,blowup,,0.004143,1.860245,0.444415,0.331552,2798.03338,129.75531,131.557335
"BO, multi-output + constraints",gp_multi,7,11,True,,3.0592038821554355,0.071888,6.343594,0.4488,0.201435,3963.336084,108.435163,137.614464
"BO, multi-output + constraints",gp_multi,7,12,True,,1.015929264126731,0.072792,1.939322,0.287726,0.33445,3612.489417,164.16011,31.58748
"BO, multi-output + constraints",gp_multi,7,13,True,,1.33249114052765,0.073001,5.995271,0.285408,0.279989,2919.233389,147.911007,116.631679
"BO, multi-output + constraints",gp_multi,7,14,True,,1.7173751923631522,0.071836,2.164798,0.326405,0.304905,3948.505193,145.327281,62.451073
"BO, multi-output + constraints",gp_multi,7,15,True,,6.986936787261514,0.066839,2.163801,0.445798,0.27552,2900.02116,145.818423,36.7369
"BO, multi-output + constraints",gp_multi,7,16,False,blowup,,0.01393,2.798585,0.376453,0.2176,611.769973,144.901419,127.963312
"BO, multi-output + constraints",gp_multi,7,17,False,blowup,,0.003635,6.272164,0.442627,0.203683,1171.347537,164.972305,29.863624
"BO, multi-output + constraints",gp_multi,7,18,False,blowup,,0.003801,2.607738,0.325642,0.283751,506.685966,164.249031,11.315231
"BO, multi-output + constraints",gp_multi,7,19,False,blowup,,0.032128,1.077212,0.289931,0.244996,1570.482207,162.017764,140.878325
"BO, multi-output + constraints",gp_multi,7,20,True,,0.6878761057471324,0.067755,4.489285,0.281995,0.302538,1287.201061,114.790202,76.508288
"BO, multi-output + constraints",gp_multi,7,21,True,,6.125395390401299,0.0694,7.711003,0.446036,0.202718,5653.322219,136.642144,102.043267
"BO, multi-output + constraints",gp_multi,7,22,False,blowup,,0.004089,1.110389,0.445146,0.207249,683.437911,146.51031,88.37641
"BO, multi-output + constraints",gp_multi,7,23,True,,5.007898082179691,0.067507,1.435499,0.437363,0.23008,3415.998729,139.869741,40.07116
"BO, multi-output + constraints",gp_multi,7,24,True,,1.2748372546944562,0.06534,1.160173,0.285508,0.30641,3605.911843,110.655228,141.425737
"BO, multi-output + constraints",gp_multi,7,25,True,,1.7952647910378183,0.066233,7.182985,0.293788,0.33477,2264.351599,160.941919,27.58311
"BO, multi-output + constraints",gp_multi,7,26,True,,1.0809704416990564,0.067769,1.410359,0.397416,0.205722,593.686626,96.183889,138.434421
"BO, multi-output + constraints",gp_multi,7,27,False,blowup,,0.010329,2.781778,0.399512,0.207579,1279.347489,101.548722,68.242752
"BO, multi-output + constraints",gp_multi,7,28,False,blowup,,0.003898,7.520081,0.28608,0.260389,1618.585586,154.033486,143.20302
"BO, multi-output + constraints",gp_multi,7,29,True,,0.90107162324139,0.085675,1.077392,0.356755,0.210203,3137.616217,122.931637,34.228652
"BO, multi-output + constraints",gp_multi,7,30,True,,0.4033985184255227,0.095799,2.385258,0.384391,0.216072,3244.779812,117.719138,76.915185
"BO, multi-output + constraints",gp_multi,7,31,False,blowup,,0.007211,7.76757,0.291113,0.264273,4020.131261,143.338142,136.20061
"BO, multi-output + constraints",gp_multi,7,32,True,,1.3792099376868714,0.068764,1.337565,0.368071,0.223143,4892.260888,146.692166,127.159452
"BO, multi-output + constraints",gp_multi,7,33,False,blowup,,0.003679,7.572675,0.290281,0.283973,417.036861,125.079159,98.793089
"BO, multi-output + constraints",gp_multi,7,34,True,,0.8577387987191909,0.063885,3.039353,0.328491,0.290304,5678.254521,152.24173,47.182022
"BO, multi-output + constraints",gp_multi,7,35,True,,2.0735929458399966,0.075018,6.050405,0.417079,0.264517,3972.73046,148.419346,64.602598
"BO, multi-output + constraints",gp_multi,7,36,True,,0.6678660220828878,0.064937,3.588862,0.351945,0.298535,2312.995815,171.096636,26.047285
"BO, multi-output + constraints",gp_multi,7,37,True,,1.9413626158690411,0.064469,3.324456,0.408923,0.213477,5100.807577,135.345531,122.959484
"BO, multi-output + constraints",gp_multi,7,38,True,,0.5186980976014666,0.071419,3.634123,0.282595,0.292237,4217.06279,121.400063,126.975132
"BO, multi-output + constraints",gp_multi,7,39,True,,2.001236517723051,0.077444,2.692799,0.416151,0.201818,5436.881031,161.275265,17.910674
"BO, multi-output + constraints",gp_multi,7,40,False,blowup,,0.019838,7.48295,0.303735,0.264595,780.154148,127.354896,148.97131
"BO, multi-output + constraints",gp_multi,7,41,True,,1.2672280998370247,0.068009,6.480602,0.291639,0.290174,5588.206333,119.961437,102.923705
"BO, multi-output + constraints",gp_multi,7,42,True,,2.77516957618506,0.068258,3.866987,0.381662,0.26056,5377.868876,150.637455,43.09398
"BO, multi-output + constraints",gp_multi,7,43,False,blowup,,0.004232,6.794325,0.406082,0.237672,867.555111,134.482806,147.9143
"BO, multi-output + constraints",gp_multi,7,44,True,,2.250452339097175,0.066268,5.576979,0.310415,0.357987,5746.119499,159.794834,7.153507
"BO, multi-output + constraints",gp_multi,7,45,False,blowup,,0.003217,4.938163,0.399473,0.242384,509.062702,121.835085,140.990272
"BO, multi-output + constraints",gp_multi,7,46,True,,1.0748909065219,0.067201,1.584918,0.326817,0.202818,5623.674058,123.31003,31.712206
"BO, multi-output + constraints",gp_multi,7,47,True,,0.6403706094655224,0.064844,2.033986,0.323365,0.301693,581.540432,152.955914,25.994769
"BO, multi-output + constraints",gp_multi,7,48,True,,0.975388881670582,0.066004,1.198154,0.383832,0.22799,853.669807,165.97415,11.917022
"BO, multi-output + constraints",gp_multi,7,49,False,blowup,,0.011123,7.315459,0.346214,0.26652,1415.138599,127.766031,123.778854
"BO, multi-output + constraints",gp_multi,7,50,False,blowup,,0.009123,6.83471,0.351382,0.254965,2306.042814,103.531814,140.616786
"BO, multi-output + constraints",gp_multi,7,51,True,,1.4252953554507568,0.068341,7.215314,0.284483,0.287189,5944.696475,134.265926,129.792388
"BO, multi-output + constraints",gp_multi,7,52,True,,1.0704300740898607,0.068385,2.146273,0.356477,0.202954,5955.687023,132.843883,111.470233
"BO, multi-output + constraints",gp_multi,7,53,True,,0.8098349140082576,0.066071,2.494912,0.332458,0.255878,5356.22492,161.243437,8.866586
"BO, multi-output + constraints",gp_multi,7,54,True,,1.623725946761511,0.066516,3.532991,0.350777,0.236592,5575.217903,120.311788,109.518533
"BO, multi-output + constraints",gp_multi,7,55,True,,13.194033618453958,0.069291,6.036422,0.420481,0.230771,1479.955971,129.982329,145.579496
"BO, multi-output + constraints",gp_multi,7,56,False,blowup,,0.011193,6.168429,0.292133,0.223778,1604.383656,160.256177,149.339842
"BO, multi-output + constraints",gp_multi,7,57,True,,3.0322259402836464,0.069505,7.34237,0.346781,0.277713,2983.480514,169.11877,39.019266
"BO, multi-output + constraints",gp_multi,7,58,True,,15.473374944068505,0.066338,6.27622,0.326359,0.20961,1055.547116,164.497599,149.82875
"BO, multi-output + constraints",gp_multi,7,59,True,,1.450480036980441,0.068176,1.666489,0.315591,0.296521,820.024264,81.749135,31.539456
"BO, multi-output + constraints",gp_multi,7,60,True,,1.252215089344447,0.069982,1.451779,0.292486,0.332558,5049.801811,163.646986,111.616938
"BO, multi-output + constraints",gp_multi,7,61,True,,2.3615908129160843,0.070197,7.865897,0.281759,0.399691,4553.77346,133.476132,22.402217
"BO, multi-output + constraints",gp_multi,7,62,False,blowup,,0.005769,5.627321,0.384543,0.203105,486.116273,118.681965,67.746823
"BO, multi-output + constraints",gp_multi,7,63,True,,0.9380460587921817,0.066909,1.34132,0.286093,0.309171,931.423172,122.157735,89.830298
"BO, multi-output + constraints",gp_multi,7,64,True,,3.231400314963238,0.065503,7.492248,0.388141,0.271799,621.912875,166.991217,33.430137
"BO, multi-output + constraints",gp_multi,7,65,True,,2.634400943640599,0.078319,7.845029,0.316372,0.215147,3033.817144,97.522069,126.345677
"BO, multi-output + constraints",gp_multi,7,66,True,,1.791824818997764,0.085263,7.439216,0.296948,0.384395,4863.756343,171.795548,64.148588
"BO, multi-output + constraints",gp_multi,7,67,True,,3.9033170940305184,0.066881,1.009058,0.422555,0.218124,5372.708702,80.434685,66.94882
"BO, multi-output + constraints",gp_multi,7,68,True,,3.734186106926652,0.065876,7.485269,0.407587,0.374461,3479.52682,174.184504,7.283622
"BO, multi-output + constraints",gp_multi,7,69,True,,2.3480236475829823,0.064963,3.953274,0.300939,0.294763,4805.88958,90.780002,9.909321
"BO, multi-output + constraints",gp_multi,7,70,True,,1.9748464643612207,0.06859,7.272076,0.317761,0.240754,5955.896803,157.467445,141.0261
"BO, multi-output + constraints",gp_multi,7,71,True,,1.5195800813571867,0.067997,1.100577,0.318675,0.387049,5469.551934,143.956647,45.716897
"BO, multi-output + constraints",gp_multi,7,72,True,,5.613502969239267,0.064894,7.288123,0.364198,0.372958,5956.046844,136.710908,120.940682
"BO, multi-output + constraints",gp_multi,7,73,False,blowup,,0.004082,5.435986,0.286298,0.375248,2189.153618,122.522656,17.919584
"BO, multi-output + constraints",gp_multi,7,74,True,,3.282685525874175,0.06577,2.420873,0.410816,0.219763,5983.787622,84.665007,149.282028
"BO, multi-output + constraints",gp_multi,7,75,False,blowup,,0.004882,6.390651,0.282809,0.376352,503.693884,165.415678,25.129704
"BO, multi-output + constraints",gp_multi,7,76,False,blowup,,0.004288,5.320017,0.282182,0.387728,1575.256004,172.821594,19.712171
"BO, multi-output + constraints",gp_multi,7,77,True,,1.7346041646337373,0.069269,4.295766,0.301234,0.394539,2157.269995,171.461844,7.488062
"BO, multi-output + constraints",gp_multi,7,78,True,,1.4082153114949518,0.068107,6.485066,0.280856,0.361513,3288.197055,136.098237,88.82382
"BO, multi-output + constraints",gp_multi,7,79,False,blowup,,0.036975,2.042132,0.408106,0.202534,1280.864769,122.101987,80.669941
"BO, multi-output + constraints",gp_multi,7,80,False,blowup,,0.005326,7.687624,0.377774,0.353723,5878.859465,161.35563,44.40244
"BO, multi-output + constraints",gp_multi,7,81,False,blowup,,0.005042,3.676558,0.339979,0.219437,567.386602,97.185268,86.293199
"BO, multi-output + constraints",gp_multi,7,82,False,blowup,,0.056984,6.716024,0.314868,0.233565,673.093115,119.057772,57.167114
"BO, multi-output + constraints",gp_multi,7,83,False,blowup,,0.004303,5.295492,0.390449,0.331701,773.147358,151.90926,24.707606
"BO, multi-output + constraints",gp_multi,7,84,True,,0.669752279589393,0.068153,1.771077,0.293573,0.391399,600.461746,140.077734,13.172112
"BO, multi-output + constraints",gp_multi,7,85,True,,0.7170442754767331,0.066865,3.159011,0.287913,0.376197,5542.834355,137.056189,93.285725
"BO, multi-output + constraints",gp_multi,7,86,True,,1.1588436974449274,0.069717,2.216448,0.442811,0.212711,531.298506,126.071637,23.96134
"BO, multi-output + constraints",gp_multi,7,87,True,,3.604675776191843,0.073968,4.99745,0.367097,0.388718,656.613411,123.95778,5.64572
"BO, multi-output + constraints",gp_multi,7,88,False,blowup,,0.004311,6.21745,0.328306,0.204385,742.027875,114.253205,75.114473
"BO, multi-output + constraints",gp_multi,7,89,False,blowup,,0.067278,4.625388,0.416947,0.201007,1576.634052,121.733689,66.613778
"BO, multi-output + constraints",gp_multi,7,90,False,blowup,,0.009533,5.43968,0.296786,0.334234,490.948232,169.741898,40.081031
"BO, multi-output + constraints",gp_multi,7,91,True,,1.8076636861933877,0.067711,4.137499,0.350132,0.211942,1509.022526,112.276254,84.337846
"BO, multi-output + constraints",gp_multi,7,92,True,,1.4849612244556998,0.071437,7.918905,0.280097,0.301258,4445.029409,138.530893,144.895792
"BO, multi-output + constraints",gp_multi,7,93,True,,1.2201073374647264,0.068184,1.490483,0.311091,0.234478,5563.406352,138.977606,144.662448
"BO, multi-output + constraints",gp_multi,7,94,False,blowup,,0.008025,7.188039,0.285148,0.350602,768.055583,167.643532,36.689596
"BO, multi-output + constraints",gp_multi,7,95,True,,1.3716072375673038,0.068636,1.055532,0.388185,0.220229,2241.896525,133.761617,87.880952
"BO, multi-output + constraints",gp_multi,7,96,True,,0.7549217489234087,0.070839,4.635103,0.285092,0.315373,4918.792871,121.396393,137.097328
"BO, multi-output + constraints",gp_multi,7,97,True,,0.6622096320299223,0.063961,2.658737,0.293608,0.355724,2686.977516,115.173405,54.324426
"BO, multi-output + constraints",gp_multi,7,98,True,,1.514734698667001,0.06882,1.512545,0.2829,0.37981,5709.438562,162.635711,33.075823
"BO, multi-output + constraints",gp_multi,7,99,True,,1.3460542408799838,0.071123,5.335285,0.301782,0.388285,3710.499804,134.791799,62.925767
"BO, multi-output + constraints",gp_multi,7,100,True,,2.375139464700731,0.063454,5.600479,0.350646,0.23422,5599.431271,150.711201,41.55628
"BO, multi-output + constraints",gp_multi,7,101,True,,4.732026386259852,0.068562,6.426312,0.392309,0.22425,4550.483813,153.150278,142.038748
"BO, multi-output + constraints",gp_multi,7,102,True,,1.0655055436951428,0.068452,5.331098,0.286764,0.388785,3862.098577,128.772955,104.491882
"BO, multi-output + constraints",gp_multi,7,103,False,blowup,,0.013556,1.015764,0.291256,0.334869,1778.72967,95.273927,6.943479
"BO, multi-output + constraints",gp_multi,7,104,True,,1.048338639043538,0.065511,2.28822,0.319063,0.27206,1243.084403,113.534529,116.337007
"BO, multi-output + constraints",gp_multi,7,105,False,blowup,,0.035377,1.393395,0.42431,0.228944,1899.874839,128.160785,148.021669
"BO, multi-output + constraints",gp_multi,7,106,True,,2.5542384108270686,0.067478,6.824255,0.320259,0.387362,5971.7591,133.016175,63.87713
"BO, multi-output + constraints",gp_multi,7,107,False,blowup,,0.00835,5.346374,0.319711,0.294157,1214.355453,125.681797,64.141136
"BO, multi-output + constraints",gp_multi,7,108,True,,1.4956721897354974,0.072602,2.698405,0.342493,0.300021,2496.520458,129.175105,9.375035
"BO, multi-output + constraints",gp_multi,7,109,True,,1.9552253186743898,0.075837,1.032436,0.296867,0.28425,838.594501,83.555877,146.841897
"BO, multi-output + constraints",gp_multi,7,110,True,,1.18031187733283,0.070593,4.174735,0.399077,0.236907,3607.830559,134.338113,147.381834
"BO, multi-output + constraints",gp_multi,7,111,True,,0.4652446754599343,0.070124,3.51517,0.283124,0.337256,1101.233227,124.5658,52.961944
"BO, multi-output + constraints",gp_multi,7,112,False,blowup,,0.041065,1.175394,0.356263,0.209842,618.249555,121.86488,47.165716
"BO, multi-output + constraints",gp_multi,7,113,False,blowup,,0.003491,7.763602,0.424806,0.348966,5701.292004,165.718116,51.445634
"BO, multi-output + constraints",gp_multi,7,114,True,,1.8701927734113883,0.07966,1.111614,0.383627,0.255537,1534.269547,128.703376,148.50419
"BO, multi-output + constraints",gp_multi,7,115,True,,1.8000261514995106,0.100606,1.008076,0.388544,0.215321,3958.680036,107.944626,139.313399
"BO, multi-output + constraints",gp_multi,7,116,True,,0.9345734481142454,0.068461,4.238911,0.295348,0.258598,5972.35027,109.840793,130.919548
"BO, multi-output + constraints",gp_multi,7,117,True,,1.7379662268742713,0.066891,3.342184,0.364207,0.204342,3952.164095,153.48269,27.701387
"BO, multi-output + constraints",gp_multi,7,118,False,blowup,,0.009283,7.229394,0.280724,0.396521,739.746782,165.346677,32.135465
"BO, multi-output + constraints",gp_multi,7,119,True,,0.8257428023698582,0.069369,2.746105,0.320152,0.283685,2514.269754,125.348036,110.09035
"BO, multi-output + constraints",gp_multi,7,120,True,,0.9690503654494873,0.068136,1.531096,0.28512,0.381736,1808.951456,161.435495,10.482244
"BO, multi-output + constraints",gp_multi,7,121,True,,0.756348582998784,0.084667,4.263658,0.297717,0.275805,4177.590329,130.113145,146.227292
"BO, multi-output + constraints",gp_multi,7,122,True,,1.066572280226095,0.080939,1.466272,0.300434,0.395321,5689.587175,144.37893,126.188594
"BO, multi-output + constraints",gp_multi,7,123,True,,3.571905716231918,0.075855,7.312694,0.287249,0.223416,454.145235,101.476668,53.677917
"BO, multi-output + constraints",gp_multi,7,124,False,blowup,,0.014278,7.96628,0.287211,0.326238,740.62444,173.776735,31.504667
"BO, multi-output + constraints",gp_multi,7,125,False,blowup,,0.041463,7.329995,0.354263,0.266671,2912.114483,124.15374,110.595108
"BO, multi-output + constraints",gp_multi,7,126,True,,0.7313721273842044,0.079471,2.653546,0.282394,0.276667,1220.74393,133.854265,127.679817
"BO, multi-output + constraints",gp_multi,7,127,True,,10.960243484636404,0.07028,6.726395,0.412926,0.305551,5786.940096,166.902799,12.392957
"BO, multi-output + constraints",gp_multi,7,128,True,,1.0773570121476048,0.054093,2.524716,0.28014,0.219552,3666.400194,172.735653,13.943923
"BO, multi-output + constraints",gp_multi,7,129,True,,0.36684502601121094,0.049636,1.438515,0.391606,0.201515,1516.903839,122.308538,38.112603
"BO, multi-output + constraints",gp_multi,7,130,False,blowup,,0.046233,1.534765,0.358694,0.238508,472.734224,112.840017,63.909217
"BO, multi-output + constraints",gp_multi,7,131,True,,1.6908212343056235,0.048135,6.459095,0.292996,0.393198,565.776715,173.673721,30.402161
"BO, multi-output + constraints",gp_multi,7,132,True,,0.8284618188321277,0.04958,4.424976,0.299214,0.293904,3088.271606,124.594954,144.048992
"BO, multi-output + constraints",gp_multi,7,133,True,,1.6407751748745247,0.050432,1.388965,0.283357,0.228626,5274.582039,168.749906,76.98421
"BO, multi-output + constraints",gp_multi,7,134,True,,0.902569625606863,0.049047,5.239208,0.280047,0.375097,3574.39959,163.553746,28.892805
"BO, multi-output + constraints",gp_multi,7,135,True,,2.513386800867942,0.049025,7.726252,0.282335,0.212796,5866.913378,160.60068,24.337379
"BO, multi-output + constraints",gp_multi,7,136,True,,0.6720284669772678,0.048146,2.371921,0.288351,0.383946,4641.344128,156.301386,22.028234
"BO, multi-output + constraints",gp_multi,7,137,False,blowup,,0.002682,2.027061,0.282635,0.332126,1910.728083,125.148002,127.941823
"BO, multi-output + constraints",gp_multi,7,138,True,,1.5410625875243094,0.0487,5.128852,0.325285,0.311381,4539.486076,132.58244,99.527795
"BO, multi-output + constraints",gp_multi,7,139,False,blowup,,0.030469,2.465884,0.402646,0.201659,1272.883269,132.539343,79.730798
"BO, multi-output + constraints",gp_multi,7,140,True,,1.7432461699969843,0.051181,7.953766,0.288104,0.365615,5555.071343,131.258835,136.759131
"BO, multi-output + constraints",gp_multi,7,141,False,blowup,,0.002921,4.090456,0.281868,0.336283,2382.314924,124.474916,128.037564
"BO, multi-output + constraints",gp_multi,7,142,True,,0.5503371096035724,0.052253,3.768284,0.320974,0.375199,5903.63895,127.691415,83.394034
"BO, multi-output + constraints",gp_multi,7,143,True,,1.3705287585013073,0.049458,2.961536,0.391156,0.212224,1981.482679,125.455709,120.783253
"BO, multi-output + constraints",gp_multi,7,144,True,,1.000558206893953,0.050845,2.687358,0.391859,0.228027,1731.936898,130.290585,40.899452
"BO, multi-output + constraints",gp_multi,7,145,False,blowup,,0.005216,3.692324,0.285756,0.206494,1454.240677,133.715441,129.726738
"BO, multi-output + constraints",gp_multi,7,146,True,,3.2718881677210416,0.050077,7.513085,0.439367,0.265165,2644.320725,153.944146,59.290957
"BO, multi-output + constraints",gp_multi,7,147,False,blowup,,0.00434,4.264903,0.285748,0.202738,1704.775178,131.243887,129.139694
"BO, multi-output + constraints",gp_multi,7,148,False,blowup,,0.013386,7.577621,0.284853,0.222862,3507.700419,134.744725,142.642565
"BO, multi-output + constraints",gp_multi,7,149,True,,0.8990588816431339,0.051629,5.364982,0.280254,0.235406,3638.245215,138.359807,149.687264
"BO, multi-output + constraints",gp_multi,7,150,True,,1.2859261757937648,0.050088,1.020368,0.288328,0.22016,515.897242,141.049457,12.981308
"BO, multi-output + constraints",gp_multi,8,1,False,blowup,,0.008048,4.352758,0.32103,0.251429,1434.496718,98.417132,123.005012
"BO, multi-output + constraints",gp_multi,8,2,True,,1.7610393481076034,0.08077,5.229906,0.389966,0.382271,1241.154227,115.281777,46.269992
"BO, multi-output + constraints",gp_multi,8,3,True,,3.257117420389276,0.096106,3.753175,0.384844,0.290453,3801.051738,101.190699,24.428134
"BO, multi-output + constraints",gp_multi,8,4,False,blowup,,0.004119,4.221255,0.402228,0.373405,690.279654,170.829112,109.414707
"BO, multi-output + constraints",gp_multi,8,5,True,,1.4762019317274244,0.075217,4.515778,0.407028,0.262206,2919.463946,106.235138,70.128949
"BO, multi-output + constraints",gp_multi,8,6,True,,0.49234722665774633,0.073545,2.69274,0.387183,0.218029,3821.835001,123.608571,24.553862
"BO, multi-output + constraints",gp_multi,8,7,False,blowup,,0.011551,4.719957,0.316754,0.230173,1431.220842,112.36501,29.658529
"BO, multi-output + constraints",gp_multi,8,8,False,blowup,,0.004226,7.232873,0.314455,0.288346,3940.535166,170.083731,96.264814
"BO, multi-output + constraints",gp_multi,8,9,True,,1.1291071306491562,0.07244,5.883498,0.396729,0.250767,3535.052525,162.889191,58.624288
"BO, multi-output + constraints",gp_multi,8,10,False,blowup,,0.004406,4.0485,0.283353,0.33571,4454.901672,168.802723,112.719857
"BO, multi-output + constraints",gp_multi,8,11,True,,3.464118723869418,0.073703,4.351599,0.374392,0.238413,5304.597418,88.057125,21.766879
"BO, multi-output + constraints",gp_multi,8,12,True,,1.9539249639138996,0.080943,1.007991,0.329435,0.297114,5090.279952,171.838736,27.916275
"BO, multi-output + constraints",gp_multi,8,13,False,blowup,,0.005698,7.821486,0.359898,0.394839,2605.812779,167.387457,108.279005
"BO, multi-output + constraints",gp_multi,8,14,False,blowup,,0.00562,7.50866,0.448288,0.392599,3477.450335,154.278296,109.276546
"BO, multi-output + constraints",gp_multi,8,15,False,blowup,,0.005647,2.645167,0.436286,0.27917,621.36824,142.584028,148.732307
"BO, multi-output + constraints",gp_multi,8,16,True,,1.3514047790231793,0.093553,7.69644,0.361472,0.384813,1550.905785,135.303392,79.065154
"BO, multi-output + constraints",gp_multi,8,17,True,,2.462244490621126,0.081931,2.858954,0.360446,0.271375,475.275549,114.018659,149.061995
"BO, multi-output + constraints",gp_multi,8,18,True,,26.736461362562306,0.097895,3.330226,0.427604,0.359403,5061.27662,128.323066,139.373002
"BO, multi-output + constraints",gp_multi,8,19,False,blowup,,0.005415,2.581451,0.418153,0.324915,545.7127,138.756006,6.232479
"BO, multi-output + constraints",gp_multi,8,20,False,blowup,,0.019718,6.352032,0.415749,0.26611,522.110758,122.962947,8.532298
"BO, multi-output + constraints",gp_multi,8,21,True,,4.431374830374047,0.074911,7.882212,0.360934,0.209286,496.779701,126.849441,8.065426
"BO, multi-output + constraints",gp_multi,8,22,False,blowup,,0.003781,1.142938,0.336266,0.267425,461.829768,107.96328,130.938313
"BO, multi-output + constraints",gp_multi,8,23,False,blowup,,0.004962,1.231701,0.395746,0.225842,479.811685,129.94938,84.223296
"BO, multi-output + constraints",gp_multi,8,24,False,blowup,,0.018302,2.02462,0.39377,0.29161,428.546176,131.58898,92.802124
"BO, multi-output + constraints",gp_multi,8,25,False,blowup,,0.004983,7.271127,0.346901,0.300131,677.904733,81.061866,142.051736
"BO, multi-output + constraints",gp_multi,8,26,True,,1.7834394059544725,0.101969,1.008262,0.35043,0.307617,872.529915,167.38497,90.035566
"BO, multi-output + constraints",gp_multi,8,27,False,blowup,,0.005438,6.413652,0.3718,0.254194,911.253316,138.286024,133.301137
"BO, multi-output + constraints",gp_multi,8,28,False,blowup,,0.005242,7.1911,0.332945,0.352204,700.797783,84.203049,131.10793
"BO, multi-output + constraints",gp_multi,8,29,False,blowup,,0.005304,7.024738,0.367297,0.39237,583.659298,157.020252,141.666287
"BO, multi-output + constraints",gp_multi,8,30,False,blowup,,0.005361,7.403903,0.401325,0.240241,712.47323,85.881768,129.239597
"BO, multi-output + constraints",gp_multi,8,31,True,,5.183276202747026,0.087957,5.119495,0.419451,0.25677,2648.167217,161.702662,6.097302
"BO, multi-output + constraints",gp_multi,8,32,False,blowup,,0.003524,5.407242,0.336916,0.314306,458.717093,149.680639,56.361934
"BO, multi-output + constraints",gp_multi,8,33,False,blowup,,0.003377,7.839214,0.361315,0.309477,426.436726,141.403463,59.482695
"BO, multi-output + constraints",gp_multi,8,34,True,,26.622826911856162,0.068495,7.34515,0.42174,0.381684,5926.660103,144.987298,32.700429
"BO, multi-output + constraints",gp_multi,8,35,True,,1.4169018684085593,0.072043,2.16591,0.316347,0.356969,432.157686,83.4308,103.018132
"BO, multi-output + constraints",gp_multi,8,36,True,,1.538894975978272,0.067925,2.857769,0.282761,0.200552,5342.385756,158.692729,80.984886
"BO, multi-output + constraints",gp_multi,8,37,True,,1.75421318766666,0.065969,5.450764,0.433845,0.201453,5882.381643,149.801638,89.572921
"BO, multi-output + constraints",gp_multi,8,38,False,blowup,,0.005937,2.126418,0.350637,0.220159,532.529189,153.975306,108.586708
"BO, multi-output + constraints",gp_multi,8,39,False,blowup,,0.004672,2.528531,0.430037,0.201227,531.26735,171.570941,143.728127
"BO, multi-output + constraints",gp_multi,8,40,False,blowup,,0.021102,1.626611,0.296527,0.221924,821.113636,138.633194,95.751124
"BO, multi-output + constraints",gp_multi,8,41,True,,2.1622488055697877,0.062338,3.778547,0.432221,0.201642,844.9368,112.344785,147.91737
"BO, multi-output + constraints",gp_multi,8,42,True,,1.7719617831634922,0.069072,2.210682,0.33388,0.399479,1524.005384,115.212787,111.614726
"BO, multi-output + constraints",gp_multi,8,43,True,,2.4850433954020383,0.071797,1.097101,0.417387,0.325153,480.035416,87.43919,21.18369
"BO, multi-output + constraints",gp_multi,8,44,True,,1.859948987457728,0.064569,1.046623,0.364387,0.259275,5956.53416,124.556668,98.837252
"BO, multi-output + constraints",gp_multi,8,45,True,,0.5130638942853882,0.067087,2.245637,0.291706,0.2009,2363.439459,130.640338,138.715223
"BO, multi-output + constraints",gp_multi,8,46,False,blowup,,0.003996,1.126984,0.420976,0.224729,585.08457,140.29497,114.540715
"BO, multi-output + constraints",gp_multi,8,47,True,,1.5472315933690806,0.060896,2.899238,0.355185,0.228522,723.355953,89.498837,129.643994
"BO, multi-output + constraints",gp_multi,8,48,True,,2.0799348977852916,0.069327,1.484769,0.368048,0.30886,2428.770221,167.283475,8.098007
"BO, multi-output + constraints",gp_multi,8,49,False,blowup,,0.005392,6.685039,0.283247,0.303241,623.780283,171.232947,102.745561
"BO, multi-output + constraints",gp_multi,8,50,True,,1.4700348685198532,0.064164,7.01868,0.293813,0.261531,5733.615825,141.028308,64.73624
"BO, multi-output + constraints",gp_multi,8,51,False,blowup,,0.016295,7.642067,0.354038,0.322078,781.183485,140.608504,63.193777
"BO, multi-output + constraints",gp_multi,8,52,False,blowup,,0.005902,6.784815,0.355243,0.305261,586.11322,124.024168,105.701785
"BO, multi-output + constraints",gp_multi,8,53,False,blowup,,0.004313,1.232616,0.291219,0.377709,710.601602,135.417444,133.408684
"BO, multi-output + constraints",gp_multi,8,54,False,blowup,,0.004249,1.619449,0.318202,0.372611,719.665278,126.918513,111.971268
"BO, multi-output + constraints",gp_multi,8,55,False,blowup,,0.006754,7.901727,0.283879,0.285595,1732.024106,126.439633,117.893517
"BO, multi-output + constraints",gp_multi,8,56,True,,4.169403946982895,0.068323,1.442689,0.441109,0.200855,4783.214548,133.26163,43.615956
"BO, multi-output + constraints",gp_multi,8,57,True,,0.8409135530654172,0.066753,2.762622,0.299081,0.27481,1262.170567,156.579911,31.225494
"BO, multi-output + constraints",gp_multi,8,58,True,,0.5322094130145788,0.069679,2.11977,0.289541,0.373672,1267.571619,138.017779,16.724752
"BO, multi-output + constraints",gp_multi,8,59,True,,0.7693708850442283,0.070558,3.39893,0.282604,0.396653,579.743471,152.662395,28.551734
"BO, multi-output + constraints",gp_multi,8,60,True,,2.904244175576714,0.066096,1.123161,0.433381,0.206692,2602.126538,127.921652,87.910164
"BO, multi-output + constraints",gp_multi,8,61,True,,1.194823659965679,0.067788,6.312,0.285388,0.225403,5385.401244,122.058496,112.08341
"BO, multi-output + constraints",gp_multi,8,62,True,,1.0299413321243296,0.067753,5.675192,0.283622,0.264402,3518.60519,132.564501,110.848437
"BO, multi-output + constraints",gp_multi,8,63,False,blowup,,0.00354,1.744639,0.408906,0.381145,431.193115,165.663976,121.39666
"BO, multi-output + constraints",gp_multi,8,64,False,blowup,,0.003437,3.902214,0.383786,0.398066,562.921344,89.510913,140.439114
"BO, multi-output + constraints",gp_multi,8,65,True,,0.7988711644748283,0.076085,3.614727,0.283934,0.27399,2287.917415,160.271083,143.277712
"BO, multi-output + constraints",gp_multi,8,66,True,,3.2011108911837356,0.084609,1.43947,0.390859,0.387599,643.238555,168.296562,125.330358
"BO, multi-output + constraints",gp_multi,8,67,True,,0.9682809911800266,0.071398,2.55524,0.406816,0.23922,594.796612,126.257977,32.003892
"BO, multi-output + constraints",gp_multi,8,68,True,,2.4907806924932787,0.100265,1.088614,0.42713,0.221309,1788.628232,125.160819,46.701056
"BO, multi-output + constraints",gp_multi,8,69,False,blowup,,0.008315,3.627822,0.300644,0.396657,1757.814515,153.630038,22.061315
"BO, multi-output + constraints",gp_multi,8,70,True,,0.927870537670688,0.09909,2.439319,0.317292,0.204701,1900.760952,117.699867,20.003629
"BO, multi-output + constraints",gp_multi,8,71,True,,1.3191654460425828,0.077422,4.319188,0.328112,0.211508,5418.165929,121.187672,147.556596
"BO, multi-output + constraints",gp_multi,8,72,True,,2.0753014506714234,0.082295,2.230626,0.372152,0.2751,5909.279172,120.170522,26.638942
"BO, multi-output + constraints",gp_multi,8,73,True,,1.2356079151144415,0.066727,4.02374,0.284918,0.234266,3042.048049,142.710181,142.433684
"BO, multi-output + constraints",gp_multi,8,74,True,,0.8225376422249555,0.072465,2.161996,0.324054,0.285134,471.042848,124.346807,26.577414
"BO, multi-output + constraints",gp_multi,8,75,True,,0.4707623225729527,0.075958,1.959942,0.302261,0.352213,1526.452749,124.213514,119.980022
"BO, multi-output + constraints",gp_multi,8,76,False,blowup,,0.004554,1.326133,0.432448,0.210569,509.249339,128.727345,67.654525
"BO, multi-output + constraints",gp_multi,8,77,True,,0.8759206616245597,0.078486,4.17075,0.294746,0.299417,2995.319638,164.373134,88.316231
"BO, multi-output + constraints",gp_multi,8,78,True,,0.5267671899675821,0.090477,3.588864,0.283424,0.291766,2709.837976,120.574415,140.985134
"BO, multi-output + constraints",gp_multi,8,79,True,,0.7495145196869417,0.068856,2.296939,0.294973,0.327867,1240.360678,118.439708,53.313934
"BO, multi-output + constraints",gp_multi,8,80,True,,0.7435897924531065,0.067141,1.979369,0.297283,0.312983,4083.339907,169.286142,11.261933
"BO, multi-output + constraints",gp_multi,8,81,False,blowup,,0.00697,2.88075,0.426563,0.200393,681.674819,139.681799,49.131196
"BO, multi-output + constraints",gp_multi,8,82,True,,0.9236100880066501,0.063001,2.048081,0.288978,0.216795,2653.945088,145.25705,87.702453
"BO, multi-output + constraints",gp_multi,8,83,True,,0.9690949834238912,0.067502,1.244768,0.376525,0.204924,5636.916539,144.237449,14.293193
"BO, multi-output + constraints",gp_multi,8,84,True,,1.175449496449899,0.06809,3.742489,0.281664,0.201416,4406.134295,93.495615,142.236203
"BO, multi-output + constraints",gp_multi,8,85,True,,0.8037739983392943,0.070789,4.927103,0.292894,0.275702,4530.215107,120.305602,83.152307
"BO, multi-output + constraints",gp_multi,8,86,True,,0.6640271262895411,0.063102,4.772533,0.283044,0.315455,3566.908914,132.681556,30.538974
"BO, multi-output + constraints",gp_multi,8,87,True,,0.7206062484247061,0.068076,3.07744,0.29478,0.333589,1403.777368,117.419895,149.14189
"BO, multi-output + constraints",gp_multi,8,88,False,blowup,,0.009725,5.165785,0.284053,0.347817,451.902016,149.346229,16.990965
"BO, multi-output + constraints",gp_multi,8,89,True,,0.6531328538934635,0.070669,2.838941,0.312068,0.320454,1886.099333,126.843925,110.148644
"BO, multi-output + constraints",gp_multi,8,90,False,blowup,,0.009123,3.711399,0.292536,0.327455,422.287553,151.00987,32.200211
"BO, multi-output + constraints",gp_multi,8,91,False,blowup,,0.007916,3.707395,0.282472,0.324076,466.648856,141.72799,20.244113
"BO, multi-output + constraints",gp_multi,8,92,True,,0.7716263714136693,0.072551,1.879501,0.283254,0.398695,600.36397,117.228273,83.844059
"BO, multi-output + constraints",gp_multi,8,93,True,,0.6699618852628165,0.074293,2.807757,0.298969,0.280513,1269.609872,121.611986,89.623724
"BO, multi-output + constraints",gp_multi,8,94,True,,1.4186305204999217,0.074317,5.550837,0.301144,0.243693,5861.118177,145.577607,148.778555
"BO, multi-output + constraints",gp_multi,8,95,True,,1.0025289522301515,0.067912,3.880515,0.30146,0.348452,633.094232,138.701409,17.593734
"BO, multi-output + constraints",gp_multi,8,96,True,,0.564065326178032,0.069435,2.41194,0.298398,0.243611,4809.099803,125.622344,94.59648
"BO, multi-output + constraints",gp_multi,8,97,False,blowup,,0.004204,4.488203,0.283252,0.34066,1923.545012,126.892401,41.600561
"BO, multi-output + constraints",gp_multi,8,98,True,,1.6740321469392874,0.091548,1.843703,0.369663,0.24617,5953.103559,163.327977,42.99058
"BO, multi-output + constraints",gp_multi,8,99,True,,1.8113509450442313,0.096952,2.588597,0.301093,0.207535,1168.81233,105.27979,84.470023
"BO, multi-output + constraints",gp_multi,8,100,True,,22.086616811382445,0.071153,2.246506,0.427112,0.214742,455.865198,153.064103,97.945542
"BO, multi-output + constraints",gp_multi,8,101,True,,1.1647889920220147,0.065939,5.767344,0.282742,0.380102,5814.909201,144.895325,28.726464
"BO, multi-output + constraints",gp_multi,8,102,True,,1.465557453630014,0.070034,6.91255,0.285142,0.390426,4718.25027,148.172734,36.553274
"BO, multi-output + constraints",gp_multi,8,103,False,blowup,,0.003813,6.334255,0.445338,0.363531,640.790332,158.023809,69.048913
"BO, multi-output + constraints",gp_multi,8,104,True,,8.225525323774887,0.092268,6.317232,0.436418,0.370921,571.947155,142.052984,148.936523
"BO, multi-output + constraints",gp_multi,8,105,True,,1.5686185271716364,0.103879,1.177542,0.281506,0.335564,5806.680456,89.565433,97.837987
"BO, multi-output + constraints",gp_multi,8,106,True,,1.9234728131127494,0.092716,5.697873,0.351714,0.200917,5152.050499,152.808384,149.706079
"BO, multi-output + constraints",gp_multi,8,107,True,,1.6819184647613488,0.061012,2.298575,0.448245,0.246265,499.951798,95.619669,148.346278
"BO, multi-output + constraints",gp_multi,8,108,True,,2.3436236948610585,0.06654,7.335372,0.355777,0.363092,2748.869688,143.239426,141.361358
"BO, multi-output + constraints",gp_multi,8,109,False,blowup,,0.008132,3.945412,0.420695,0.305595,1165.108166,154.806235,82.245121
"BO, multi-output + constraints",gp_multi,8,110,True,,4.199898360972264,0.066379,1.997424,0.375128,0.30971,2088.803924,161.875104,111.978514
"BO, multi-output + constraints",gp_multi,8,111,True,,4.946851066083486,0.073436,7.617675,0.443355,0.224976,5377.953282,105.54967,142.114749
"BO, multi-output + constraints",gp_multi,8,112,True,,1.319710748177366,0.071087,5.46666,0.298847,0.394893,3634.671601,159.015662,18.791858
"BO, multi-output + constraints",gp_multi,8,113,True,,1.7053494561904494,0.07251,3.63413,0.36057,0.207085,5477.322069,168.72332,37.226847
"BO, multi-output + constraints",gp_multi,8,114,True,,3.9117464171562464,0.101381,7.325991,0.345198,0.297047,5799.240899,135.028348,103.676958
"BO, multi-output + constraints",gp_multi,8,115,True,,0.9859354347356264,0.10152,4.606854,0.290205,0.39563,4555.271702,173.041396,19.149586
"BO, multi-output + constraints",gp_multi,8,116,False,blowup,,0.018115,4.027712,0.33071,0.212267,2881.369562,94.131031,97.474565
"BO, multi-output + constraints",gp_multi,8,117,True,,2.155751042591206,0.088217,7.885644,0.316741,0.340172,5949.776162,124.769607,134.869149
"BO, multi-output + constraints",gp_multi,8,118,False,blowup,,0.005725,4.648045,0.282671,0.208316,1633.863195,121.003595,139.20193
"BO, multi-output + constraints",gp_multi,8,119,True,,1.4909202861613418,0.069845,3.616594,0.303893,0.208057,1506.850015,154.408973,14.141194
"BO, multi-output + constraints",gp_multi,8,120,True,,1.5594300947005755,0.066517,7.010571,0.318583,0.319001,5529.267219,124.059768,100.650821
"BO, multi-output + constraints",gp_multi,8,121,True,,1.2283433335505596,0.064916,1.588155,0.285007,0.344545,5931.538331,97.825642,68.704155
"BO, multi-output + constraints",gp_multi,8,122,False,blowup,,0.003855,2.812848,0.280663,0.36982,3756.31334,157.194249,140.178088
"BO, multi-output + constraints",gp_multi,8,123,True,,0.6455985347229063,0.084943,3.491818,0.280785,0.261057,5791.966984,132.861908,106.065951
"BO, multi-output + constraints",gp_multi,8,124,True,,6.816429399489118,0.065618,3.983452,0.428294,0.245324,5969.004936,156.356302,68.11867
"BO, multi-output + constraints",gp_multi,8,125,True,,6.727110890425326,0.05576,3.724783,0.446862,0.270291,3659.623963,90.647755,99.947261
"BO, multi-output + constraints",gp_multi,8,126,True,,3.5880119964586337,0.060323,7.170594,0.383832,0.377823,407.152295,120.009245,68.94349
"BO, multi-output + constraints",gp_multi,8,127,True,,6.364158349129705,0.058336,6.22229,0.445459,0.200046,3521.91133,172.564301,88.47393
"BO, multi-output + constraints",gp_multi,8,128,True,,2.1268759099042907,0.063924,6.489964,0.316665,0.392317,5831.621212,136.772065,66.269944
"BO, multi-output + constraints",gp_multi,8,129,True,,3.6287193653580028,0.058731,1.219672,0.354843,0.378414,766.836322,121.483947,53.521004
"BO, multi-output + constraints",gp_multi,8,130,False,blowup,,0.004012,7.436858,0.323404,0.395611,5561.627544,125.63553,139.081016
"BO, multi-output + constraints",gp_multi,8,131,True,,3.8476202819414445,1.560576,3.224612,0.442626,0.200137,4828.996005,124.721022,60.994178
"BO, multi-output + constraints",gp_multi,8,132,True,,2.0444037158089063,0.048461,7.937075,0.368453,0.320799,5239.705856,136.727352,73.543399
"BO, multi-output + constraints",gp_multi,8,133,True,,1.321840153367579,0.050641,2.787612,0.347131,0.241073,3099.888616,148.160904,103.54992
"BO, multi-output + constraints",gp_multi,8,134,True,,1.5954801760563553,0.05113,7.683318,0.280743,0.349906,1605.204974,134.770481,148.83527
"BO, multi-output + constraints",gp_multi,8,135,False,blowup,,0.002582,6.157262,0.447254,0.285353,2264.215973,161.59051,82.759279
"BO, multi-output + constraints",gp_multi,8,136,True,,1.1083857912459176,0.051334,1.449189,0.281694,0.399533,3300.533134,147.465251,5.314475
"BO, multi-output + constraints",gp_multi,8,137,True,,0.8686119809893761,0.048002,3.058488,0.342266,0.201739,2802.312398,143.302611,120.313576
"BO, multi-output + constraints",gp_multi,8,138,True,,2.8941089876364243,0.047804,2.266746,0.390848,0.395867,862.800902,140.502955,47.507835
"BO, multi-output + constraints",gp_multi,8,139,True,,0.7595008425209963,0.045769,3.281762,0.292917,0.397449,585.788296,120.702261,65.403517
"BO, multi-output + constraints",gp_multi,8,140,True,,0.7894786290300603,0.046919,5.585049,0.333505,0.388694,2717.277196,119.529665,100.949273
"BO, multi-output + constraints",gp_multi,8,141,True,,2.3496840606641585,0.044977,7.559389,0.342189,0.313187,3000.264873,147.140151,102.47577
"BO, multi-output + constraints",gp_multi,8,142,True,,1.3664109425529847,0.049025,3.896833,0.299151,0.384213,5976.133008,87.827657,91.063606
"BO, multi-output + constraints",gp_multi,8,143,True,,0.5173534267349911,0.048609,2.632608,0.2802,0.216853,2026.372301,148.276674,24.886383
"BO, multi-output + constraints",gp_multi,8,144,True,,0.4174315103090625,0.045583,2.28122,0.33188,0.266799,3658.816428,123.697249,111.271224
"BO, multi-output + constraints",gp_multi,8,145,True,,1.0615367503665982,0.048735,3.786287,0.310538,0.328157,3791.95955,111.106751,142.744282
"BO, multi-output + constraints",gp_multi,8,146,True,,0.6430570863195236,0.048342,2.882363,0.319181,0.210127,5542.460239,116.144109,71.864448
"BO, multi-output + constraints",gp_multi,8,147,True,,1.7498407301234942,0.0459,1.172026,0.31676,0.394021,5917.483361,148.336666,6.51098
"BO, multi-output + constraints",gp_multi,8,148,True,,1.029060150773609,0.045762,2.702964,0.282134,0.212814,5683.636019,170.038294,99.055643
"BO, multi-output + constraints",gp_multi,8,149,True,,6.997492983859006,0.045316,6.510052,0.427361,0.307295,1825.461762,154.340072,147.228984
"BO, multi-output + constraints",gp_multi,8,150,False,blowup,,0.014741,7.629283,0.281519,0.203083,420.61552,129.467828,91.209281
"BO, multi-output + constraints",gp_multi,9,1,False,blowup,,0.003791,4.060736,0.362441,0.213031,431.505884,158.909037,147.578825
"BO, multi-output + constraints",gp_multi,9,2,True,,1.9841781046555549,0.081972,6.339542,0.334564,0.237866,3737.336172,136.495477,43.782912
"BO, multi-output + constraints",gp_multi,9,3,False,blowup,,0.006683,6.601745,0.317328,0.344642,817.786392,80.697109,31.018006
"BO, multi-output + constraints",gp_multi,9,4,True,,5.233220624325853,0.097151,5.147684,0.3881,0.264581,4435.378659,81.39332,59.696872
"BO, multi-output + constraints",gp_multi,9,5,False,blowup,,0.004135,5.217815,0.414458,0.321144,3602.589055,155.521758,95.356748
"BO, multi-output + constraints",gp_multi,9,6,False,blowup,,0.033471,2.529876,0.410332,0.303235,484.109291,98.585755,36.514572
"BO, multi-output + constraints",gp_multi,9,7,True,,4.051622584543233,0.073579,4.87533,0.390302,0.247249,4677.476934,94.773216,24.309439
"BO, multi-output + constraints",gp_multi,9,8,False,blowup,,0.065677,1.24515,0.313619,0.312706,740.915253,110.028601,35.670072
"BO, multi-output + constraints",gp_multi,9,9,False,blowup,,0.006926,4.146095,0.433246,0.280801,1161.541594,120.04552,58.86235
"BO, multi-output + constraints",gp_multi,9,10,False,blowup,,0.007593,5.578392,0.349719,0.389253,2436.672219,162.929576,53.326443
"BO, multi-output + constraints",gp_multi,9,11,False,blowup,,0.008087,7.521951,0.430587,0.256909,2209.681002,141.294116,119.949601
"BO, multi-output + constraints",gp_multi,9,12,False,blowup,,0.004208,3.721822,0.440194,0.372724,3133.189192,173.018808,37.332408
"BO, multi-output + constraints",gp_multi,9,13,True,,1.194736755493433,0.077543,3.167994,0.288805,0.229646,3383.837555,110.11849,24.072413
"BO, multi-output + constraints",gp_multi,9,14,True,,2.3009821666199977,0.07314,6.148294,0.346865,0.200606,3206.679216,100.243283,121.21962
"BO, multi-output + constraints",gp_multi,9,15,False,blowup,,0.005784,6.943238,0.323416,0.21356,2857.570742,85.371165,63.393228
"BO, multi-output + constraints",gp_multi,9,16,True,,0.991363449250079,0.079425,1.698737,0.319647,0.202576,3650.024887,132.75399,9.387346
"BO, multi-output + constraints",gp_multi,9,17,True,,1.7725002175297147,0.078819,2.580279,0.289951,0.223204,2829.422379,90.966408,19.438735
"BO, multi-output + constraints",gp_multi,9,18,True,,1.2747773746132747,0.071304,3.939903,0.294736,0.37046,3691.706414,135.930821,10.460143
"BO, multi-output + constraints",gp_multi,9,19,True,,0.4955419904712075,0.066702,3.585982,0.286688,0.224278,4731.410988,134.262769,133.756892
"BO, multi-output + constraints",gp_multi,9,20,True,,1.2175824725623756,0.066889,1.11992,0.285522,0.363735,1818.861233,142.667067,135.945637
"BO, multi-output + constraints",gp_multi,9,21,True,,1.0523167340504374,0.067612,3.258429,0.298612,0.365366,2138.762632,170.874901,118.793499
"BO, multi-output + constraints",gp_multi,9,22,True,,8.90047578552759,0.06717,4.149527,0.449717,0.296401,2639.763586,141.429397,124.393707
"BO, multi-output + constraints",gp_multi,9,23,True,,3.841596324745242,0.064716,7.492914,0.409843,0.233287,4285.336155,131.108172,133.332059
"BO, multi-output + constraints",gp_multi,9,24,True,,1.0834455270292094,0.065911,3.768926,0.28136,0.355906,2867.282088,160.12951,7.989625
"BO, multi-output + constraints",gp_multi,9,25,False,blowup,,0.003364,3.035943,0.416887,0.385708,5551.879165,134.936788,140.320035
"BO, multi-output + constraints",gp_multi,9,26,False,blowup,,0.003819,4.088444,0.442622,0.397202,3146.005101,171.006125,102.87257
"BO, multi-output + constraints",gp_multi,9,27,False,blowup,,0.010816,4.42421,0.445509,0.207669,2912.742332,129.795356,149.820296
"BO, multi-output + constraints",gp_multi,9,28,True,,3.7085339201919427,0.090312,4.228948,0.419587,0.31817,2202.00004,134.956804,89.228068
"BO, multi-output + constraints",gp_multi,9,29,True,,5.7515480366220775,0.069186,1.056831,0.432197,0.213041,5997.105797,155.548568,68.932579
"BO, multi-output + constraints",gp_multi,9,30,True,,1.2508082809333636,0.066123,1.250801,0.366654,0.244353,1474.457494,172.884956,19.842491
"BO, multi-output + constraints",gp_multi,9,31,True,,1.602035685956005,0.067994,7.995539,0.288737,0.250269,3733.795047,117.122515,134.537103
"BO, multi-output + constraints",gp_multi,9,32,False,blowup,,0.058333,2.999281,0.345674,0.27431,630.954175,131.238276,104.091273
"BO, multi-output + constraints",gp_multi,9,33,False,blowup,,0.038174,2.377087,0.391167,0.317095,584.571591,122.933157,147.661925
"BO, multi-output + constraints",gp_multi,9,34,True,,4.760289562289122,0.062635,1.813701,0.390078,0.270993,5066.385388,143.93888,146.162808
"BO, multi-output + constraints",gp_multi,9,35,True,,1.1952039572991386,0.06663,2.690973,0.366645,0.24647,5711.971178,128.891768,92.533178
"BO, multi-output + constraints",gp_multi,9,36,True,,0.6226068170909933,0.074493,3.692504,0.333454,0.309373,3110.215581,122.214453,140.002852
"BO, multi-output + constraints",gp_multi,9,37,True,,3.5257599409689218,0.067336,7.973468,0.447323,0.254508,5957.059847,133.772829,73.195414
"BO, multi-output + constraints",gp_multi,9,38,True,,3.3242494093044126,0.095743,2.49613,0.360996,0.340763,3397.950045,123.97264,69.30467
"BO, multi-output + constraints",gp_multi,9,39,True,,1.635506728656401,0.103765,4.371095,0.350297,0.390441,2967.605042,165.231346,38.878377
"BO, multi-output + constraints",gp_multi,9,40,True,,1.8046966760231846,0.078048,7.328516,0.2813,0.394002,2642.695697,171.811335,111.678785
"BO, multi-output + constraints",gp_multi,9,41,True,,2.875020804391973,0.074429,1.238832,0.336996,0.377352,1190.397781,122.18166,139.757539
"BO, multi-output + constraints",gp_multi,9,42,True,,20.808875301028294,0.089061,6.182627,0.41832,0.393154,3762.493723,154.635147,64.477604
"BO, multi-output + constraints",gp_multi,9,43,True,,1.3671575899682638,0.066295,7.826838,0.387142,0.325248,2838.988461,155.739365,111.378011
"BO, multi-output + constraints",gp_multi,9,44,False,blowup,,0.006824,6.635679,0.283852,0.205365,4363.397365,124.652211,132.405786
"BO, multi-output + constraints",gp_multi,9,45,False,blowup,,0.016208,6.747789,0.29067,0.202309,4665.658579,132.856167,53.336918
"BO, multi-output + constraints",gp_multi,9,46,True,,2.4227471868988886,0.069005,7.437898,0.28533,0.200237,2947.047332,120.777692,50.090996
"BO, multi-output + constraints",gp_multi,9,47,True,,1.2531854352706957,0.069727,1.383248,0.419925,0.203946,2022.165294,118.33245,49.817324
"BO, multi-output + constraints",gp_multi,9,48,True,,1.1092389179985576,0.065051,1.089222,0.309106,0.295898,3552.923285,117.764119,101.481578
"BO, multi-output + constraints",gp_multi,9,49,False,blowup,,0.003757,1.444365,0.281142,0.308832,1361.759973,101.3349,130.553307
"BO, multi-output + constraints",gp_multi,9,50,True,,1.4649286979407563,0.063417,2.470143,0.395691,0.201248,1327.170496,104.338337,110.122732
"BO, multi-output + constraints",gp_multi,9,51,True,,0.7641502376497586,0.094729,2.10646,0.314963,0.396466,2740.340919,136.213532,52.537087
"BO, multi-output + constraints",gp_multi,9,52,True,,1.0411888930754123,0.081747,1.912829,0.289255,0.295184,1015.890245,112.23986,80.592043
"BO, multi-output + constraints",gp_multi,9,53,True,,1.621530001055615,0.068831,1.029051,0.386821,0.208926,5881.775915,111.313313,84.092432
"BO, multi-output + constraints",gp_multi,9,54,True,,0.9127996888473128,0.068338,3.779313,0.281314,0.397643,5020.072186,133.910309,127.917531
"BO, multi-output + constraints",gp_multi,9,55,True,,0.5167929943117041,0.070093,2.769306,0.332722,0.293446,3680.547362,152.831383,14.079788
"BO, multi-output + constraints",gp_multi,9,56,True,,2.7767547692674683,0.063702,5.396494,0.436913,0.200528,821.471929,106.84608,106.395611
"BO, multi-output + constraints",gp_multi,9,57,True,,0.5407897822852011,0.070819,3.074509,0.31775,0.339747,5919.892025,117.686431,71.006268
"BO, multi-output + constraints",gp_multi,9,58,True,,6.639362788994204,0.066014,6.604095,0.352283,0.359964,5751.584465,157.096456,143.682536
"BO, multi-output + constraints",gp_multi,9,59,False,blowup,,0.003901,2.220037,0.281403,0.387289,1942.977164,127.612558,117.792135
"BO, multi-output + constraints",gp_multi,9,60,True,,3.3498864016223577,0.077222,1.442755,0.34512,0.367117,1519.956936,116.57012,40.457428
"BO, multi-output + constraints",gp_multi,9,61,True,,1.8507008644157192,0.087323,7.074475,0.288964,0.384684,5181.391344,119.636811,132.529307
"BO, multi-output + constraints",gp_multi,9,62,True,,2.1445509346727643,0.09808,5.692363,0.385586,0.364894,487.82202,119.602555,102.358455
"BO, multi-output + constraints",gp_multi,9,63,True,,1.3085475540400842,0.10267,5.053681,0.321662,0.206756,5843.791713,120.448988,86.331627
"BO, multi-output + constraints",gp_multi,9,64,True,,1.527777755893773,0.088793,1.00195,0.299005,0.207224,1956.874331,117.617256,149.099296
"BO, multi-output + constraints",gp_multi,9,65,True,,1.6320822865420135,0.101927,1.031165,0.283952,0.221391,5972.467629,134.723376,59.450806
"BO, multi-output + constraints",gp_multi,9,66,True,,1.3592229589726397,0.100321,7.478644,0.281487,0.333184,5372.083398,138.666708,83.13516
"BO, multi-output + constraints",gp_multi,9,67,True,,2.0164645373618812,0.068251,6.855892,0.317492,0.374809,3839.732566,173.625962,97.555559
"BO, multi-output + constraints",gp_multi,9,68,False,blowup,,0.032099,7.41424,0.448477,0.201594,4410.053683,142.582202,114.108704
"BO, multi-output + constraints",gp_multi,9,69,True,,1.8602716933100352,0.062141,7.155294,0.437596,0.210692,5947.22836,150.976327,77.279419
"BO, multi-output + constraints",gp_multi,9,70,False,blowup,,0.004753,1.931942,0.342284,0.211322,547.129721,117.022436,136.543228
"BO, multi-output + constraints",gp_multi,9,71,True,,2.935647089535555,0.084554,6.965314,0.334451,0.285937,5937.013159,163.987102,19.386503
"BO, multi-output + constraints",gp_multi,9,72,False,blowup,,0.040123,2.892418,0.321076,0.203288,452.14872,125.502557,79.178429
"BO, multi-output + constraints",gp_multi,9,73,True,,1.5004124115265984,0.069385,2.730968,0.399073,0.294854,1567.834288,158.814615,18.588951
"BO, multi-output + constraints",gp_multi,9,74,True,,1.434068141143658,0.070387,3.697303,0.442568,0.202882,4176.705539,121.867121,117.156398
"BO, multi-output + constraints",gp_multi,9,75,True,,0.29129301232363614,0.068928,2.233909,0.379164,0.204137,3668.069154,119.39873,148.125612
"BO, multi-output + constraints",gp_multi,9,76,True,,1.3192811520325678,0.075424,3.297205,0.280988,0.398212,452.608465,121.869657,8.778429
"BO, multi-output + constraints",gp_multi,9,77,True,,1.2638232898076358,0.070183,1.106059,0.285944,0.37389,5847.950109,112.652795,79.024184
"BO, multi-output + constraints",gp_multi,9,78,True,,2.3851099130074287,0.068707,7.914134,0.355601,0.38293,2214.467157,93.67405,134.105136
"BO, multi-output + constraints",gp_multi,9,79,False,blowup,,0.006683,1.70968,0.334631,0.202587,586.499511,110.899886,63.049057
"BO, multi-output + constraints",gp_multi,9,80,False,blowup,,0.008321,3.819884,0.294502,0.200647,473.724316,128.3652,96.460249
"BO, multi-output + constraints",gp_multi,9,81,True,,3.109091322259215,0.067176,6.108964,0.315017,0.208648,1006.578665,121.114926,142.808958
"BO, multi-output + constraints",gp_multi,9,82,True,,7.940057871782151,0.066333,7.158682,0.410587,0.335955,564.775978,129.526623,148.944381
"BO, multi-output + constraints",gp_multi,9,83,True,,0.873350390879849,0.075296,2.502326,0.331589,0.240083,2893.485291,119.842439,89.113305
"BO, multi-output + constraints",gp_multi,9,84,False,blowup,,0.00451,1.990877,0.40163,0.252767,824.68631,133.250991,94.173788
"BO, multi-output + constraints",gp_multi,9,85,True,,0.9642572924130868,0.1078,2.426143,0.353531,0.306791,1924.446602,121.29623,73.037905
"BO, multi-output + constraints",gp_multi,9,86,True,,0.6902890838398401,0.098123,2.84585,0.417981,0.261611,1321.857842,127.937912,92.339049
"BO, multi-output + constraints",gp_multi,9,87,True,,1.2271479974500508,0.104207,2.739296,0.282,0.206726,2382.165152,126.015841,14.994827
"BO, multi-output + constraints",gp_multi,9,88,True,,1.6892481600055629,0.095382,2.461276,0.336087,0.399865,588.226382,164.686075,113.946703
"BO, multi-output + constraints",gp_multi,9,89,True,,2.0824306624668822,0.07263,7.696851,0.330252,0.387663,5153.380959,147.251371,82.155191
"BO, multi-output + constraints",gp_multi,9,90,True,,0.3744642189881432,0.060806,2.471756,0.318765,0.311939,5562.950248,122.909308,111.905609
"BO, multi-output + constraints",gp_multi,9,91,True,,1.2185538668867635,0.068863,5.286234,0.292847,0.396783,5805.411508,143.488615,59.045477
"BO, multi-output + constraints",gp_multi,9,92,True,,2.147008523921645,0.069568,7.779562,0.435941,0.289151,898.77782,149.29348,106.340256
"BO, multi-output + constraints",gp_multi,9,93,True,,2.0063132226017175,0.073183,7.969499,0.340883,0.20203,5628.076578,135.273458,120.584125
"BO, multi-output + constraints",gp_multi,9,94,True,,0.7476856348476255,0.068868,4.403494,0.282145,0.315719,4880.230015,150.746059,57.92428
"BO, multi-output + constraints",gp_multi,9,95,True,,0.581785030643687,0.072893,4.186534,0.280523,0.22516,4741.240631,124.008964,143.948716
"BO, multi-output + constraints",gp_multi,9,96,True,,0.68242131790874,0.065845,2.000143,0.398727,0.20208,3590.767951,142.202557,32.359844
"BO, multi-output + constraints",gp_multi,9,97,True,,0.3720730212796422,0.065347,2.577624,0.336268,0.280513,1685.208454,129.783685,56.195544
"BO, multi-output + constraints",gp_multi,9,98,True,,1.1024499519371034,0.062049,1.864519,0.385782,0.202658,5823.20229,132.280674,108.880591
"BO, multi-output + constraints",gp_multi,9,99,True,,1.1496223546943714,0.06954,4.58596,0.358398,0.328055,2138.25208,121.056445,135.260811
"BO, multi-output + constraints",gp_multi,9,100,True,,0.8131953328889194,0.097141,3.400451,0.419635,0.239124,1963.888674,143.018107,52.671688
"BO, multi-output + constraints",gp_multi,9,101,True,,1.195996660768514,0.099311,3.838963,0.317218,0.200491,5926.389513,142.995302,45.942684
"BO, multi-output + constraints",gp_multi,9,102,True,,3.81175758991929,0.093221,4.464439,0.354427,0.374655,3455.824068,122.359607,109.349384
"BO, multi-output + constraints",gp_multi,9,103,False,blowup,,0.008801,2.903951,0.34142,0.202035,1325.107929,137.470514,115.244846
"BO, multi-output + constraints",gp_multi,9,104,True,,0.7956128656680349,0.079324,2.219636,0.344093,0.23015,4417.432078,120.228871,37.233566
"BO, multi-output + constraints",gp_multi,9,105,False,blowup,,0.047191,2.431952,0.321551,0.327033,1918.742074,131.317863,49.602858
"BO, multi-output + constraints",gp_multi,9,106,True,,0.704292310699407,0.079908,4.011711,0.282587,0.315516,1456.422622,153.897091,25.961778
"BO, multi-output + constraints",gp_multi,9,107,True,,0.46615001615253354,0.080969,3.290812,0.282302,0.35757,2000.378938,128.022504,56.011341
"BO, multi-output + constraints",gp_multi,9,108,True,,2.7383721846683726,0.07232,3.696177,0.316072,0.397144,5364.884783,130.11102,120.189059
"BO, multi-output + constraints",gp_multi,9,109,False,blowup,,0.009759,3.446299,0.281147,0.276392,727.984481,167.042564,144.369264
"BO, multi-output + constraints",gp_multi,9,110,True,,0.73788585399423,0.996944,1.564447,0.392877,0.202483,855.462104,128.326725,144.132358
"BO, multi-output + constraints",gp_multi,9,111,True,,1.9039888804266445,0.049899,1.351705,0.38613,0.253948,1819.618307,93.64766,132.173348
"BO, multi-output + constraints",gp_multi,9,112,True,,0.6749191339587796,0.050408,2.520608,0.311587,0.316259,2430.564927,171.126604,9.657691
"BO, multi-output + constraints",gp_multi,9,113,True,,1.013432791514888,0.048259,3.233569,0.333323,0.281237,5503.955076,163.034239,34.875657
"BO, multi-output + constraints",gp_multi,9,114,True,,1.1088751570041089,0.047883,4.437737,0.297425,0.201486,3612.291896,118.163982,147.488405
"BO, multi-output + constraints",gp_multi,9,115,True,,0.8647732959542191,0.051412,1.505188,0.299083,0.366223,5436.415541,137.108923,106.352738
"BO, multi-output + constraints",gp_multi,9,116,False,blowup,,0.002597,3.586361,0.373019,0.294615,1323.823943,131.782479,149.225322
"BO, multi-output + constraints",gp_multi,9,117,True,,0.7237995895514028,0.047898,2.495063,0.281312,0.301546,1526.984033,131.234726,59.472012
"BO, multi-output + constraints",gp_multi,9,118,True,,0.8081834094980334,0.048084,4.681314,0.294887,0.371571,3532.797987,130.002294,135.036787
"BO, multi-output + constraints",gp_multi,9,119,True,,0.30094878790183915,0.048166,3.057912,0.336719,0.317937,1690.093975,117.320339,122.524795
"BO, multi-output + constraints",gp_multi,9,120,True,,2.1192299505067393,0.049476,7.855803,0.370037,0.276831,5791.945897,136.241245,148.563847
"BO, multi-output + constraints",gp_multi,9,121,True,,0.41329229479624585,0.048339,2.425312,0.335992,0.335388,771.869656,152.195531,13.223911
"BO, multi-output + constraints",gp_multi,9,122,True,,0.42946923299484613,0.048469,3.025978,0.281984,0.287784,2335.58386,124.625364,98.700755
"BO, multi-output + constraints",gp_multi,9,123,True,,0.6891341288777791,0.047873,4.302011,0.282057,0.207184,3719.905743,134.375454,67.238995
"BO, multi-output + constraints",gp_multi,9,124,True,,1.2915440696587273,0.051211,6.682754,0.334127,0.389785,4757.688405,100.854587,105.742809
"BO, multi-output + constraints",gp_multi,9,125,True,,4.63525879443541,0.049478,3.72816,0.425291,0.26977,3706.496229,143.376037,80.788818
"BO, multi-output + constraints",gp_multi,9,126,True,,0.8800887041493718,0.049414,1.829972,0.358695,0.202404,5867.95301,117.180201,122.317332
"BO, multi-output + constraints",gp_multi,9,127,True,,0.8265866107690472,0.046465,1.830477,0.414767,0.202935,587.841212,128.768109,121.424768
"BO, multi-output + constraints",gp_multi,9,128,True,,0.886544941077792,0.049724,2.049905,0.374364,0.246374,3226.28317,124.3649,63.239516
"BO, multi-output + constraints",gp_multi,9,129,True,,1.3996998658881488,0.044736,4.718886,0.37316,0.292166,2350.474985,135.999883,57.852086
"BO, multi-output + constraints",gp_multi,9,130,True,,1.8023300908343105,0.044714,7.381015,0.320172,0.27085,5929.55876,142.668454,149.158203
"BO, multi-output + constraints",gp_multi,9,131,False,blowup,,0.030033,2.757272,0.336003,0.232382,1643.244796,174.722026,6.087188
"BO, multi-output + constraints",gp_multi,9,132,True,,1.5024249588318452,0.044827,3.370311,0.412074,0.28006,657.875289,127.081157,81.908347
"BO, multi-output + constraints",gp_multi,9,133,True,,0.8745855339838451,0.047529,2.255207,0.371603,0.241612,1030.060495,119.685067,109.028293
"BO, multi-output + constraints",gp_multi,9,134,True,,0.42553284253433993,0.046192,2.311833,0.371426,0.264568,1301.426078,154.555418,17.260308
"BO, multi-output + constraints",gp_multi,9,135,True,,0.5451296121545072,0.045932,3.054033,0.299231,0.209377,2231.891211,127.237927,93.574458
"BO, multi-output + constraints",gp_multi,9,136,True,,0.7460986921238674,0.045739,4.107816,0.340859,0.296169,3711.770123,132.113574,37.247665
"BO, multi-output + constraints",gp_multi,9,137,True,,3.1874543382935525,0.045435,7.984972,0.349704,0.276398,3673.20908,157.150638,54.984197
"BO, multi-output + constraints",gp_multi,9,138,True,,3.3371527277484696,0.048714,6.190562,0.372735,0.39937,1685.703193,146.141194,149.55589
"BO, multi-output + constraints",gp_multi,9,139,False,blowup,,0.005858,2.15968,0.335983,0.2019,1181.943232,121.138561,81.773803
"BO, multi-output + constraints",gp_multi,9,140,True,,1.4739170842996432,0.04854,3.456159,0.363153,0.379869,812.363917,149.031209,69.528288
"BO, multi-output + constraints",gp_multi,9,141,False,blowup,,0.002928,7.84637,0.281431,0.397608,5417.649888,166.382877,138.962505
"BO, multi-output + constraints",gp_multi,9,142,False,blowup,,0.008302,4.534332,0.30762,0.200404,3039.286582,127.121238,85.922938
"BO, multi-output + constraints",gp_multi,9,143,True,,0.4707113557470156,0.045647,2.900035,0.394714,0.200073,5380.618651,128.7954,59.573147
"BO, multi-output + constraints",gp_multi,9,144,True,,1.0470034226347744,0.046665,1.512479,0.349539,0.204669,735.510275,123.028,100.335081
"BO, multi-output + constraints",gp_multi,9,145,True,,0.8629793301860287,0.048728,5.204294,0.280895,0.317938,5895.056666,138.272072,37.319338
"BO, multi-output + constraints",gp_multi,9,146,True,,2.748511331234601,0.044815,2.661701,0.402508,0.302674,1501.180947,172.206438,56.097448
"BO, multi-output + constraints",gp_multi,9,147,True,,0.5609044981263276,0.047415,2.80524,0.282193,0.221802,5000.477031,159.53012,26.145953
"BO, multi-output + constraints",gp_multi,9,148,True,,1.2086578212990637,0.048779,5.589856,0.329162,0.384659,5557.860197,133.951654,129.396431
"BO, multi-output + constraints",gp_multi,9,149,True,,0.7136245277881454,0.04961,2.781141,0.285132,0.394841,3449.457501,128.211682,134.299774
"BO, multi-output + constraints",gp_multi,9,150,True,,3.310177663862865,0.047766,6.921081,0.432524,0.232843,4825.48233,115.518448,139.398164
"BO, multi-output + constraints",gp_multi,10,1,False,blowup,,0.004126,7.692012,0.315306,0.365689,1235.979889,128.716439,24.708343
"BO, multi-output + constraints",gp_multi,10,2,False,blowup,,0.003913,5.241055,0.33674,0.33573,1264.780395,103.728674,131.134666
"BO, multi-output + constraints",gp_multi,10,3,True,,0.7987807781142119,0.066238,1.957524,0.322317,0.276565,4034.842717,159.568557,117.524632
"BO, multi-output + constraints",gp_multi,10,4,True,,5.450546662568571,0.065297,6.90076,0.415266,0.291368,4536.55578,134.953224,70.356657
"BO, multi-output + constraints",gp_multi,10,5,False,blowup,,0.02783,2.797977,0.422099,0.28731,678.572461,156.356277,41.758043
"BO, multi-output + constraints",gp_multi,10,6,False,blowup,,0.004404,7.740105,0.328321,0.291279,3832.5426,172.702588,143.246868
"BO, multi-output + constraints",gp_multi,10,7,True,,3.7003259880208663,0.077546,7.715388,0.353939,0.236632,4805.595641,169.780544,79.864235
"BO, multi-output + constraints",gp_multi,10,8,False,blowup,,0.045507,4.423935,0.427942,0.2779,546.729116,88.943628,73.694181
"BO, multi-output + constraints",gp_multi,10,9,True,,2.8430536501357278,0.073494,6.450635,0.311282,0.241242,5478.575967,90.935985,58.970042
"BO, multi-output + constraints",gp_multi,10,10,True,,2.4870870638545477,0.075664,4.501249,0.35726,0.243758,3487.787032,109.904158,102.032961
"BO, multi-output + constraints",gp_multi,10,11,True,,2.476598433623172,0.07911,7.373448,0.285307,0.398897,3211.223462,113.205336,20.780491
"BO, multi-output + constraints",gp_multi,10,12,True,,1.5378441907637646,0.07704,3.165483,0.374044,0.294322,1338.561864,83.512754,96.633007
"BO, multi-output + constraints",gp_multi,10,13,False,blowup,,0.00415,1.080034,0.296731,0.253846,1374.560114,125.571766,121.828599
"BO, multi-output + constraints",gp_multi,10,14,True,,1.1946265338171294,0.073964,1.098558,0.296611,0.305707,2526.366614,140.783454,13.40019
"BO, multi-output + constraints",gp_multi,10,15,True,,1.043543221648699,0.076662,1.505338,0.28186,0.316116,3884.083086,143.966683,116.152631
"BO, multi-output + constraints",gp_multi,10,16,False,blowup,,0.003864,2.657691,0.37649,0.391434,1945.519299,93.894998,40.10765
"BO, multi-output + constraints",gp_multi,10,17,True,,1.1515613240743634,0.066639,2.551884,0.377359,0.20013,2292.709276,165.047755,44.216049
"BO, multi-output + constraints",gp_multi,10,18,True,,1.4888180095905656,0.06701,2.582915,0.310395,0.209266,1746.713686,93.04537,108.527191
"BO, multi-output + constraints",gp_multi,10,19,True,,1.5183185123198422,0.088702,4.134863,0.311808,0.314843,540.748048,157.643341,118.363778
"BO, multi-output + constraints",gp_multi,10,20,True,,2.1749069573726465,0.099728,1.156538,0.335538,0.366647,5793.579751,149.927856,146.685368
"BO, multi-output + constraints",gp_multi,10,21,False,blowup,,0.005195,3.390069,0.359558,0.35554,3040.399351,113.79029,63.217176
"BO, multi-output + constraints",gp_multi,10,22,True,,1.6706557222079876,0.102711,6.060027,0.281149,0.226745,4490.166217,156.263621,22.56942
"BO, multi-output + constraints",gp_multi,10,23,True,,3.69212011900373,0.093231,3.975587,0.367272,0.382611,4452.603716,130.425211,49.346715
"BO, multi-output + constraints",gp_multi,10,24,True,,1.4457385011505324,0.072609,4.129861,0.337465,0.330212,3919.825443,99.922376,142.093079
"BO, multi-output + constraints",gp_multi,10,25,True,,0.5515583239244761,0.067159,3.14702,0.296007,0.254877,4554.716686,124.424795,148.496603
"BO, multi-output + constraints",gp_multi,10,26,True,,1.8398769359490936,0.084257,6.461085,0.309145,0.396288,4381.204311,138.63056,109.107065
"BO, multi-output + constraints",gp_multi,10,27,True,,2.0526013453590344,0.067873,2.659378,0.374329,0.28414,2582.072855,136.082441,144.429391
"BO, multi-output + constraints",gp_multi,10,28,False,blowup,,0.00707,4.149246,0.443142,0.212669,2401.906528,119.98823,95.698277
"BO, multi-output + constraints",gp_multi,10,29,True,,1.9742130639769262,0.065136,5.063047,0.429439,0.259221,2878.173842,154.508197,78.270722
"BO, multi-output + constraints",gp_multi,10,30,False,blowup,,0.023582,1.272803,0.432707,0.240636,968.359315,170.573617,40.175173
"BO, multi-output + constraints",gp_multi,10,31,True,,3.2463944987170636,0.063699,7.416705,0.44175,0.232974,1342.647441,143.519504,71.045608
"BO, multi-output + constraints",gp_multi,10,32,True,,0.8848624204112214,0.093022,4.108484,0.281095,0.200941,3538.719688,141.929097,149.00931
"BO, multi-output + constraints",gp_multi,10,33,True,,0.6353324194489345,0.100698,4.006021,0.284748,0.372405,1948.010379,132.64171,83.610539
"BO, multi-output + constraints",gp_multi,10,34,True,,1.8330225389315074,0.097504,2.653055,0.347051,0.390324,2042.359184,152.908255,23.101752
"BO, multi-output + constraints",gp_multi,10,35,True,,1.0153732939983804,0.092774,2.689406,0.34276,0.328176,2165.752303,166.139495,42.102209
"BO, multi-output + constraints",gp_multi,10,36,True,,0.8266557880854611,0.084844,5.343662,0.286577,0.337402,2895.869172,123.837814,120.534573
"BO, multi-output + constraints",gp_multi,10,37,True,,1.204591119337623,0.066826,6.046596,0.286595,0.310844,3690.439155,133.781536,123.267765
"BO, multi-output + constraints",gp_multi,10,38,False,blowup,,0.003673,5.438497,0.44646,0.396965,5110.57503,131.975764,6.913094
"BO, multi-output + constraints",gp_multi,10,39,True,,10.512198538280458,0.066618,5.487237,0.440511,0.394369,2590.795767,126.770959,95.226819
"BO, multi-output + constraints",gp_multi,10,40,True,,1.0257205451354556,0.065095,3.571364,0.418244,0.226113,2646.273137,133.264129,113.885165
"BO, multi-output + constraints",gp_multi,10,41,True,,4.022336187396762,0.067561,2.351632,0.40025,0.212907,446.698196,174.118944,28.409339
"BO, multi-output + constraints",gp_multi,10,42,True,,1.1228472685144244,0.066095,1.140068,0.336075,0.232546,4578.36743,115.782714,146.132371
"BO, multi-output + constraints",gp_multi,10,43,True,,17.52805171105896,0.068511,4.527787,0.449912,0.280165,1476.398385,133.953361,111.409814
"BO, multi-output + constraints",gp_multi,10,44,True,,0.7437603733549112,0.068023,3.184675,0.317757,0.232052,2328.384664,131.48204,23.717858
"BO, multi-output + constraints",gp_multi,10,45,False,blowup,,0.003706,1.357431,0.281395,0.371719,659.044748,105.96608,40.285472
"BO, multi-output + constraints",gp_multi,10,46,False,blowup,,0.003717,3.855604,0.281697,0.224871,1572.581999,108.183632,29.06217
"BO, multi-output + constraints",gp_multi,10,47,False,blowup,,0.008852,2.254595,0.288141,0.352274,955.351042,89.204166,5.110503
"BO, multi-output + constraints",gp_multi,10,48,False,blowup,,0.00344,3.66083,0.325149,0.383538,1395.440664,146.493999,149.910498
"BO, multi-output + constraints",gp_multi,10,49,False,blowup,,0.004208,3.486842,0.286633,0.246084,995.897419,134.629168,32.589173
"BO, multi-output + constraints",gp_multi,10,50,False,blowup,,0.003454,6.324617,0.421661,0.330137,668.759353,168.374381,115.897819
"BO, multi-output + constraints",gp_multi,10,51,False,blowup,,0.003377,4.253322,0.410181,0.350794,1944.29516,137.745679,108.618283
"BO, multi-output + constraints",gp_multi,10,52,False,blowup,,0.003778,3.241263,0.336954,0.32539,989.623888,101.368958,89.699835
"BO, multi-output + constraints",gp_multi,10,53,False,blowup,,0.003769,3.849371,0.290144,0.322688,2082.531601,130.71475,78.781303
"BO, multi-output + constraints",gp_multi,10,54,False,blowup,,0.003477,6.286446,0.42926,0.216202,1993.113585,122.433032,126.251555
"BO, multi-output + constraints",gp_multi,10,55,False,blowup,,0.007477,7.980337,0.430873,0.279846,2383.913745,134.712621,62.872201
"BO, multi-output + constraints",gp_multi,10,56,False,blowup,,0.007127,3.145831,0.289331,0.242218,2071.644726,98.699942,41.48133
"BO, multi-output + constraints",gp_multi,10,57,True,,1.2820187348634136,0.072397,3.090888,0.288092,0.323002,704.970042,137.626682,124.989051
"BO, multi-output + constraints",gp_multi,10,58,False,blowup,,0.003777,5.147811,0.427343,0.372839,2082.410748,137.23746,143.483678
"BO, multi-output + constraints",gp_multi,10,59,False,blowup,,0.003621,7.808387,0.389455,0.3772,2132.129418,138.339037,105.394161
"BO, multi-output + constraints",gp_multi,10,60,True,,1.8319762641035975,0.065704,5.272196,0.34197,0.375838,3011.422718,121.678289,107.709567
"BO, multi-output + constraints",gp_multi,10,61,False,blowup,,0.004298,3.111949,0.286498,0.380919,3172.36714,169.77339,31.790462
"BO, multi-output + constraints",gp_multi,10,62,False,blowup,,0.003517,3.867717,0.349196,0.282302,1075.272985,143.143493,79.582234
"BO, multi-output + constraints",gp_multi,10,63,False,blowup,,0.056582,3.245552,0.292398,0.252578,2054.690979,127.938701,129.455471
"BO, multi-output + constraints",gp_multi,10,64,True,,0.652629214672224,0.066799,5.506053,0.392478,0.264957,3063.250673,122.551601,121.605325
"BO, multi-output + constraints",gp_multi,10,65,True,,2.5706080982154482,0.061952,1.022511,0.415645,0.210326,2607.526028,130.532399,93.524658
"BO, multi-output + constraints",gp_multi,10,66,False,blowup,,0.039978,3.392451,0.28364,0.224816,2239.700535,104.47965,84.706147
"BO, multi-output + constraints",gp_multi,10,67,False,blowup,,0.0041,1.387598,0.400104,0.365577,1897.022652,137.37388,98.478769
"BO, multi-output + constraints",gp_multi,10,68,False,blowup,,0.003496,5.334469,0.403567,0.328007,4150.66721,132.300225,141.092293
"BO, multi-output + constraints",gp_multi,10,69,True,,0.8003378335464056,0.067681,4.676614,0.288854,0.39573,5080.048135,126.899219,140.013957
"BO, multi-output + constraints",gp_multi,10,70,False,blowup,,0.006939,3.717864,0.288654,0.20033,2587.464413,90.129149,25.272495
"BO, multi-output + constraints",gp_multi,10,71,False,blowup,,0.054895,3.282163,0.321627,0.224243,2117.596304,109.268498,96.950482
"BO, multi-output + constraints",gp_multi,10,72,False,blowup,,0.063411,3.735618,0.286158,0.228586,2877.414612,115.489622,129.430942
"BO, multi-output + constraints",gp_multi,10,73,False,blowup,,0.003683,2.186705,0.395504,0.364655,2475.437058,138.190925,89.079577
"BO, multi-output + constraints",gp_multi,10,74,False,blowup,,0.004277,4.834326,0.28901,0.341218,1717.86541,153.484638,26.594778
"BO, multi-output + constraints",gp_multi,10,75,False,blowup,,0.003838,5.208795,0.391925,0.398011,3327.893793,136.538848,101.657558
"BO, multi-output + constraints",gp_multi,10,76,False,blowup,,0.004696,3.297495,0.444457,0.234947,3118.329257,144.708411,145.146485
"BO, multi-output + constraints",gp_multi,10,77,False,blowup,,0.004121,2.963903,0.369627,0.289714,1907.250443,137.983306,51.019193
"BO, multi-output + constraints",gp_multi,10,78,False,blowup,,0.003286,2.642529,0.387263,0.331796,1244.661189,134.237897,63.402827
"BO, multi-output + constraints",gp_multi,10,79,True,,0.9423584040086013,0.065988,4.039069,0.363224,0.314166,1476.307548,101.197503,137.137201
"BO, multi-output + constraints",gp_multi,10,80,False,blowup,,0.007462,1.593933,0.413308,0.233134,1253.705471,88.776141,132.745558
"BO, multi-output + constraints",gp_multi,10,81,False,blowup,,0.006012,4.756868,0.281786,0.238728,1942.859302,111.172946,57.456655
"BO, multi-output + constraints",gp_multi,10,82,True,,4.89247751104756,0.067729,1.167853,0.385619,0.330732,2265.455409,113.542715,95.138542
"BO, multi-output + constraints",gp_multi,10,83,True,,1.900694843648315,0.079566,1.230398,0.370394,0.2841,1879.42723,125.739616,125.540492
"BO, multi-output + constraints",gp_multi,10,84,True,,0.8424540730486588,0.079688,6.280164,0.330466,0.322134,2722.457846,161.513575,83.590827
"BO, multi-output + constraints",gp_multi,10,85,True,,0.33472160500154047,0.076663,2.45921,0.391499,0.220638,2645.121271,160.442351,14.818869
"BO, multi-output + constraints",gp_multi,10,86,True,,1.1904520433519308,0.076678,3.369936,0.360277,0.234876,2177.369304,115.167893,82.222957
"BO, multi-output + constraints",gp_multi,10,87,False,blowup,,0.01501,4.369473,0.280588,0.240719,1779.15508,107.903664,17.862023
"BO, multi-output + constraints",gp_multi,10,88,True,,1.2540860665131346,0.069706,2.040815,0.36287,0.20177,1780.66981,167.657535,78.948367
"BO, multi-output + constraints",gp_multi,10,89,False,blowup,,0.036559,1.71432,0.357259,0.204841,980.341448,134.275718,56.807518
"BO, multi-output + constraints",gp_multi,10,90,True,,2.9436627659216525,0.094316,1.404627,0.433093,0.215673,2755.238671,125.274274,133.96699
"BO, multi-output + constraints",gp_multi,10,91,True,,6.312097835445179,0.091174,7.550463,0.41101,0.393335,487.851513,143.276032,142.315128
"BO, multi-output + constraints",gp_multi,10,92,False,blowup,,0.003899,2.459803,0.404145,0.226489,587.408499,142.250469,63.207393
"BO, multi-output + constraints",gp_multi,10,93,True,,0.6000963572798823,0.064081,2.705284,0.39986,0.207417,2060.403561,147.471789,32.039906
"BO, multi-output + constraints",gp_multi,10,94,True,,0.7208390671282034,0.072063,4.391668,0.283041,0.322599,2596.553282,142.617352,76.599215
"BO, multi-output + constraints",gp_multi,10,95,False,blowup,,0.004852,7.229285,0.320927,0.393799,3661.037413,141.772075,93.069632
"BO, multi-output + constraints",gp_multi,10,96,False,blowup,,0.005567,5.945666,0.315541,0.398489,1562.915715,151.520733,64.074974
"BO, multi-output + constraints",gp_multi,10,97,True,,2.7783073000928447,0.07404,1.125085,0.420387,0.225034,2466.481657,122.386363,77.993285
"BO, multi-output + constraints",gp_multi,10,98,True,,5.346738951840984,0.090535,3.970459,0.449014,0.22294,5870.710998,90.963634,120.619098
"BO, multi-output + constraints",gp_multi,10,99,True,,0.8065139946528876,0.093235,3.4722,0.280725,0.334897,922.257351,105.771384,115.003599
"BO, multi-output + constraints",gp_multi,10,100,True,,1.2236017712063512,0.096551,1.010264,0.287115,0.378814,1125.196584,116.81654,118.512492
"BO, multi-output + constraints",gp_multi,10,101,False,blowup,,0.014588,2.383303,0.377444,0.200726,1377.730166,139.211317,68.82474
"BO, multi-output + constraints",gp_multi,10,102,False,blowup,,0.005838,3.062077,0.323289,0.354492,1547.578534,134.594752,82.51764
"BO, multi-output + constraints",gp_multi,10,103,True,,1.4290993050933345,0.095933,2.257197,0.401277,0.209453,5049.288116,131.973467,135.9642
"BO, multi-output + constraints",gp_multi,10,104,True,,1.3003343595849057,0.070991,2.10517,0.297131,0.39241,1160.185322,91.407146,90.070344
"BO, multi-output + constraints",gp_multi,10,105,False,blowup,,0.046999,1.275876,0.284003,0.341471,565.926876,156.948365,9.70282
"BO, multi-output + constraints",gp_multi,10,106,True,,2.325122427779109,0.065396,7.540509,0.32635,0.353642,1531.009317,123.591091,65.19083
"BO, multi-output + constraints",gp_multi,10,107,True,,0.34761360084103715,0.086455,1.920308,0.390205,0.221377,1682.269933,159.772835,20.985408
"BO, multi-output + constraints",gp_multi,10,108,True,,0.6260629380337622,0.070312,2.540236,0.318813,0.200508,4064.796883,146.500794,148.653484
"BO, multi-output + constraints",gp_multi,10,109,False,blowup,,0.003803,2.620012,0.306932,0.390819,774.869178,104.998669,139.367139
"BO, multi-output + constraints",gp_multi,10,110,False,blowup,,0.00555,6.989778,0.351299,0.395431,2618.798593,139.901533,82.800332
"BO, multi-output + constraints",gp_multi,10,111,True,,2.294951517407507,0.065194,1.526836,0.408912,0.209037,2956.253085,141.743028,113.707549
"BO, multi-output + constraints",gp_multi,10,112,False,blowup,,0.055224,1.611568,0.378234,0.215014,1577.253516,150.686897,95.967459
"BO, multi-output + constraints",gp_multi,10,113,True,,6.831466849384572,0.06623,6.515119,0.373508,0.360018,3498.425801,166.732036,74.47422
"BO, multi-output + constraints",gp_multi,10,114,True,,0.9077809855886976,0.066096,1.263441,0.347975,0.216982,3201.934891,156.743673,44.862781
"BO, multi-output + constraints",gp_multi,10,115,False,blowup,,0.003613,1.83854,0.284554,0.360472,574.335957,173.744323,36.484085
"BO, multi-output + constraints",gp_multi,10,116,False,blowup,,0.006191,4.954314,0.282466,0.22877,1707.123187,173.482245,126.810441
"BO, multi-output + constraints",gp_multi,10,117,True,,1.3390091474822332,0.064901,1.782746,0.320808,0.331451,5895.263252,174.6018,78.951915
"BO, multi-output + constraints",gp_multi,10,118,True,,0.7369961740749905,0.070953,3.554669,0.288531,0.210499,5397.454211,158.251622,56.438807
"BO, multi-output + constraints",gp_multi,10,119,True,,2.2395657860740013,0.084342,2.977441,0.335557,0.307384,1220.37849,84.479972,32.733925
"BO, multi-output + constraints",gp_multi,10,120,True,,1.4951190161136216,0.086598,1.65691,0.283147,0.202471,5621.803332,154.190446,120.556917
"BO, multi-output + constraints",gp_multi,10,121,True,,1.3959908391931168,0.091485,2.366582,0.369548,0.206087,2397.116229,80.991895,120.901749
"BO, multi-output + constraints",gp_multi,10,122,True,,0.7709016351529568,0.076422,1.621915,0.34783,0.201618,1620.758088,122.905803,38.88728
"BO, multi-output + constraints",gp_multi,10,123,True,,2.942904495311223,0.066464,6.982025,0.32988,0.309178,5666.272842,169.417824,55.676752
"BO, multi-output + constraints",gp_multi,10,124,False,blowup,,0.003683,3.329251,0.281292,0.387969,2026.928889,165.745887,97.091903
"BO, multi-output + constraints",gp_multi,10,125,False,blowup,,0.063853,1.102257,0.341787,0.228703,1553.256351,106.137242,90.893815
"BO, multi-output + constraints",gp_multi,10,126,False,blowup,,0.004573,7.318896,0.421725,0.268891,4053.675371,174.812566,114.092405
"BO, multi-output + constraints",gp_multi,10,127,True,,0.9557486660973324,0.100685,1.370258,0.355839,0.211045,1645.036913,102.678925,60.974359
"BO, multi-output + constraints",gp_multi,10,128,True,,5.152904451746331,0.076059,1.190867,0.449859,0.203861,3775.382736,167.072308,127.105322
"BO, multi-output + constraints",gp_multi,10,129,False,blowup,,0.003948,7.570884,0.374722,0.368609,4054.794319,87.828138,146.912101
"BO, multi-output + constraints",gp_multi,10,130,False,blowup,,0.007228,4.599888,0.40706,0.21023,1671.360591,112.74891,148.930845
"BO, multi-output + constraints",gp_multi,10,131,False,blowup,,0.005422,3.589796,0.295515,0.39464,1158.271876,105.850468,80.447724
"BO, multi-output + constraints",gp_multi,10,132,True,,0.6934881588653354,0.06851,2.687897,0.342201,0.329041,1428.358962,166.18857,16.712479
"BO, multi-output + constraints",gp_multi,10,133,True,,1.477487168553182,0.081428,6.299001,0.292988,0.397595,3229.433714,135.574787,94.668128
"BO, multi-output + constraints",gp_multi,10,134,False,blowup,,0.004584,1.285067,0.365047,0.278576,1636.494253,172.710129,57.313357
"BO, multi-output + constraints",gp_multi,10,135,True,,3.2732617372567687,0.081765,7.793369,0.368784,0.219268,3093.035446,167.84282,96.159456
"BO, multi-output + constraints",gp_multi,10,136,False,blowup,,0.004179,6.450275,0.40219,0.360386,571.887207,96.95175,136.511012
"BO, multi-output + constraints",gp_multi,10,137,True,,1.9351817151205957,0.076495,7.182486,0.394581,0.275917,2893.419253,165.50176,74.396628
"BO, multi-output + constraints",gp_multi,10,138,False,blowup,,0.005318,2.947138,0.330984,0.375673,1591.135022,97.520741,124.543811
"BO, multi-output + constraints",gp_multi,10,139,False,blowup,,0.005107,7.709396,0.37379,0.356376,3085.352296,105.608568,124.135858
"BO, multi-output + constraints",gp_multi,10,140,False,blowup,,0.004846,2.670568,0.311513,0.315411,4328.890813,158.490685,95.676137
"BO, multi-output + constraints",gp_multi,10,141,False,blowup,,0.009555,2.814201,0.307833,0.214976,1530.802185,133.687451,29.250543
"BO, multi-output + constraints",gp_multi,10,142,True,,1.2858077227085636,0.080694,1.405514,0.288985,0.372004,1549.855821,162.441742,99.116005
"BO, multi-output + constraints",gp_multi,10,143,True,,1.342087150386011,0.075204,3.459998,0.38295,0.317853,1450.405554,166.566312,37.4948
"BO, multi-output + constraints",gp_multi,10,144,True,,2.070721356013024,2.469607,1.249844,0.306838,0.394568,1198.240357,122.08368,97.126941
"BO, multi-output + constraints",gp_multi,10,145,False,blowup,,0.002534,2.600465,0.358666,0.328336,984.650337,174.736094,75.679588
"BO, multi-output + constraints",gp_multi,10,146,False,blowup,,0.002743,3.660408,0.321136,0.37332,908.026988,169.342751,52.606669
"BO, multi-output + constraints",gp_multi,10,147,False,blowup,,0.005092,4.533028,0.434713,0.221048,2175.663797,145.442841,28.438889
"BO, multi-output + constraints",gp_multi,10,148,True,,0.4769362701409307,0.048098,2.795171,0.318853,0.365566,1837.108929,162.390905,73.56917
"BO, multi-output + constraints",gp_multi,10,149,False,blowup,,0.004883,6.777471,0.44687,0.200121,1758.044536,116.797437,40.29843
"BO, multi-output + constraints",gp_multi,10,150,False,blowup,,0.002857,7.807248,0.370193,0.355298,2252.30921,155.517761,46.370388
"BO, multi-output + constraints",gp_multi,11,1,False,blowup,,0.013747,6.717155,0.373343,0.396183,1545.252983,132.604384,75.125581
"BO, multi-output + constraints",gp_multi,11,2,True,,3.1196961374783787,0.076403,5.713537,0.314377,0.380286,1616.030242,83.142095,34.111498
"BO, multi-output + constraints",gp_multi,11,3,False,blowup,,0.003715,5.881528,0.337685,0.203375,1295.012687,174.661408,71.658817
"BO, multi-output + constraints",gp_multi,11,4,True,,4.3880375296020935,0.069596,6.921231,0.37994,0.261742,2177.309174,88.477539,30.037092
"BO, multi-output + constraints",gp_multi,11,5,True,,3.7779966029672662,0.072842,1.89042,0.405672,0.239131,746.753317,136.84725,134.884874
"BO, multi-output + constraints",gp_multi,11,6,True,,1.2225528643054728,0.073737,1.65031,0.283054,0.258595,4471.825766,126.852,128.673399
"BO, multi-output + constraints",gp_multi,11,7,True,,6.334865276232464,0.072864,7.848108,0.439971,0.268137,2841.60842,109.860365,113.243793
"BO, multi-output + constraints",gp_multi,11,8,True,,1.3862848535947243,0.073895,5.382911,0.304416,0.288626,4803.194816,164.99629,115.088082
"BO, multi-output + constraints",gp_multi,11,9,False,blowup,,0.004401,7.991617,0.304483,0.248863,2400.430392,85.784237,131.205813
"BO, multi-output + constraints",gp_multi,11,10,False,blowup,,0.015564,1.550688,0.383867,0.246333,616.378024,90.947563,85.51308
"BO, multi-output + constraints",gp_multi,11,11,False,blowup,,0.003919,4.60599,0.440049,0.378668,5691.887513,116.339893,144.096978
"BO, multi-output + constraints",gp_multi,11,12,True,,10.986871984820516,0.07461,5.136619,0.444724,0.347173,3324.549228,163.822092,67.398273
"BO, multi-output + constraints",gp_multi,11,13,False,blowup,,0.00492,4.831001,0.280753,0.389328,2089.332441,142.200358,133.675827
"BO, multi-output + constraints",gp_multi,11,14,True,,0.8195416487556462,0.071349,4.334521,0.286698,0.319617,5038.380804,120.536128,144.459973
"BO, multi-output + constraints",gp_multi,11,15,True,,1.2293685470690394,0.070719,4.840654,0.354493,0.308365,4741.881296,126.763772,125.52304
"BO, multi-output + constraints",gp_multi,11,16,False,blowup,,0.00472,5.104376,0.299871,0.371563,3952.510146,147.835095,89.968225
"BO, multi-output + constraints",gp_multi,11,17,True,,1.1261617566766384,0.067857,4.872535,0.302212,0.325422,2559.140842,145.014949,92.32484
"BO, multi-output + constraints",gp_multi,11,18,True,,2.7042239753984862,0.0677,4.905478,0.445218,0.21049,5891.168082,129.043514,97.221276
"BO, multi-output + constraints",gp_multi,11,19,True,,2.1874720712027584,0.067456,5.90521,0.297371,0.362641,4845.625289,174.772714,15.544038
"BO, multi-output + constraints",gp_multi,11,20,True,,1.4937363587281227,0.071513,4.677686,0.336865,0.330422,2633.439884,106.618883,132.922123
"BO, multi-output + constraints",gp_multi,11,21,True,,2.678545905752566,0.070734,5.057207,0.327029,0.394595,438.138057,169.605871,114.338372
"BO, multi-output + constraints",gp_multi,11,22,False,blowup,,0.006451,2.475732,0.315674,0.205088,1261.292763,157.089426,143.223883
"BO, multi-output + constraints",gp_multi,11,23,True,,1.3821152055998556,0.067502,4.469572,0.309963,0.371938,2956.08951,158.855382,72.943717
"BO, multi-output + constraints",gp_multi,11,24,True,,0.8671198796789644,0.066063,4.673657,0.328897,0.352325,4559.85752,117.420635,100.042372
"BO, multi-output + constraints",gp_multi,11,25,True,,8.02114211286163,0.067823,5.918837,0.425952,0.357276,3505.490328,125.210672,139.754037
"BO, multi-output + constraints",gp_multi,11,26,True,,1.012513448803554,0.073591,1.526852,0.314828,0.394402,3901.019647,127.561279,92.735
"BO, multi-output + constraints",gp_multi,11,27,True,,11.069960715391506,0.082381,7.985116,0.377496,0.38542,5539.452736,135.821419,66.487904
"BO, multi-output + constraints",gp_multi,11,28,True,,1.8668949040682696,0.066818,6.304594,0.284179,0.201803,4642.749229,95.310095,137.522464
"BO, multi-output + constraints",gp_multi,11,29,True,,2.5698442973211915,0.070746,5.335689,0.364164,0.211207,5941.424487,167.05016,70.320263
"BO, multi-output + constraints",gp_multi,11,30,True,,1.112159396647353,0.061756,1.378244,0.347964,0.216471,5310.797828,143.331226,131.027392
"BO, multi-output + constraints",gp_multi,11,31,True,,3.161956186179072,0.066448,7.885023,0.290697,0.203917,497.310135,135.695863,124.245342
"BO, multi-output + constraints",gp_multi,11,32,True,,0.7573376845665544,0.070012,1.59447,0.337245,0.258636,3066.068852,138.289026,147.601725
"BO, multi-output + constraints",gp_multi,11,33,True,,1.8958542129418112,0.067036,1.1733,0.329569,0.352063,2257.712912,99.630616,125.828944
"BO, multi-output + constraints",gp_multi,11,34,True,,1.255758096265432,0.071603,1.035337,0.289904,0.333683,1710.596299,154.707602,48.403842
"BO, multi-output + constraints",gp_multi,11,35,True,,0.6134378722360201,0.067271,2.309328,0.285092,0.389401,2408.121278,119.544474,118.700922
"BO, multi-output + constraints",gp_multi,11,36,True,,1.6112995432180475,0.087164,3.092417,0.379026,0.202965,5465.958443,119.961995,75.935907
"BO, multi-output + constraints",gp_multi,11,37,True,,1.3440107559094152,0.095571,3.86321,0.429479,0.243531,1626.129637,172.665446,33.910867
"BO, multi-output + constraints",gp_multi,11,38,True,,0.9646678491277165,0.097175,4.360665,0.35479,0.258548,5193.639799,158.80418,108.194291
"BO, multi-output + constraints",gp_multi,11,39,True,,1.1143390203216605,0.078028,1.45459,0.283559,0.201411,2660.415136,154.708939,6.682798
"BO, multi-output + constraints",gp_multi,11,40,True,,1.9504857483712748,0.097813,3.15054,0.426161,0.272526,1348.692705,138.54698,18.067129
"BO, multi-output + constraints",gp_multi,11,41,True,,0.7841594305571189,0.0962,2.022809,0.383135,0.235569,1887.671029,134.800977,129.592756
"BO, multi-output + constraints",gp_multi,11,42,True,,1.5452361631735831,0.087956,7.948329,0.280298,0.248463,3938.069973,153.356497,137.659409
"BO, multi-output + constraints",gp_multi,11,43,True,,4.641908915662976,0.067169,7.69473,0.410846,0.293559,4593.721908,171.389131,137.534498
"BO, multi-output + constraints",gp_multi,11,44,True,,1.5112995583108075,0.064872,6.215037,0.298823,0.395093,5285.582435,157.465577,78.403728
"BO, multi-output + constraints",gp_multi,11,45,True,,2.5004712683494574,0.069323,3.814836,0.379378,0.210396,2752.761124,134.911299,115.536178
"BO, multi-output + constraints",gp_multi,11,46,True,,0.8033913973215543,0.066841,3.569294,0.302082,0.217026,5634.539617,155.770078,35.9682
"BO, multi-output + constraints",gp_multi,11,47,True,,1.0953204641166088,0.098704,1.646424,0.327541,0.298841,5860.094735,106.614278,108.641771
"BO, multi-output + constraints",gp_multi,11,48,True,,5.384687737370864,0.067135,1.805698,0.446981,0.243716,3056.402462,102.843763,87.469862
"BO, multi-output + constraints",gp_multi,11,49,True,,1.099943573254716,0.066734,1.55045,0.345588,0.282847,2713.465218,144.722286,33.029617
"BO, multi-output + constraints",gp_multi,11,50,True,,0.7026390456933728,0.081926,2.549932,0.280427,0.394692,5861.35482,130.869669,71.255931
"BO, multi-output + constraints",gp_multi,11,51,True,,0.8676952369621411,0.070612,3.543361,0.280804,0.318273,1590.494034,151.417564,47.381649
"BO, multi-output + constraints",gp_multi,11,52,True,,2.736051136218794,0.086674,5.207533,0.40437,0.23777,4988.627788,163.888049,57.767773
"BO, multi-output + constraints",gp_multi,11,53,True,,1.396094056328616,0.064215,7.570419,0.355629,0.328568,1595.473625,162.697573,86.225668
"BO, multi-output + constraints",gp_multi,11,54,True,,1.16045047780164,0.069594,5.075448,0.281719,0.391466,1477.898533,148.203029,143.607319
"BO, multi-output + constraints",gp_multi,11,55,True,,0.5064707472935702,0.079035,2.429568,0.292025,0.201778,5862.920083,116.232242,114.412229
"BO, multi-output + constraints",gp_multi,11,56,True,,0.6298448307684232,0.065283,3.783606,0.344704,0.297643,1694.675895,119.861934,101.427509
"BO, multi-output + constraints",gp_multi,11,57,True,,1.9122725954638846,0.07059,1.043009,0.413436,0.206357,2272.749427,99.487604,113.416962
"BO, multi-output + constraints",gp_multi,11,58,True,,0.6497706524637945,0.103748,1.828818,0.285772,0.384203,3159.801932,118.081573,71.906006
"BO, multi-output + constraints",gp_multi,11,59,True,,1.6867436543534189,0.08397,7.667103,0.332331,0.345846,5384.808443,167.041182,90.518974
"BO, multi-output + constraints",gp_multi,11,60,True,,0.6876347886773646,0.068599,3.158991,0.292699,0.281751,5901.123539,131.73494,133.401905
"BO, multi-output + constraints",gp_multi,11,61,True,,1.2072967265525434,0.069534,1.823149,0.437448,0.202304,1381.171698,94.371249,62.790833
"BO, multi-output + constraints",gp_multi,11,62,True,,0.6646332872998242,0.06163,2.404811,0.282031,0.232126,1427.92582,124.089669,135.60925
"BO, multi-output + constraints",gp_multi,11,63,True,,0.5692601355623802,0.065511,2.088682,0.319815,0.294335,5625.571809,163.886697,33.388886
"BO, multi-output + constraints",gp_multi,11,64,False,blowup,,0.003602,7.967384,0.446445,0.314788,575.10832,171.712377,81.905616
"BO, multi-output + constraints",gp_multi,11,65,True,,0.8760540948875007,0.074127,2.674985,0.332397,0.241687,5644.654859,124.751884,133.581597
"BO, multi-output + constraints",gp_multi,11,66,False,blowup,,0.005078,5.977721,0.447115,0.319699,644.442875,154.179094,137.250425
"BO, multi-output + constraints",gp_multi,11,67,True,,0.27148976388065804,0.099008,2.357228,0.361539,0.266693,1449.340358,137.670085,35.431942
"BO, multi-output + constraints",gp_multi,11,68,True,,1.0595201694569576,0.094648,1.6656,0.337899,0.210747,5709.044353,116.121727,79.189204
"BO, multi-output + constraints",gp_multi,11,69,False,blowup,,0.005129,6.519079,0.448947,0.317392,609.738841,151.802405,123.731884
"BO, multi-output + constraints",gp_multi,11,70,False,blowup,,0.043452,5.275971,0.43705,0.315695,1329.845004,146.79792,118.575882
"BO, multi-output + constraints",gp_multi,11,71,False,blowup,,0.040836,6.659474,0.449151,0.312299,952.75676,143.341533,127.070001
"BO, multi-output + constraints",gp_multi,11,72,True,,0.35833712877096185,0.093558,2.402714,0.342979,0.275286,3247.105174,129.712465,93.929516
"BO, multi-output + constraints",gp_multi,11,73,True,,1.2145836522149598,0.074457,1.062622,0.329307,0.209939,1555.760926,115.739983,59.632322
"BO, multi-output + constraints",gp_multi,11,74,True,,1.4437998241671037,0.086816,3.249633,0.407503,0.256357,1500.741173,133.578975,148.033939
"BO, multi-output + constraints",gp_multi,11,75,True,,3.0174665802458076,0.092862,7.966733,0.321381,0.386442,2922.382255,151.473398,103.957675
"BO, multi-output + constraints",gp_multi,11,76,False,blowup,,0.048914,7.117313,0.424192,0.301841,1086.894478,150.578639,85.717392
"BO, multi-output + constraints",gp_multi,11,77,True,,1.5398957914107199,0.068918,7.197778,0.282982,0.251722,5968.965659,127.86594,145.564433
"BO, multi-output + constraints",gp_multi,11,78,True,,0.6584025083110202,0.068193,3.266208,0.28332,0.250608,5816.023199,161.512484,31.983738
"BO, multi-output + constraints",gp_multi,11,79,True,,0.7069690480722989,0.068125,4.476983,0.316632,0.394561,1335.68886,135.974965,74.737094
"BO, multi-output + constraints",gp_multi,11,80,False,blowup,,0.024916,1.061267,0.441036,0.203756,823.809282,154.894196,79.938788
"BO, multi-output + constraints",gp_multi,11,81,False,blowup,,0.010925,2.875313,0.306464,0.221727,1416.505537,136.696202,41.713149
"BO, multi-output + constraints",gp_multi,11,82,True,,0.5057879310177926,0.068452,1.863866,0.364503,0.242569,2427.765806,120.938074,73.168132
"BO, multi-output + constraints",gp_multi,11,83,True,,1.0322604696371027,0.067762,3.781007,0.307579,0.370866,5864.578991,153.55447,49.865597
"BO, multi-output + constraints",gp_multi,11,84,True,,3.4399944848980355,0.092194,4.605741,0.334278,0.394308,3816.36759,126.634145,116.531204
"BO, multi-output + constraints",gp_multi,11,85,True,,0.8183695763282984,0.093597,1.825432,0.290688,0.388357,5970.748676,136.348676,124.040878
"BO, multi-output + constraints",gp_multi,11,86,True,,0.3180972735707603,0.07649,2.573818,0.317345,0.355293,2003.988169,129.553784,118.346907
"BO, multi-output + constraints",gp_multi,11,87,True,,0.36419871970480794,0.078264,1.657949,0.373875,0.207129,2820.044145,133.603859,27.199068
"BO, multi-output + constraints",gp_multi,11,88,True,,0.9219059783092541,0.065528,2.692581,0.39189,0.200123,2485.6085,117.359145,53.799407
"BO, multi-output + constraints",gp_multi,11,89,True,,0.5340229294276246,0.067511,3.288998,0.30375,0.391028,1899.381529,124.54016,142.731104
"BO, multi-output + constraints",gp_multi,11,90,True,,1.4227803523882232,0.062836,7.05765,0.442862,0.208486,5979.431091,111.401478,124.804739
"BO, multi-output + constraints",gp_multi,11,91,True,,0.22567762411590572,0.069873,2.877671,0.329718,0.333938,2597.667006,124.843068,86.119484
"BO, multi-output + constraints",gp_multi,11,92,True,,0.4355091168541174,0.063737,2.377285,0.345818,0.274305,3010.02568,122.320716,131.725108
"BO, multi-output + constraints",gp_multi,11,93,True,,0.380002505156982,0.069738,2.359775,0.305071,0.399598,3460.193562,120.953441,99.541425
"BO, multi-output + constraints",gp_multi,11,94,True,,1.272360408045625,0.067321,1.609936,0.446838,0.219139,1379.521231,133.718004,140.112004
"BO, multi-output + constraints",gp_multi,11,95,True,,0.3247516455146853,0.069141,2.558866,0.337785,0.283307,5922.659166,137.899636,59.001944
"BO, multi-output + constraints",gp_multi,11,96,True,,1.0584925477541987,0.064134,4.682832,0.290501,0.20258,5553.02341,167.862259,27.570871
"BO, multi-output + constraints",gp_multi,11,97,True,,2.068546094404193,0.075215,6.2228,0.314197,0.3985,5624.065703,159.541729,68.511178
"BO, multi-output + constraints",gp_multi,11,98,True,,0.7407247744301527,0.079841,2.387582,0.415147,0.204837,2045.339421,135.180719,30.767595
"BO, multi-output + constraints",gp_multi,11,99,True,,1.8245602859756862,0.07766,7.236315,0.310793,0.202238,5463.166889,173.794714,74.589516
"BO, multi-output + constraints",gp_multi,11,100,True,,0.6076346913016629,0.070062,1.540551,0.403998,0.210631,1770.156819,129.711289,29.861589
"BO, multi-output + constraints",gp_multi,11,101,True,,0.43402123188614,0.057438,3.428384,0.348864,0.283328,3570.294081,132.48116,44.729408
"BO, multi-output + constraints",gp_multi,11,102,True,,2.5257779355120675,0.071688,6.561963,0.283663,0.28241,1017.58234,128.947356,108.440796
"BO, multi-output + constraints",gp_multi,11,103,True,,5.653968977924708,0.072019,7.964189,0.35615,0.258473,5217.582481,155.783749,74.675135
"BO, multi-output + constraints",gp_multi,11,104,False,blowup,,0.004301,5.465356,0.435348,0.216727,2271.698679,164.236341,37.882314
"BO, multi-output + constraints",gp_multi,11,105,True,,1.798136304659573,0.046959,2.207773,0.409448,0.207939,4927.921404,130.789746,114.148123
"BO, multi-output + constraints",gp_multi,11,106,True,,0.3655581167031215,0.046156,2.931693,0.299666,0.211055,2845.938604,128.042911,105.763352
"BO, multi-output + constraints",gp_multi,11,107,False,blowup,,0.02466,4.6786,0.449386,0.204553,3010.145307,162.258254,140.626196
"BO, multi-output + constraints",gp_multi,11,108,True,,7.188547992032732,0.046321,7.564086,0.435744,0.312849,1196.640096,174.195734,79.526448
"BO, multi-output + constraints",gp_multi,11,109,True,,1.0600871272875199,0.047157,5.698964,0.280036,0.268758,2892.760521,116.615297,113.092905
"BO, multi-output + constraints",gp_multi,11,110,True,,1.348579682413854,0.046548,7.515615,0.281802,0.320434,4708.857205,169.189566,53.662111
"BO, multi-output + constraints",gp_multi,11,111,True,,9.95711527026857,0.044568,7.373332,0.446337,0.293145,5518.942337,112.40706,82.353427
"BO, multi-output + constraints",gp_multi,11,112,False,blowup,,0.002587,4.129324,0.394041,0.340901,1426.031612,121.403713,90.39145
"BO, multi-output + constraints",gp_multi,11,113,False,blowup,,0.002713,1.889166,0.339276,0.37428,1249.114634,129.121064,109.091519
"BO, multi-output + constraints",gp_multi,11,114,False,blowup,,0.002529,3.159947,0.439128,0.312397,1364.361942,93.582606,109.542111
"BO, multi-output + constraints",gp_multi,11,115,False,blowup,,0.033544,4.568903,0.444362,0.220279,3813.85315,125.600132,141.291753
"BO, multi-output + constraints",gp_multi,11,116,True,,1.503372394605116,0.044751,5.233942,0.447776,0.212834,4257.381104,139.444874,71.753844
"BO, multi-output + constraints",gp_multi,11,117,True,,1.6176979713125361,0.046544,1.276389,0.280357,0.237044,425.08748,153.981221,21.641227
"BO, multi-output + constraints",gp_multi,11,118,False,blowup,,0.00232,7.917477,0.372572,0.393308,3349.834686,154.202527,88.841457
"BO, multi-output + constraints",gp_multi,11,119,True,,2.8821932265803922,0.039935,2.458081,0.348849,0.388698,1426.240662,154.796575,43.998858
"BO, multi-output + constraints",gp_multi,11,120,False,blowup,,0.015089,5.561194,0.285554,0.202388,2341.300655,123.308392,106.412771
"BO, multi-output + constraints",gp_multi,11,121,False,blowup,,0.002292,6.913725,0.347289,0.399553,3282.8275,132.568724,126.668499
"BO, multi-output + constraints",gp_multi,11,122,True,,3.0038076988748803,0.040509,7.967041,0.33622,0.387027,4161.194657,161.585321,69.084432
"BO, multi-output + constraints",gp_multi,11,123,True,,1.5805134008906878,0.039722,1.453509,0.280178,0.368211,799.34179,137.796804,86.295397
"BO, multi-output + constraints",gp_multi,11,124,True,,6.972873787721196,0.038949,7.905277,0.383319,0.372304,3147.502711,118.666974,122.603912
"BO, multi-output + constraints",gp_multi,11,125,False,blowup,,0.002092,2.399181,0.292373,0.377053,1113.187834,166.365781,66.127661
"BO, multi-output + constraints",gp_multi,11,126,True,,0.8681695162897674,0.04161,2.926785,0.320732,0.264941,2050.96058,116.075627,47.910265
"BO, multi-output + constraints",gp_multi,11,127,False,blowup,,0.002453,6.743376,0.449572,0.285057,1242.266395,104.565577,117.109603
"BO, multi-output + constraints",gp_multi,11,128,False,blowup,,0.002216,2.655434,0.300304,0.298741,1171.913147,120.918555,142.256818
"BO, multi-output + constraints",gp_multi,11,129,True,,0.8206698135261239,0.041183,3.764285,0.282056,0.250031,3074.063659,173.024425,96.591357
"BO, multi-output + constraints",gp_multi,11,130,True,,2.725683694300047,0.040222,7.720882,0.327208,0.294881,5920.871742,137.574188,117.712712
"BO, multi-output + constraints",gp_multi,11,131,True,,0.4270801597014721,0.044256,2.088984,0.412211,0.218081,1665.802572,173.809439,24.3708
"BO, multi-output + constraints",gp_multi,11,132,True,,0.8094765480129005,0.04397,1.250166,0.313201,0.292239,5997.623253,128.899039,85.747734
"BO, multi-output + constraints",gp_multi,11,133,True,,1.5427611898676992,0.041568,2.590965,0.394252,0.20415,5172.706836,85.753356,134.670646
"BO, multi-output + constraints",gp_multi,11,134,False,blowup,,0.003375,3.436176,0.439132,0.259534,826.47371,109.337514,109.049099
"BO, multi-output + constraints",gp_multi,11,135,True,,1.691169593130915,0.039978,7.609927,0.283888,0.391608,5716.295137,122.584804,139.23438
"BO, multi-output + constraints",gp_multi,11,136,True,,0.8575987588695352,0.041703,4.449629,0.289103,0.356417,4025.384052,130.271279,80.85452
"BO, multi-output + constraints",gp_multi,11,137,True,,0.4408217526002077,0.04225,3.060835,0.32061,0.381273,4768.158869,138.208775,40.056484
"BO, multi-output + constraints",gp_multi,11,138,False,blowup,,0.003094,4.31567,0.291749,0.202023,2343.510151,126.302997,32.310207
"BO, multi-output + constraints",gp_multi,11,139,False,blowup,,0.004582,4.292253,0.280143,0.204753,2293.646524,111.107707,139.934571
"BO, multi-output + constraints",gp_multi,11,140,True,,1.5820258407741528,0.038719,3.645752,0.40632,0.248099,3033.628904,133.867957,39.465681
"BO, multi-output + constraints",gp_multi,11,141,False,blowup,,0.002441,3.542298,0.309083,0.348755,1662.092731,124.696095,57.081899
"BO, multi-output + constraints",gp_multi,11,142,False,blowup,,0.020906,4.699252,0.321942,0.330911,2064.200741,120.339241,61.034825
"BO, multi-output + constraints",gp_multi,11,143,False,blowup,,0.018429,1.653375,0.34298,0.322554,1769.061479,105.801281,54.156784
"BO, multi-output + constraints",gp_multi,11,144,False,blowup,,0.002372,4.80388,0.282731,0.341212,2340.048815,111.268229,124.932269
"BO, multi-output + constraints",gp_multi,11,145,False,blowup,,0.002309,3.105507,0.291709,0.310107,682.64016,113.736853,141.496647
"BO, multi-output + constraints",gp_multi,11,146,False,blowup,,0.003086,2.721476,0.292721,0.21222,1209.650189,122.137063,94.7833
"BO, multi-output + constraints",gp_multi,11,147,False,blowup,,0.039942,3.375414,0.346819,0.302986,1964.879494,171.600453,8.681974
"BO, multi-output + constraints",gp_multi,11,148,False,blowup,,0.002558,3.378935,0.344343,0.338613,2744.698778,123.502666,62.683236
"BO, multi-output + constraints",gp_multi,11,149,True,,0.7918611976446708,0.039652,2.445701,0.3407,0.206827,1937.542261,122.144585,144.099187
"BO, multi-output + constraints",gp_multi,11,150,True,,1.0440646167680467,0.042061,3.222556,0.32955,0.390828,1183.811642,164.038396,24.611588
